ingredient_id,ingredient_name
1,['Capri Eau de Parfum:'
2,'Alcohol Denat. (SD Alcohol 39C)
3,Parfum (Fragrance) D-Limonene
4,Linalool
5,Benzyl Salicylate
6,Ethylhexyl Methoxycinnamate
7,Butyl Methoxydibenzoylmethane
8,Ethylhexyl Salicylate
9,Benzl Benzoate
10,Citral
11,Geraniol
12,Eugenol
13,Benzyl Alcohol
14,Farnesol
15,Citronellol
16,Isoeugenol.'
17,'Invisible Post Eau de Parfum:'
18,Parfum (Fragrance) Ethylhexyl Methoxycinnamate
19,Benzyl Benzoate
20,Coumarin
21,Limonene
22,Alpha-Isomethyl Ionone
23,Linalool.'
24,'Kashbah Eau de Parfum:'
25,Parfum (Fragrance) Coumarin
26,D-Limonene
27,Cinnamal
28,Citral.'
29,'L’Air Barbes Eau de Parfum:'
30,Parfum (Fragrance) Benzyl Salicylate
31,Linalool Citral
32,Alphaisomethyl Ionone
33,Geraniol Farnesol
34,Isoeugenol
35,Eugenol.'
36,'La Habana Eau de Parfum:'
37,Benzyl Cinnamate
38,Coumarin Limonene
39,'Purple Haze Eau de Parfum:'
40,Parfum (Fragrance) Octoxynol-10
41,'Rainbow Bar Eau de Parfum:'
42,Hexyl Cinnamal
43,Geraniol.']
44,['Alcohol Denat. (SD Alcohol 39C)
45,Linalool.']
46,Hexyl Cinnamal Citronellol
47,Citral.']
48,'
49,'Butyl Methoxydibenzoylmethane
50,'Benzl Benzoate
51,Isoeugenol.']
52,Eugenol.']
53,['Butyrospermum Parkii (Shea Nilotica) Butter
54,Butyrospermum Parkii (Shea) Butter
55,Simmondsia Chinensis (Jojoba) Seed Oil
56,Adansonia Digitata (Baobab) Oil
57,Prunus Amygdalus Dulcis (Sweet Almond) Oil
58,Vitis Vinifera (Grape) Seed Oil
59,Persea gratissima (Avocado) Oil
60,Cocos nucifera (Coconut) oil
61,Vanilla Planifolia (Vanilla) Fruit Extract
62,Honey
63,*Tocopherol (mixed)
64,*Beta-Sitosterol
65,*Squalane.']
66,['Egyptian Lavender + Moroccan Mint:'
67,'Butyrospermum Parkii (Shea Nilotica) Butter
68,Persea Gratissima (Avocado) Oil
69,Lavandula Angustifolia (Lavender) Flower Oil
70,Mentha Piperita (Peppermint) Oil
71,*Tocopherol (Mixed)
72,*Squalane.'
73,'Kenyan Hibiscus + Moroccan Rose:'
74,Cocos Nucifera (Coconut) Oil
75,(Rose Absolute)
76,Hibiscus Sabdariffa (Hibiscus) Seed Oil
77,'Ugandan Vanilla + Ethiopian Honey:'
78,'Nigerian Lemongrass + South African Palmarosa:'
79,Cymbopogon Schoenanthus (Lemongrass) Oil
80,Cymbopogon Martini (Palmarosa) Oil
81,**Squalane.'
82,'Moroccan Blue Tansy + Egyptian Blue Chamomile:'
83,Tanacetum Annum (Tansy) Essential Oil
84,Matricaria Recutita (Blue Chamomile Flower) Oil
85,['Big Sky:'
86,'Water
87,Denatured Ethyl Alcohol
88,Fragrance
89,1-(2
90,2
91,6-Trimethylcyclohexyl)Hexan-3-Ol
92,4-(1-Ethoxyethenyl)-3
93,3
94,5
95,5-Tetramethylcyclohexan-1-One
96,Cedrus Atlantica Wood Oil
97,Dihydro Pentamethylindanone
98,Dipropylene Glycol
99,Ethylene Brassylate
100,Tetramethyl Acetyloctahydronaphthalenes.'
101,'Crescent Beach:'
102,(10z)-1-Oxacycloheptadec-10-En-2-One
103,1-Methyl-4-(4-Methylpent-3-Enyl)Cyclohex-3-Ene-1-Carbaldehyde
104,4-Dimethyl-4
105,4a
106,9b-Tetrahydroindeno[1
107,2-D][1
108,3]Dioxine
109,Cyclamen Aldehyde
110,Dimethylcyclohexylethoxy Isobutylpropanoate
111,Ethyl Linalool
112,Ethylene Dodecanedioate
113,Isobutyl Methyl Tetrahydropyranol
114,Methyldihydrojasmonate
115,Methylenedioxyphenyl Methylpropanal
116,Phenethyl Alcohol.'
117,'Mojave:'
118,(3r
119,3as
120,6s
121,7r
122,8as)-6-Methoxy-3
123,6
124,8
125,8-Tetramethyloctahydro-1h-3a
126,7-Methanoazulene
127,6-Dimethoxy-2
128,5-Trimethylhex-2-Ene
129,Boswellia Carterii Oil
130,Canarium Luzonicum Gum Nonvolatiles
131,Citrus Aurantium Bergamia (Bergamot) Peel Oil
132,Citrus Limon (Lemon) Peel Oil
133,Juniperus Virginiana Wood Oil
134,Piper Nigrum (Pepper) Fruit Oil
135,Tetramethyl Acetyloctahydronaphthalenes Dihydro Pentamethylindanone
136,Linalyl Acetate
137,'Montecito:'
138,Citrus Nobilis (Mandarin Orange) Peel Oil
139,Citrus Paradisi (Grapefruit) Peel Oil
140,'Sequoia:'
141,(3r-(3a
142,3ab
143,7b
144,8aa))-1-(2
145,4
146,7
147,8a-Hexahydro-3
148,8-Tetramethyl-1h-3a
149,7-Methanoazulen-5-Yl)Ethan-1-One
150,(4e)-3-Methyl-5-(2
151,3-Trimethylcyclopent-3-En-1-Yl)Pent-4-En-2-Ol
152,(Ethoxymethoxy)Cyclododecane
153,Methoxytrimethylheptanol
154,Tetramethyl Acetyloctahydronaphthalenes
155,Trimethylcyclopentenyl Dimethylisopentenol.'
156,'The Cape:'
157,6-Dimethyl-7-Octen-2-Ol
158,2-T-Butylcyclohexyl Acetate
159,Butylphenyl Methylpropional
160,Citrus Aurantium Dulcis (Orange) Peel Oil
161,Pentadecalactone
162,Vetiveria Zizanoides Root Oil.']
163,['Water
164,Denatured ethyl alcohol
165,(10z)-1-oxacycloheptadec-10-en-2-one
166,1-methyl-4-(4-methylpent-3-enyl)cyclohex-3-ene-1-carbaldehyde
167,4-dimethyl-4
168,9b-tetrahydroindeno[1
169,2-d][1
170,3]dioxine
171,Alpha-isomethyl ionone
172,Cyclamen aldehyde
173,Dihydro pentamethylindanone
174,Dimethylcyclohexylethoxy isobutylpropanoate
175,Ethyl linalool
176,Ethylene brassylate
177,Ethylene dodecanedioate
178,Isobutyl methyl tetrahydropyranol
179,Methylenedioxyphenyl methylpropanal
180,Phenethyl alcohol.']
181,Trimethylcyclopentenyl Dimethylisopentenol.']
182,6-trimethylcyclohexyl)hexan-3-ol
183,4-(1-ethoxyethenyl)-3
184,5-tetramethylcyclohexan-1-one
185,Cedrus atlantica wood oil
186,Dipropylene glycol
187,Tetramethyl acetyloctahydronaphthalenes.']
188,8as)-6-methoxy-3
189,8-tetramethyloctahydro-1h-3a
190,7-methanoazulene
191,6-dimethoxy-2
192,5-trimethylhex-2-ene
193,Citrus aurantium bergamia (bergamot) peel oil
194,Citrus nobilis (mandarin orange) peel oil
195,Citrus paradisi (grapefruit) peel oil
196,Linalyl acetate
197,Boswellia carterii oil
198,Canarium luzonicum gum nonvolatiles
199,Citrus limon (lemon) peel oil
200,Juniperus virginiana wood oil
201,methyldihydrojasmonate
202,Piper nigrum (pepper) fruit oil
203,Tetramethyl acetyloctahydronaphthalenes Dihydro pentamethylindanone
204,['Arancia di Capri Eau de Toilette:'
205,'Alcohol Denat.
206,Water
207,BHT
208,Tocopherol.'
209,'Bergamotto di Calabria Eau de Toilette:'
210,Bht
211,Geraniol.'
212,'Fico di Amalfi Eau de Toilette:'
213,Ethylhexylsalicylate
214,Hydroxycitronellal
215,Amyl Cinnamal
216,Disodium EDTA.'
217,'Mirto di Panarea Eau de Toilette:'
218,Amyl Cinnamal.'
219,'Chinotto di Liguria Eau de Toilette:'
220,Tocopherol.']
221,['Alcohol Denat.
222,Aqua (Water)
223,Parfum (Fragrance)
224,Evernia Prunastri (Oakmoss) Extract
225,Farnesol.']
226,Hexylcinnamal
227,Alpha-Isomethylionone
228,Methyl2-Octynoate
229,Benzylalcohol
230,Ethylhexylmethoxycinnamate
231,Benzylsalicylate
232,Butylmethoxydibenzoylmethane
233,Benzylbenzoate
234,Amylcinnamal
235,Everniaprunastri (Oakmoss) Extract
236,Citronellol.']
237,['Aqua (Water)
238,Butylene Glycol
239,Glycerin
240,Sodium Stearate
241,Laureth-23
242,Nylon-12
243,Ethylhexylglycerin
244,Sodium Hydroxide
245,['Water (Aqua)
246,Butyrospermum Parkii (Shea Butter)
247,Behentrimonium Methosulfate
248,Cetearyl Alcohol
249,Cetyl Alcohol
250,Glyceryl Stearate
251,Opuntia Ficus Indica (Prickly Pear) SeedOil
252,Cetyl Esters
253,Hydrolyzed Wheat Protein
254,Centrimonium Chloride
255,Biotin
256,Guar Hydroxypropyltrimonium Chloride
257,Cucurbita Pepo (Pumpkin) Seed Oil
258,Phthalates Free Fragrance
259,Caprylyl Glycol
260,Phenoxyethanol
261,Gaultheria Procumbens (Wintergreen) Oil
262,Mentha Viridis (Spearmint) Leaf Oil
263,Quaternium-80
264,Lavandula (Lavender) Spica Oil
265,Rosmarinus Officinalis (Rosemary) Leaf Oil
266,Menthol
267,Urtica Dioica (Nettle) Extract.']
268,Cetrimonium Chloride
269,Ricinus Communis (Castor) Seed Oil
270,Diheptyl Succinate
271,Capryloyl Glycerin/Sebacic Acid Copolymer
272,Moroccan Lava (Rhassoul) Clay
273,Hydrolyzed Quinoa Protein
274,Tanacetum Annuum (Blue Tansy) Flower Oil
275,Ulmus Rubra (Slippery Elm) Extract
276,Bambusa Vulgaris (Bamboo) Extract
277,Fragrance (Parfum)
278,Macrocystis Pyrifera (Sea Kelp) Extract
279,Equisetum Arvense (Horsetail) Extract
280,Urtica Dioica (Nettle) Extract
281,Mangifera Indica (Mango) Seed Butter
282,Adansonia Digitata (Baobab) Seed Oil
283,Tocopheryl Acetate (Vitamin E)
284,Arthrospira Platensis (Spirulina) Powder
285,Phenoxyethanol.']
286,Aloe Barbadensis Leaf Juice
287,Caprylic/Capric Triglyceride (Fractionated Coconut Oil)
288,Lavandula Spica (Lavender) Oil
289,Tocopheryl Acetate
290,Dehydroacetic Acid
291,Silk Amino Acids
292,Vanilla Tahitensis (Vanilla) Fruit Oil.']
293,Caprylic/Capric Triglyceride
294,Bamboo Extract
295,Hydrolyzed Quinoa
296,Macrocystis pyrifera (Sea Kelp) extract
297,Ulmus rubra (slippery Elm) Extract
298,Benzyl Alcohol.']
299,Cocamidopropyl Betaine
300,Sodium Cocoyl Isethionate
301,Lauryl Glucoside
302,Sodium Lauroyl Lactylate
303,Ricinus Communis (Jamaican Black Castor) Seed Oil
304,Hydroxyethylcellulose
305,Polyquaternium-10
306,Citric Acid.']
307,Sodium C14-16 Olefin Sulfonate
308,Decyl Glucoside
309,Cocamide DIPA
310,Polyquaternium-7
311,Panthenol
312,Quaternium-91
313,Behentrimonium Chloride
314,Myristyl Myristate
315,Olea Europaea (Olive) Fruit Oil
316,Argania Spinosa Kernel Oil
317,Fragaria Ananassa (Strawberry) Seed Oil
318,Rubus Idaeus (Raspberry) Seed Oil
319,Citrullus Lanatus (Watermelon) Seed Oil
320,Hibiscus Sabdariffa Flower Powder.']
321,['Glycine Soja (Soybean) Oil
322,Olea Europaea (Olive) Oil
323,Helianthus Annuus (Sunflower) Seed Oil
324,Punica Granatum (Pomegranate)Seed Oil
325,Melaleuca Alternifolia (Tea Tree) Leaf Oil
326,Cymbopogon Schoenanthus (Lemongrass) Oil.']
327,Beeswax
328,['Caprylic/Capric Triglyceride
329,Agania Spinos (Argan) Kernel Oil
330,Fragrance (Parfum).']
331,Acrylates Copolymer
332,Polyquaternium
333,-11
334,Xanthan Gum
335,Carbomer
336,Aminomethyl Propanol
337,Stearyl Alcohol
338,Polysorbate-60
339,Mauritia Flexuosa (Buriti Seed) Oil
340,Argania Spinosa Kernel (Argan) Oil
341,Althaea Officinalis (Marshmallow) Root Extract
342,['Baomint Moisturizing Shampoo:'
343,'Water (Aqua)
344,Phthalate-Free Fragrance
345,Opuntia Ficus Indica (Prickly Pear) Seed Oil
346,Citric Acid.'
347,'Baomint Deep Conditioning Treatment:'
348,Urtica Dioica (Nettle) Extract.'
349,'Baomint Leave In Conditioning Styler:'
350,Vanilla Tahitensis (Vanilla) Fruit Oil.'
351,'Baomint Moisturizing Curl Defining Cream:'
352,'Baomint Moisturizing Curl Defining Gel:'
353,'Baomint Protect + Shine Oil Blend:'
354,'Glycine Soja (Soybean) Oil
355,Punica Granatum (Pomegranate) Seed Oil
356,['Polybutene; Hydrogenated Polyisobutene; Dextrin Palmitate; Bis-Diglyceryl Polyacyladipate-2; Polydecene; Magnolia Officinalis Bark Extract; Limnanthes Alba (Meadowfoam) Seed Oil; Lecithin; Caprylyl Glycol; Simethicone; Pentaerythrityl Tetra-Di-T-Butyl Hydroxyhydrocinnamate; Hexylene Glycol; Fragrance (Parfum); Phenoxyethanol; [+/- Titanium Dioxide (Ci 77891); Iron Oxides (Ci 77491
357,Ci 77492
358,Ci 77499); Red 7 Lake (Ci 15850); Blue 1 Lake (Ci 42090); Manganese Violet (Ci 77742); Yellow 5 Lake (Ci 19140); Red 22 Lake (Ci 45380); Red 30 Lake (Ci 73360); Mica; Red 6 (Ci 15850); Yellow 6 Lake (Ci 15985); Carmine (Ci 75470); Bismuth Oxychloride (Ci 77163); Red 33 Lake (Ci 17200); Orange 5 (Ci 45370); Red 28 Lake (Ci 45410)].']
359,Water/Aqua/Eau
360,Amber Musk Fragrance
361,Benzyl Benzoate.']
362,Amber Musk Fragrance (Parfum)
363,Water\\Aqua\\Eau
364,Benzyl Benzoate <ILN40259>.']
365,Dilauryl Thiodipropionate
366,Limonene <ILN44252>.']
367,Ikat Jasmine Fragrance
368,Cinnamyl Alcohol.']
369,Lilac Path Fragrance
370,Cinnamyl Alcohol
371,Limonene.']
372,Phenethyl Alcohol
373,Bht <ILN42248>.']
374,Ikat Jasmine Fragrance (Parfum)
375,Cinnamyl Alcohol <ILN40269>.']
376,Tocopherol
377,Dilauryl Thiodipropionate.']
378,Bht.']
379,Methyl 2-Octynoate
380,Amyl Cinnamal <ILN44961>.']
381,['Ikat Jasmine:'
382,Cinnamyl Alcohol.'
383,'Amber Musk:'
384,Benzyl Benzoate.'
385,'Rose de Grasse:'
386,BHT.'
387,'Mediterranean Honeysuckle:'
388,Benzyl Alcohol.'
389,'Cedar Violet:'
390,BHT.']
391,Alcohol
392,Tris(Tetramethylhydroxypiperidinol) Citrate
393,Methyl Benzoate.']
394,['Collagen (Vegan)*
395,Water (Aqua
396,Eau)
397,Ethylhexyl Palmitate
398,Oryza Sativa (Rice) Bran Extract
399,Cetearyl Methicone
400,Dimethicone
401,Pyrus Malus (Apple) Fruit Extract
402,Chlorella Protothecoides Oil
403,Polysorbate 60
404,Glyceryl Glucoside
405,Polyglyceryl-2 Stearate
406,Parachlorella Beijerinckii Exopolysaccharides
407,Collagen Amino Acids (Vegan)*
408,Ceramide NP
409,Silybum Marianum Fruit Extract
410,Helianthus Annuus (Sunflower) Extract
411,Rosmarinus Officinalis (Rosemary) Leaf Extract
412,Carnosine
413,Sodium Stearoyl Glutamate
414,Ammonium Acryloyldimethyltaurate/VP Copolymer
415,Hexylene Glycol
416,Citric Acid
417,Lecithin
418,Sodium Phytate
419,t-Butyl Alcohol
420,Leuconostoc/Radish Root Ferment Filtrate
421,Triethyl Citrate
422,Vanillin
423,Amyl Salicylate
424,Benzyl Acetate
425,Cedrus Atlantica Bark Oil
426,Ionone
427,Propanediol
428,Isononyl Isononanoate
429,Betaine
430,Pentylene Glycol
431,Dextrin Palmitate
432,Helichrysum Stoechas Flower Extract
433,Cylindrotheca Fusiformis Extract
434,Niacinamide
435,Palmitoyl Tripeptide-1
436,Palmitoyl Tetrapeptide-7
437,Adenosine
438,Palmitic Acid
439,Disodium EDTA
440,Sodium Lactate
441,Amodimethicone
442,Homosalate
443,Polysorbate 20
444,1
445,2-Hexanediol
446,Octocrylene
447,Beta-Carotene (CI 40800).']
448,['Aqua (Water/Eau)
449,Stearic Acid
450,Isopropyl Isostearate
451,Pentylene'
452,'Glycol
453,Glyceryl Stearate SE
454,C12-15 Alkyl Benzoate
455,Limnanthes Alba (Meadowfoam) Seed Oil
456,Corallina Officinalis Extract
457,Dunaliella Salina Extract
458,Undaria Pinnatifida Extract
459,Dipeptide-2
460,Palmitoyl Hexapeptide-12
461,Palmitoyl Tripeptide-5
462,Sodium Hyaluronate
463,Caffeine
464,Coffea Arabica (Coffee) Seed Oil
465,Tribehenin
466,Ceramide NG
467,PEG-10 Phytosterol
468,Tetrahexyldecyl Ascorbate
469,Bambusa Vulgaris Leaf/Stem Extract
470,Pisum Sativum (Pea)'
471,'Extract
472,Glucosamine HCl
473,Camellia Sinensis Leaf Extract
474,Cucumis Sativus (Cucumber) Fruit Extract
475,Dimethicone Crosspolymer
476,Pantolactone
477,Caprylyl/Capryl Glucoside
478,Pfaffia Paniculata Root Extract
479,Ptychopetalum Olacoides Bark/Stem Extract
480,Lilium Candidum Flower Extract
481,Rubus Idaeus (Raspberry) Leaf Extract
482,Aloe Barbadensis Leaf Juice Powder
483,Vinyl Dimethicone/Methicone Silsesquioxane Crosspolymer
484,Phospholipids
485,Ceteareth-20
486,Acrylates/C10-30 Alkyl Acrylate Crosspolymer
487,Lactic Acid
488,Hesperidin Methyl Chalcone
489,Steareth-20
490,Sodium Citrate
491,Chlorhexidine Digluconate
492,Potassium Sorbate
493,Sodium Benzoate.']
494,Diglycerin
495,Menthoxypropanediol
496,Acmella Oleracea Extract
497,Brassica Alba Sprout Extract
498,Hydroxymethoxyphenyl Propylmethylmethoxybenzofuran
499,Methyl Gluceth-20
500,Sorbic Acid
501,Sodium Benzoate
502,Stevia Rebaudiana Extract
503,Aroma
504,['Octinoxate 7.5%
505,Titanium Dioxide 2%
506,Zinc Oxide 17.1%
507,Cyclopentasiloxane
508,Alcohol Denat.
509,Polyglyceryl-3 Polydimethylsiloxyethyl Dimethicone
510,Methyl Methacrylate Crosspolymer
511,PEG/PPG-18/18 Dimethicone
512,PEG-9 Polydimethylsiloxyethyl Dimethicone
513,Echinacea Purpurea Extract
514,Camellia Oleifera Leaf Extract
515,Arctostaphylos Uva Ursi Leaf Extract
516,Glycyrrhiza Glabra (Licorice) Root Extract
517,Triethoxysilylethyl Polydimethylsiloxyethyl Hexyl Dimethicone
518,Aluminum Hydroxide
519,['Water (Aqua
520,Hydrogenated Polyisobutene
521,PEG-100 Stearate
522,Potassium Cetyl Phosphate
523,Collagen (Vegan)*
524,Cynara Scolymus (Artichoke) Leaf Extract
525,Retinyl Palmitate
526,Astragalus Membranaceus Root Extract
527,Atractylodes Macrocephala Root Extract
528,Iris Florentina Root Extract
529,Bupleurum Falcatum Root Extract
530,Copper Lysinate/Prolinate
531,Methylglucoside Phosphate
532,Stearalkonium Bentonite
533,Silica
534,Propylene Carbonate
535,Quartz
536,Chlorphenesin
537,Coumarin.']
538,['C12-15 Alkyl Benzoate
539,Water (Aqua)
540,Sucrose Laurate
541,Algae Exopolysaccharides
542,Vaccinium Myrtillus Seed Oil
543,Chromium Oxide Greens (CI 77288).']
544,Dimethicone PEG-8 Meadowfoamate
545,Hamamelis Virginiana Water (Hamamelis Virginiana (Witch Hazel) Water)
546,Sodium Lauroyl Oat Amino Acids
547,Pyrus Malus Fruit Extract (Pyrus Malus (Apple) Fruit Extract)
548,Citrus Medica Limonum Fruit Extract (Citrus Medica Limonum (Lemon) Fruit Extract)
549,Citrus Aurantium Dulcis Fruit Extract (Citrus Aurantium Dulcis (Orange) Fruit Extract)
550,Saccharum Officinarum Extract (Saccharum Officinarum (Sugar Cane) Extract)
551,Glycyrrhiza Glabra Root Extract (Glycyrrhiza Glabra (Licorice) Root Extract)
552,Jojoba Alcohol
553,Potassium Jojobate
554,Lauryl Lactyl Lactate
555,Benzoic Acid
556,Sodium Chloride
557,Ethylhexylglycerin.']
558,['GENIUS Liquid Collagen:'
559,'Collagen (Vegan)
560,Collagen Amino Acids (Vegan)
561,Beta-Carotene (CI 40800).'
562,'Triple Algae Eye Renewal Balm with Multi-Peptide Complex:'
563,'Aqua (Water/Eau)
564,Sodium Benzoate.'
565,'GENIUS Ultimate Anti-Aging Cream:'
566,'Water (Aqua
567,Collagen (Vegan)
568,['Chlorella Protothecoides Oil
569,Cetearyl Ethylhexanoate
570,Ceramide 3
571,Alaria Esculenta Extract
572,Rosmarinus Officinalis Leaf Extract
573,Helianthus Annuus Seed Oil
574,Cymbopogon Martini Oil
575,Butyrospermum Parkii Butter (Butyrospermum Parkii (Shea Butter))
576,Squalane
577,Ascorbyl Glucoside
578,Algae Extract
579,Citrullus Vulgaris Fruit Extract (Citrullus Vulgaris (Watermelon) Fruit Extract)
580,Lens Esculenta Fruit Extract (Lens Esculenta (Lentil) Fruit Extract)
581,Oleanolic Acid
582,Palmitoyl Oligopeptide
583,Enantia Chlorantha Bark Extract
584,Crithmum Maritimum Extract
585,Silybum Marianum Seed Oil
586,Hydrogenated Vegetable Oil
587,Sodium PCA
588,3-O-Ethyl Ascorbic Acid
589,Polymethylsilsesquioxane
590,Hydroxyethyl Acrylate/Sodium Acryloyldimethyl Taurate Copolymer
591,Ethoxydiglycol
592,Vinyl Dimethicone/ Methicone Silsesquioxane Crosspolymer
593,Peg-12 Dimethicone
594,Vegetable Collagen
595,Plantago Lanceolata Leaf Extract
596,Sorbitan Isostearate
597,Ceramide AP
598,Ceramide EOP
599,Phytosphingosine
600,Cholesterol
601,Ascorbic Acid
602,Triheptanoin
603,Pseudoalteromonas Ferment Extract
604,C13-15 Alkane
605,Biosaccharide Gum-1
606,Bakuchiol
607,Beta Vulgaris Root Extract
608,Hydrolyzed Corn Starch
609,Melia Azadirachta Leaf Extract
610,Melia Azadirachta Flower Extract
611,Coccinia Indica Fruit Extract
612,Solanum Melongena Fruit Extract
613,Aloe Barbadensis Flower Extract
614,Curcuma Longa Root Extract
615,Ocimum Basilicum Flower/Leaf Extract
616,Ocimum Sanctum Leaf Extract
617,Salicylic Acid
618,Sodium Polyacryloyldimethyl Taurate
619,Phycocyanin
620,Lavandula Angustifolia Oil
621,Tanacetum Vulgare Extract
622,Tetrasodium Glutamate Diacetate
623,Sodium Salicylate
624,['Cocos Nucifera (Coconut) Water
625,Methyl Trimethicone
626,Ceresin
627,Ozokerite
628,Chlorella Protothecoides
629,Algin
630,Hydrolyzed F-Fucoidan
631,Tripleurospermum Maritimum Extract
632,Palmitoyl Hexapeptide-52
633,Passiflora Incarnata Extract
634,Ribose
635,Collagen
636,Bidens Pilosa Extract
637,Linum Usitatissimum (Linseed) Seed Oil
638,Elaeis Guineensis (Palm) Oil
639,Gossypium Herbaceum (Cotton) Seed Oil
640,Biosaccharide Gum-4
641,Alpha-Glucan Oligosaccharide
642,Dimethicone/Vinyl Dimethicone Crosspolymer
643,Dimethicone/PEG-10/15 Crosspolymer
644,Lauryl PEG-9 Polydimethylsiloxyethyl Dimethicone
645,Hexyl Cinnamal.']
646,Isododecane
647,Isostearyl isostearate
648,Neopentyl Glycol Diheptanoate
649,Polyglyceryl-6 Polyhydroxystearate
650,Polyglyceryl-6 Polyricinoleate
651,Magnesium Sulfate
652,Phloretin
653,Fucus Spiralis Extract
654,Tetraselmis Chui Extract
655,Spiraea Ulmaria Extract
656,Hydrolyzed Algin
657,Sorbitan Oleate Decylglucoside Crosspolymer
658,Disteardimonium Hectorite
659,Polyglycerin-6
660,Lavandula Angustifolia (Lavender) Extract
661,Eucalyptus Globulus Leaf Extract
662,Bergamot/Grapefruit/Orange/Tangerine Fruit Ferment Extract
663,Mica
664,Citrus Limon (Lemon) Fruit Extract
665,Triethoxycaprylylsilane
666,Titanium Dioxide (CI 77891).']
667,Collagen Amino Acids
668,Azelaic Acid
669,Glycolic Acid
670,Rosmarinus Officinalis (Rosemary) Extract
671,Mentha Piperita (Peppermint) Extract
672,Dextrin
673,Amylopectin
674,Polydextrose
675,Phytic Acid
676,Collagen (Vegetable)*
677,Beta-Glucan
678,Calendula Officinalis Flower Extract
679,Enteromorpha Compressa Extract
680,Leontopodium Alpinum Extract
681,Hydroxyphenyl Propamidobenzoic Acid
682,Bisabolol
683,Coelastrella Vacuolata Oil
684,Watanabea Reniformis Oil
685,Ascorbyl Palmitate
686,Ethyhexylglycerin
687,['Glycerin
688,Sodium Cocoyl Glycinate
689,Kaolin
690,Lactococcus Ferment Lysate
691,Bentonite
692,Magnesium Aluminum Silicate
693,Maltooligosyl Glucoside
694,Myristic Acid
695,Algae Oligosaccharides
696,Chlorella Vulgaris Extract
697,Alteromonas Ferment Extract
698,Curcuma Longa (Turmeric) Root Extract
699,Ocimum Basilicum (Basil) Flower/Leaf Extract
700,Hydrogenated Starch Hydrolysate
701,Sodium Methyl Oleoyl Taurate
702,Coco-Glucoside
703,Styrene/Acrylates Copolymer
704,Phytosteryl/Octyldodecyl Lauroyl Glutamate
705,Lauric Acid
706,Cellulose Gum
707,Sucrose
708,Titanium Dioxide
709,Iron Oxides (CI 77491)
710,Manganese Violet (CI 77742)
711,Chromium Hydroxide Green (CI 77289).']
712,Copper Lysine Prolinate
713,Methyl Glucoside Phosphate
714,Albiza Julibrissin Bark Extract
715,Kigelia Africana Fruit Extract
716,Chrysin
717,Darutoside
718,N-Hydroxysuccinimide
719,Carthamus Tinctorius (Safflower) Seed Oil
720,Gluconolactone
721,Polyglyceryl-10 Behenate/Eicosadioate
722,Mandelic Acid
723,Glyceryl Behenate/Eicosadioate
724,Oleth-5
725,Spirulina Platensis Extract
726,Tranexamic Acid
727,Malic Acid
728,Dipotassium Glycyrrhizate
729,Tanacetum Annuum Flower Oil
730,Lavandula Angustifolia (Lavender) Oil
731,Sodium Hylauronate
732,Solanum Melongena (Eggplant) Fruit Extract
733,Euphorbia Cerifera (Candelilla) Wax
734,Behenyl Alcohol
735,Polyglyceryl-3 Stearate
736,PEG-8 Dimethicone
737,Caprylyl Methicone
738,Ergothioneine
739,Copper Palmitoyl Heptapeptide-14
740,Heptapeptide-15 Palmitate
741,Epigallocatechin Gallate
742,Aspartic Acid
743,PCA
744,Alanine
745,Serine
746,Valine
747,Isoleucine
748,Proline
749,Threonine
750,Lactic Acid/Glycolic Acid Copolymer
751,Polyvinyl Alcohol
752,Histidine
753,Phenylalanine
754,Arginine
755,Octyldodecanol
756,Pyridoxine HCl
757,Sodium Propoxyhydroxypropyl Thiosulfate Silica
758,Isohexadecane
759,Adenosine Triphosphate
760,Hydrolyzed Oat Protein
761,Polysilicone-11
762,Polygonum Bistorta Root Extract
763,Nannochloropsis Oculata Extract
764,Albizia Julibrissin Bark Extract
765,Ammonium Polyacryloyldimethyl Taurate
766,Polysorbate 80
767,Pullulan
768,Citrullus Vulgaris (Watermelon) Fruit Extract
769,Hydrolyzed Myrtus Communis Leaf Extract
770,Lens Esculenta (Lentil) Fruit Extract
771,Tetradecyl Aminobutyroylvalylaminobutyric Urea Trifluoroacetate
772,Magnesium Chloride
773,Fragrance.']
774,Polymethyl Methacrylate
775,Retinol
776,Myristoyl Nonapeptide-3
777,Acetyl Dipeptide-1 Cetyl Ester
778,Glycine Soja (Soybean) Extract
779,Sorbitan Laurate
780,Cetyl Palmitate
781,Hydrogenated Polydecene
782,Trideceth-6 Phosphate
783,Plankton Extract
784,Trifluoroacetyl Tripeptide-2
785,Gold
786,Arginine/Lysine Polypeptide
787,Hydrolyzed Rice Protein
788,Potassium Palmitoyl Hydrolyzed Oat Protein
789,Avena Sativa (Oat) Kernel Extract
790,Acetyl Hydroxyproline
791,Sodium Ascorbate
792,Sodium Polyacrylate Starch
793,Dextran
794,Hydroxyisohexyl 3-Cyclohexene Carboxaldehyde
795,Isostearyl Neopentanoate
796,Sorbitan Stearate
797,Di-C12-15 Alkyl Fumarate
798,Hydrolyzed Lupine Protein
799,Sigesbeckia Orientalis Extract
800,Medicago Sativa (Alfalfa) Extract
801,Chamomilla Recutita (Matricaria) Extract
802,Citrullus Lanatus (Watermelon) Fruit Extract
803,Synthetic Fluorphlogopite
804,Siloxanetriol Alginate
805,Tin Oxide
806,Coco-Caprylate
807,Glyceryl Behenate
808,Glyceryl Caprylate
809,Caesalpinia Spinosa Fruit Pod Extract
810,Helianthus Annuus (Sunflower) Sprout Extract
811,Microcrystalline Cellulose
812,Polyglyceryl-3 Polyricinoleate
813,Isostearic Acid
814,Caprylhydroxamic Acid
815,Calcium Alginate
816,Maltodextrin
817,Sodium Chloride.']
818,Fomes Officinalis (Mushroom) Extract
819,Sodium Ascorbyl Phosphate
820,Eucalyptus Globulus Leaf Oil
821,PEG-40 Hydrogenated Castor Oil
822,Mannitol
823,Hydrolyzed Silk
824,Potassium Hydroxide
825,Glycyrrhiza Glabra (Licorice) Root Extract.']
826,Polyacrylate Crosspolymer-6
827,Solanum Lycopersicum (Tomato) Fruit Extract
828,Oenothera Biennis (Evening Primrose) Oil
829,Macadamia Ternifolia (Macadamia) Seed Oil
830,Disodium Edta
831,Salvia Hispanica Seed Extract
832,Sodium Pca
833,Ferulic Acid
834,Hyaluronic Acid
835,Wheat Amino Acids
836,Lactobacillus Ferment
837,Copper Tripeptide-1
838,Hydroxyproline
839,Ci 42090 (Blue 1) (Fdc Blue #1-Aluminum Lake).']
840,Aloe Barbadensis (Aloe) Leaf Extract
841,Dicapryl Carbonate
842,Silk amino acids
843,Hibiscus Sabdariffa (Red Sorrel) Flower Extract
844,Cucumis Sativus (Cucumber) Seed Extract
845,Laureth-12
846,Allantoin
847,Morus Alba Bark Extract
848,Sodium gluconate
849,Pyruvic Acid
850,Microcitrus Australasica (Finger-Lime) Fruit Extract
851,Disodium Phosphate
852,Waltheria Indica (Waltheria) Leaf Extract
853,Sodium Phosphate
854,Acetyl Tetrapeptide-5
855,Diamond powder
856,Acetyl Hexapeptide-51 (Amide)
857,Acetyl Hexapeptide-8
858,Acetyl Octapeptide-3.']
859,Dicaprylyl Carbonate
860,Hydrolyzed Jojoba Esters
861,Tocopherol (Vitamin E)
862,Dimethyl Isosorbide
863,Peg-100 Stearate
864,Ammonium Glycyrrhizate
865,Hibiscus Sabdariffa Flower Extract
866,Hydroxypinacolone Retinoate
867,Ubiquinone
868,Hippophae Rhamnoides (Sea Buckthorn) Fruit Extract
869,Tasmannia Lanceolata (Pepperberry) Extract
870,Palmitoyl Tripeptide-5.']
871,['10% Glycolic Acid
872,0.5% Retinol
873,Panthenol (Vitamin B5)
874,Papaya Enzyme
875,Jojoba Seed Oil
876,Shea Butter
877,Mango Seed Butter
878,Vitamin E']
879,Peg-7 Glyceryl Cocoate
880,Cucumis Sativus (Cucumber) Extract
881,Thymus Vulgaris (Thyme) Leaf Extract
882,Coconut Alkanes
883,Aloe Barbadensis (Aloe Vera) Leaf Juice
884,Prunus Armeniaca (Apricot) Kernel Oil
885,Coco-Caprylate/Caprate
886,Centella Asiatica Meristem Cell Culture
887,Tripeptide-29
888,Linoleic Acid
889,Citrus Aurantium Dulcis (Orange) Oil
890,Coenochloris Signiensis Extract
891,Hydrolyzed Sodium Hyaluronate
892,Eclipta Prostrata Extract
893,Moringa Pterygosperma Seed Oil
894,Ascorbic Acid (Vitamin C)
895,Salvia Officinalis (Sage) Leaf Extract
896,Arnica Montana (Arnica) Flower Extract
897,Borago Officinalis (Borage) Flower Extract
898,Calendula Officinalis (Calendula) Flower Extract
899,Chamomilla Recutita (Matricaria) Flower Extract.']
900,Hydrated Silica
901,Hydroxypropyl Starch Phospate
902,Bentonite Clay
903,Vaccinium Membranaceum (Huckleberry) Extract
904,Salix Alba (White Willow Bark) Extract Bambusa Arundinacea (Bamboo) Stem Extract
905,Sodium Stearoyl Lactylate
906,Carrageenan
907,Glucose
908,Simmondsia Chinensis (Jojoba) Seed Wax
909,Chamomilla Recutita (Matricaria) Flower Extract
910,Moringa Oleifera Seed Oil
911,Lactobacillus/Pumpkin Ferment Extract
912,Dehyroacetic Acid (DHA)
913,Menthyl Lactate
914,Lactobacillus/Capsicum Frutescens Fruit Ferment Extract
915,Vaccinium Myrtillus Fruit Extract
916,Saccharum Officinarum (Sugarcane) Extract
917,Citrus Aurantium Dulcis (Orange) Fruit Extract
918,Acer Saccharum (Sugar Maple) Extract
919,Tartaric Acid (DL-)
920,Vaccinium Angustifolium (Blueberry) Fruit Extract
921,Citrus Aurantium Dulcis (Orange) Peel Extract
922,Vanilla Planifolia Fruit Extract
923,Rosa Damascena Extract
924,Rubus Idaeus (Raspberry) Fruit Extract
925,Musa Sapientum (Banana) Fruit Extract
926,Citrus Aurantium Amara (Bitter Orange) Leaf/Twig Extract
927,Cinnamomum Camphora Linalooliferum Wood Extract
928,Vitis Vinifera (Grape) Fruit Cell Extract
929,Isomalt
930,Vaccinium Corymbosum (Blueberry) Seed Powder.']
931,Nephelium Lappaceum Leaf Extract
932,Superoxide Dismutase
933,Sodium Levulinate
934,Lysolecithin
935,Sclerotium Gum
936,Curcuma Longa (Turmeric) Root Oil
937,Tocopherol (Mixed)
938,Arctostaphylos Uva-Ursi (Bearberry) Extract
939,Taraxacum Officinalis (Wild Dandelion) Extract
940,Prunus Virginiana (Chokecherry) Extract
941,Salix Alba (White Willow) Extract
942,Lactobacillus/Punica Granatum Fruit Ferment Extract
943,Leuconostoc/Radish Root Ferment Filtrate.']
944,Euphrasia Officinalis Extract
945,Cetearyl Glucoside
946,Cetyl Hydroxyethylcellulose
947,Kappaphycus Alvarezii Extract
948,Caesalpinia Spinosa Fruit Extract
949,Caesalpinia Sappan Bark Extract
950,Arctostaphylos Uva Ursi (Bearberry) Leaf Extract
951,Barago Officinalis (Borage) Flower Extract
952,['Water/Aqua/Eau
953,Cetearyl Olivate
954,Sorbitan Olivate
955,Theobroma Cacao (Cocoa) Seed Butter*
956,Jojoba Esters
957,Amelanchier Alnifolia Fruit Extract (Juneberry)
958,Sodium Lauroyl Sarcosinate
959,Acacia Senegal Gum
960,Tremella Fuciformis Polysaccharide
961,Iron Oxides CI 77491
962,Pistacia Lentiscus (Mastic) Gum
963,Hydrogenated Lecithin
964,['Aloe Barbadensis Leaf Juice
965,Hydrogenated Ethylhexyl Olivate
966,Magnesium Ascorbyl Phosphate
967,Theobroma Cacao (Cocoa) Seed Butter
968,Phyllanthus Emblica Fruit Extract
969,Sesamum Indicum (Sesame) Seed Oil
970,Hydrogenated Olive Oil Unsaponifiables
971,Cannabis Sativa Seed Oil
972,Rosa Canina Fruit Oil
973,Avena Sativa (Oat) Bran Extract
974,Arnica Cordifolio (Arnica) Flower Extract
975,Matricaria Discoidea (Chamomile) Flower Extract
976,Lomatium Dissectum Root Extract
977,Jasminum Officinale (Jasmine) Oil
978,Hamamelis Virginiana (Witch Hazel) L Methyl Cocoyl Taurate
979,Lactobacillus/Punica Granatum (Pomegranate) Fruit Ferment Extract
980,Polyacrylate-33
981,Sodium Cocoyl Apple Amino Acids
982,Tromethamine
983,Carica Papaya (Papaya) Fruit Extract
984,Alcohol.']
985,['Aloe Barbadensis (Aloe Vera) Leaf Juice
986,Zinc Oxide
987,Dehydroacetic Acid (DHA)
988,Caesalpinia Sappan Bark Extract.']
989,['Hydroxystearic/Linolenic/Oleic Polyglycerides
990,Polyhydroxystearic Acid
991,Agave Tequilana Leaf Extract
992,Helianthus Annuus (Sunflower) Seed Wax
993,Hydrogenated Castor Oil
994,Copernicia Cerifera (Carnauba) Wax
995,Aloe Barbadensis Leaf Extract
996,Salix Alba (White Willow Bark) Extract
997,Taraxacum Officinalis (Wild Dandelion) Flower Extract
998,Stevia Rebaudiana Leaf/Stem Extract
999,Citrus Lemon Peel Oil
1000,Rosa Damascena Flower Oil
1001,Polyglyceryl-4 Caprate
1002,Polyglyceryl-6 Caprylate
1003,Gardenia Florida Fruit Extract
1004,Phyllostachys Bambusoides Extract
1005,Sclerocarya Birrea (Marula) Kernel Oil
1006,Tremella Fuciformis Sporocarp (Mushroom) Extract
1007,Rosa Damascena Flower Water
1008,Beta Sitosterol
1009,Hamamelis Virginiana (Witch Hazel) Leaf Extract
1010,Centella Asiatica Extract
1011,['Melt Moisturizer with Bakuchiol and Squalane:'
1012,Ceramide Ng
1013,Chamomilla Recutita (Matricaria) Flower Extract.'
1014,'Wild Huckleberry 8-Acid Polishing Peel Mask:'
1015,Glyceryl Stearate Se
1016,Dehyroacetic Acid (Dha)
1017,Tartaric Acid (Dl-)
1018,Cyclohexasiloxane
1019,Polyquaternium-55
1020,Caviar Extract
1021,Polysilicone-15
1022,Honey Extract (Mel Extract)
1023,Citrus Limon (Lemon) Peel Extract
1024,Polyquaternium-11
1025,Polyimide-1
1026,Saccharomyces/Magnesium Ferment
1027,Saccharomyces/Copper Ferment
1028,Saccharomyces/Silicon Ferment
1029,Saccharomyces/Zinc Ferment
1030,Saccharomyces/Iron Ferment
1031,C11-15 Pareth-7
1032,Laureth-9
1033,Trideceth-12
1034,Isopropyl Alcohol
1035,PEG-4 Laurate
1036,PEG-4 Dilaurate
1037,PEG-4
1038,Iodopropynyl Butylcarbamate
1039,Disodium Laureth Sulfosuccinate
1040,Sodium Lauryl Sulfoacetate
1041,Cocamidopropyl Hydroxysultaine
1042,Cocamidopropylamine Oxide
1043,Glycereth-26
1044,Glycol Distearate
1045,Soy Amino Acids
1046,Hydrolyzed Vegetable Protein PG-Propyl Silanetriol
1047,Divinyldimethicone/Dimethicone Copolymer
1048,Dihydroxypropyl PEG-5 Linoleammonium Chloride
1049,Pentasodium Triphosphate
1050,Acetic Acid
1051,Sodium Acetate
1052,Tetrasodium EDTA
1053,Lauryl Alcohol
1054,C12-13 Pareth-3
1055,C12-13 Pareth-23
1056,Methylisothiazolinone
1057,Cetrimonium Bromide
1058,Dimethiconol
1059,Polyquaternium-37
1060,Hydroxyacetophenone
1061,Oleth-20
1062,Poloxamer 407
1063,PPG-26-Buteth-26
1064,Trifolium Pratense (Clover) Flower Extract
1065,Silica Dimethyl Silylate
1066,Acetyl Tetrapeptide-3
1067,Apigenin
1068,Hydrolyzed Keratin
1069,Biotinoyl Tripeptide-1
1070,Macrocystis Pyrifera (Kelp) Extract
1071,Laminaria Digitata Extract
1072,Chondrus Crispus Extract
1073,Phyllanthus Emblica Extract
1074,Sodium Hyaluronate.']
1075,Keratin
1076,Palmitamidopropyltrimonium Chloride
1077,Propylene Glycol
1078,['Isododecane
1079,'Cyclopentasiloxane
1080,'Dimethicone
1081,'Phenyl Trimethicone
1082,'Tocopherol
1083,'Persea Gratissima (Avocado) Oil
1084,'Crambe Abyssinica Seed Oil
1085,'Ascorbic Acid
1086,'Glycerin
1087,'Polysilicone-15
1088,'Superoxide Dismutase
1089,'Caviar Extract
1090,'Alaria Esculenta Extract
1091,'Sodium Hyaluronate
1092,'Saccharomyces/Magnesium Ferment
1093,'Saccharomyces/Copper Ferment
1094,'Saccharomyces/Silicon Ferment
1095,'Saccharomyces/Zinc Ferment
1096,'Saccharomyces/Iron Ferment
1097,'Phospholipids
1098,'Helianthus Annuus (Sunflower) Seed Oil
1099,'Butylene Glycol
1100,'Potassium Sorbate
1101,'Phenoxyethanol
1102,'Fragrance.']
1103,Hydrofluorocarbon 152a
1104,Octylacrylamide/Acrylates/Butylaminoethyl Methacrylate Copolymer
1105,Hydrolyzed Pearl
1106,Sea Salt (Maris Sal)
1107,Pentaerythrityl Tetracaprylate/Tetracaprate
1108,PPG-5-Ceteth-20
1109,PEG/PPG-17/18 Dimethicone
1110,Phenyl Trimethicone
1111,PPG-12 Dimethicone
1112,C32-36 Isoalkyl Stearate
1113,Lauryl Laurate
1114,Isopropyl Palmitate
1115,Astrocaryum Murumuru Seed Butter
1116,Behentrimonium Chloride'
1117,'Bis-Cetearyl Amodimethicone
1118,Bis-PEG-18 Methyl Ether Dimethyl Silane
1119,Camellia Oleifera Seed Oil
1120,Candelilla/Jojoba/Rice Bran Polyglyceryl-3 Esters
1121,Crambe Abyssinica Seed Oil
1122,Polyacrylate-1 Crosspolymer
1123,Theobroma Grandiflorum Seed Butter
1124,Trichilia Emetica Seed Butter
1125,Stearamidopropyl Dimethylamine
1126,Brassicamidopropyl Dimethylamine
1127,PPG-3 Benzyl Ether Myristate
1128,Silicone Quaternium-16
1129,Octyldodecyl Ricinoleate
1130,Stearalkonium Chloride
1131,PEG-7 Amodimethicone
1132,Behenyl/Stearyl Aminopropanediol Esters
1133,Acrylamidopropyltrimonium Chloride/Acrylamide Copolymer
1134,Undeceth-11
1135,Butyloctanol
1136,Undeceth-5
1137,Ricinoleamidopropyltrimonium Methosulfate
1138,Dicetyldimonium Chloride
1139,['Cyclopentasiloxane
1140,Helianthus Annuus (Sun ower) Seed Oil
1141,Propane
1142,VP/VA Copolymer
1143,Butane
1144,Isobutane
1145,PEG-60 Almond Glycerides
1146,PEG-12 Dimethicone
1147,Protein PG-Propyl Silanetrio
1148,Serenoa Serrulata Fruit Extract
1149,Taurine
1150,Dicaprylyl Ether
1151,Hydrogenated Castor Oil/Sebacic Acid Copolymer
1152,Pyridoxine HCL
1153,Potassium Benzoate
1154,Sodium Sorbate
1155,Hydrolyzed Soy Protein
1156,Hydrolyzed Corn Protein
1157,Hydrolyzed Cottonseed Protein
1158,Sodium Methyl 2-Sulfolaurate
1159,Disodium 2-Sulfolaurate
1160,Sodium Methyl Cocoyl Taurate
1161,Lauramide MEA
1162,Acrylates/Vinyl Neodecanoate Crosspolymer
1163,VP/DMAPA Acrylates Copolymer
1164,PEG-150 Distearate
1165,Hydroxypropyl Cyclodextrin
1166,Silicone Quaternium-8
1167,Benzalkonium Chloride
1168,Methylchloroisothiazolinone
1169,Laurdimonium Hydroxypropyl Hydrolyzed Keratin
1170,'Hydrolyzed Pea Protein PG-Propyl Silanetriol
1171,Polyurethane-14
1172,AMP-Acrylates Copolymer
1173,Polyquaternium-46
1174,Phenylpropanol
1175,Pearl Powder
1176,Phytantriol
1177,Panthenyl Ethyl Ether
1178,Fibroin
1179,Polyquaternium-70
1180,Hydroxypropyl Starch Phosphate
1181,Water/Aqua/ Eau
1182,Succinic Acid
1183,Hydroxyisohexyl 3-Cyclohexene Carboxaldehyde.']
1184,['Propylene Glycol
1185,Sorbitan Oleate
1186,Sodium Acrylate/Sodium Acryloyldimethyl Taurate Copolymer
1187,Propylene Glycol Dicaprylate/Dicaprate
1188,PPG-1 Trideceth-6
1189,Silicone Quaternium-3
1190,Trideceth-6
1191,['Aqua/Water/Eau
1192,Behenamidopropyl Dimethylamine
1193,Hydroxypropyl Guar Hydroxypropyltrimonium Chloride
1194,Propylene Glycol Isoceteth-3 Acetate
1195,Hydrolyzed Algae Extract
1196,PEG-45M
1197,C12-16 Pareth-9
1198,Hydrolyzed Wheat Protein PG-Propyl Methylsilanediol
1199,Propylene Gycol
1200,Wasabia Japonica Root Extract
1201,Melanin Silanetriol
1202,Bromelain
1203,Papain
1204,Foeniculum Vulgare (Fennel) Seed Extract
1205,Pikea Robusta Extract
1206,Glycine Max (Soybean) Symbiosome Lysate
1207,Saccharomyces/Lysate Ferment
1208,Lactoferrin
1209,Corn Oligosaccharides
1210,Niacinamide Polypeptide
1211,Peptone
1212,Acetyl Methionine
1213,Acetyl Serine
1214,Amino Acyl tRNA Synthetase
1215,Copper Lysyl Oxidase
1216,Glycine Soja (Soybean) Seed Peroxidase
1217,Daucus Carota Sativa (Carrot) Root Extract
1218,Ganoderma Lucidum (Mushroom) Tyrosinase
1219,Lentinus Edodes Tyrosinase
1220,Ascorbic Acid Polypeptide
1221,Pantothenic Acid Polypeptide
1222,Methylparaben
1223,Artemisia Vulgaris Extract
1224,Helianthus Annuus (Sunflower) Seed Extract
1225,Echinacea Angustifolia Extract
1226,Cymbopogon Schoenanthus Extract
1227,Tilia Cordata Flower Extract
1228,Quaternium-95
1229,Pentaerythrityl tetra-di-t-butyl Hydroxyhydrocinnamate
1230,PEG-7 Glyceryl Cocoate
1231,Propoxytetramethyl Piperidinyl Dimethicone
1232,Aphanizomenon Flos-aquae Extract
1233,Sodium Laneth-40 Maleate/Styrene Sulfonate Copolymer
1234,Sodium Polyacrylate
1235,Phenoyxethanol
1236,SodiumBenzoate
1237,Ethylhexyl Glycerin
1238,TocopherylAcetate
1239,Gardenia Taitensis Flower Extract
1240,Saccharomyces/Iron Ferment. (10-17-7369).']
1241,Polyacrylamide
1242,C13-14 Isoparaffin
1243,Laureth-7
1244,Titanium Dioxide (CI 77891)
1245,'Cocamidopropylamine Oxide
1246,Glycine Soja (Soybean) Oil
1247,Trisodium Ethylenediamine Disuccinate
1248,Sodium Lauroyl Methyl Isethionate
1249,Disodium Cocoyl Glutamate
1250,Potassium Cocoyl Glycinate
1251,Potassium Cocoate
1252,Sodium Cocoyl Glutamate
1253,PEG-120 Methyl Glucose Dioleate
1254,Polyquaternium-44
1255,Passiflora Incarnata Seed Oil
1256,Oryza Sativa (Rice) Bran Oil
1257,Camellia Sinensis Seed Oil
1258,Cocodimonium Hydroxypropyl Silk Amino Acids
1259,Tetrasodium EDTA.']
1260,['Hydrofluorocarbon 152A
1261,Dimethyl Ether
1262,Aluminum Starch Octenylsuccinate
1263,Magnesium Carbonate
1264,Magnesium Stearate
1265,Sodium Laureth Sulfate
1266,Divinyldimethicone/Dimethicone Copolymer Behentrimonium Chloride
1267,Dimethicone PEG-7 Isostearate
1268,Hydroxypropyl Guar
1269,Sodium Polyaspartate
1270,Ahnfeltiopsis Concinna Extract
1271,Etidronic Acid
1272,Sodium Dehydroacetate
1273,Theobroma Cacao (Cocoa) Extract
1274,Saccharomyces/Copper Ferment Saccharomyces/Silicon Ferment Saccharomyces/Zinc Ferment Saccharomyces/Iron Ferment.']
1275,Quaternium-87
1276,Helianthus Annuus (Sunﬂower) Seed Oil
1277,Parfum/Fragrance
1278,Passiﬂora Edulis Seed Oil
1279,Saccharomyces/ Zinc Ferment
1280,Methyl Gluceth-10
1281,Fragrance (parfum)
1282,Mentha Piperita (peppermint) oil
1283,Helianthus Annuus (Sunflower) Seed oil
1284,Panthenyl Hydroxypropyl Steardimonium Chloride
1285,Linalol
1286,Hydrolyzed Vegetable Protein PG-Propyl
1287,Silanetriol
1288,Acetyl Tetrapeptide-3.']
1289,['Sodium Chloride
1290,Aqua/Water/Eau
1291,Maris Sal/Sea Salt
1292,Saccharide Isomerate
1293,Tricalcium Phosphate
1294,Caulerpa Lentillifera Extract
1295,['Replenishing Moisture Shampoo:'
1296,'Water/Aqua/Eau
1297,Fragrance (Parfum).'
1298,'Replenishing Moisture Conditioner:'
1299,Saccharomyces/ Iron Ferment
1300,Isopentyldiol
1301,Fragrance (Parfum). (10-16-35826).'
1302,'Replenishing Moisture CC Cream:'
1303,Honey Extract/Mel Extract/Extrait de Miel
1304,Alcohol Denat. (SD Alcohol 40-B)
1305,Tapioca Starch
1306,Polyacrylate-13
1307,Polyisobutene
1308,Silicone Quaternium-16/Glycidoxy Dimethicone Crosspolymer
1309,Charcoal Powder
1310,Polyaminopropyl Biguanide
1311,Hydrolyzed Pea Protein
1312,Sodium Succinate.']
1313,Silicone Quaternium-16/Glycidoxydimethicone Crosspolymer
1314,Steapyrium Chloride
1315,Lauryl Methyl Gluceth-10 Hydroxypropyldimonium Chloride
1316,Bis-Peg-18 Methyl Etherdimethyl Silane
1317,Opuntia Ficus-Indica Seed Oil
1318,Caulerpalentillifera Extract
1319,Tetrasodium Edta
1320,Citric Acid']
1321,Citrus Limon (Lemon) Peel Powder
1322,Perlite
1323,Buteth-3
1324,Tributyl Citrate
1325,Sodium Benzotriazolyl Butylphenol Sulfonate
1326,Sodium Chloride Sodium Methyl Cocoyl Taurate
1327,PEG-200 Hydrogenated Glyceryl Palmate
1328,Acrylates Copolymer Glycerin
1329,Hydroxyacetophenone Sodium Lauroyl Glycinate
1330,Cocoglucosides Hydroxypropyltrimonium Chloride
1331,PEG 150 D stearate Guar Hydroxypropyltrimonium Chloride
1332,Linalool Trisodium Ethylenediamine Disuccinate
1333,Sodium Benzoate Disodium EDTA
1334,Cocos Nucifera (Coconut) Oil Helianthus Annuus (Sunflower) Seed Oil
1335,Superoxide Dismutase Tocopheryl Acetate
1336,Passifora Edulis Seed Oil
1337,Saccharomyces/Copper Ferment Saccharomyces/Iron Ferment
1338,Saccharomyces/Silicon Ferment Saccharomyces/Zinc Ferment
1339,Caviar Extract Leuconostoc/Radish Root Ferment Filtrate
1340,Hamamelis Virginiana (Witch Hazel) Water
1341,Alcohol Denat.']
1342,Saccharomyces Ferment Filtrate
1343,Isodecyl Neopentanoate
1344,Epilobium Angustifolium Flower/Leaf/Stem Extract
1345,Pentasodium Pentetate
1346,Sodium Metabisulfite
1347,Cocamide MIPA
1348,Steareth-4
1349,Nymphaea Alba Flower Extract
1350,Citrus Glauca Fruit Extract
1351,Santalum Acuminatum Fruit Extract
1352,Acacia Victoriae Fruit Extract.']
1353,['Triisostearoyl Polyglyceryl-3 Dimer Dilinoleate
1354,Polybutene
1355,Diisostearyl Malate
1356,Polyglyceryl-2 Triisostearate
1357,VP/Hexadecene Copolymer
1358,Silica Dimethyl'
1359,'Silylate
1360,Adansonia Digitata Seed Oil
1361,Camellia Japonica Seed Oil
1362,Passiflora Incarnata Seed'
1363,'Oil
1364,Pentaclethra Macroloba Seed Oil
1365,Hexadecene
1366,Pentaerythrityl Tetra-Di-'
1367,'T-Butyl Hydroxyhydrocinnamate
1368,Flavor (Aroma). May Contain: Titanium Dioxide (CI 77891)
1369,Iron Oxides (CI 77491
1370,Ci 77492)
1371,Blue I Lake (CI 42090)
1372,Red 7 Lake (CI 15850)
1373,CI 45380 (Red 22 Lake)
1374,CI 45410 (Red 28 Lake).']
1375,Isopropyl Myristate
1376,C18-36 Acid Triglyceride
1377,Cucurbita Pepo Seed Extract
1378,PEG-30 Dipolyhydroxystearate
1379,Adansonia Digitata Fruit Extract
1380,Phenoxyethanol. May Contain: Titanium Dioxide (CI 77891)
1381,CI 77492
1382,CI 77499).']
1383,Synthetic Beeswax
1384,'Copernicia Cerifera (Carnauba) Wax/Cera Carnauba/Cire De Carnauba
1385,'Palmitic Acid
1386,Polyacrylate-21
1387,Butyrospermum Parkii Butter
1388,Acacia'
1389,'Senegal Gum
1390,'Disodium Phosphate
1391,Sodium'
1392,'Hydroxide
1393,'Iron Oxides (CI 77499).']
1394,['Synthetic Fluorphlogopite
1395,Lauroyl Lysine
1396,Hectorite
1397,Glyceryl Undecylenate
1398,Amethyst Powder
1399,Aqua (Water). May Contain (+/-) CI 77491 (Iron Oxides)
1400,CI 77499 (Iron Oxides)
1401,CI 77492 (Iron Oxides).']
1402,['Diisostearyl Malate
1403,Octyldodecyl Neopentanoate
1404,Tridecyl'
1405,'Trimellitate
1406,Dibutyl Lauroyl Glutamide
1407,Dibutyl'
1408,'Ethylhexanoyl Glutamide
1409,Calcium'
1410,'Sodium Borosilicate
1411,Pentaerythrityl Tetra-Di-T-Butyl Hydroxyhydrocinnamate
1412,C18-36 Acid Glycol Ester
1413,Adansonia Digitata Fruit Extract (Baobab Seed Extract)
1414,Cucurbita Pepo Seed Extract (Cucurbita Pepo (Pumpkin) Seed Extract)
1415,Kappaphycus Alvarezii Extract. May Contain (+/-) CI 77492 (Iron Oxides)
1416,CI 77491 (Iron Oxides)
1417,CI 77499 (Iron Oxides).']
1418,Adansonia Digitata Seed Extract.']
1419,['Octyldodecanol
1420,Trihydroxystearin
1421,Euphorbia Cerifera (Candelilla) Wax/Candelilla Cera/Cire De Candelilla
1422,C10-18 Triglycerides
1423,Dilinoleic Acid/Propanediol Copolymer
1424,Balanites Aegyptiaca Kernel Oil (Desert Date Oil)
1425,Hibiscus Sabdariffa Seed Oil
1426,Glycine Soja Oil
1427,Benzyl Alcohol. May Contain/Peut Contenir: Titanium Dioxide (CI 7781)
1428,CI 77499)
1429,Red 6 Lake (CI 15850).']
1430,['Skin-Enhancing Tint:'
1431,Peg-30 Dipolyhydroxystearate
1432,Phenoxyethanol. May Contain: Titanium Dioxide (Ci 77891)
1433,Iron Oxides (Ci 77491
1434,Ci 77499).'
1435,'Light-Catching Highlighter:'
1436,'Diisostearyl Malate
1437,Tridecyl Trimellitate
1438,Dibutyl Ethylhexanoyl Glutamide
1439,Calcium Sodium Borosilicate
1440,Titanium Dioxide (Ci 77891).'
1441,'Lip Treatment Oil:'
1442,'Triisostearoyl Polyglyceryl-3 Dimer Dilinoleate
1443,Vp/Hexadecene Copolymer
1444,Flavor (Aroma). May Contain: Titanium Dioxide (Ci 77891)
1445,Blue I Lake (Ci 42090)
1446,Red 7 Lake (Ci 15850)
1447,Ci 45380 (Red 22 Lake)
1448,Ci 45410 (Red 28 Lake).']
1449,['Water/Eau/Aqua
1450,Hippophae Rhamnoides (Sea Buckthorn/Argousier) Seed Oil
1451,Fragrance/Parfum
1452,['Butane
1453,Alcohol Denat. (Sd Alcohol 40-B)
1454,Oryza Sativa (Rice/Riz) Starch
1455,Water/Eau/Aqua
1456,Hippophae Rhamnoides (Sea Buckthorn/Argousier) Extract
1457,Hippophae Rhamnoides (Sea Buckthorn/Argousier) Fruit/Seed Oil
1458,Polyglutamic Acid
1459,Spirulina Platensis (Blue Green Algae) Extract
1460,Cocos Nucifera (Coconut) Water
1461,Selaginella Lepidophylla (Rose of Jericho) Extract
1462,Inonotus Obliquus (Mushroom) Extract
1463,Rhodiola Rosea (Arctic Root) Extract
1464,Eleutherococcus Senticosus (Siberian Ginseng) Root Extract
1465,Rhaponticum Carthamoides (Maral) Root Extract
1466,Glycereth-2 Cocoate
1467,Fragrance/Parfum.']
1468,Borago Officinalis (Borage/Bourrache) Seed Oil
1469,Mangifera Indica (Mango/Mangue) Seed Butter
1470,Butyrospermum Parkii (Shea/Karite) Butter
1471,Bis-PCA Dimethicone
1472,Disodium PEG-12 Dimethicone Sulfosuccinate
1473,Limonene antistatic agent/agent antistatique.']
1474,Behentrimonium Chloride*
1475,Quaterenium-91
1476,Persea Gratissima (Avocado/Avocat) Oil
1477,Brassica Campestris (Rapeseed/Colza) Seed Oil
1478,Sesamum Indicum (Sesame/Sésame) Seed Oil
1479,Cocos Nucifera (Coconut/Nuix de Coco) Oil
1480,Spirulina Platensis (Blue Green Algae /Algues Bleu-Verte) Extract
1481,Cocos Nucifera (Coconut/Nuix de Coco) Water
1482,Emblica Officinalis (Gooseberry/Groseille a Maquereau) Fruit Extract
1483,Polyquaternium-73
1484,Limonene. *Antistatic agent/agent antistatique.']
1485,Alcohol Denat. (SD ALCOHOL 40-B)
1486,Disiloxane
1487,Oryza Sativa (Rice) Starch
1488,Zeolite
1489,Myristyl Alcohol
1490,Cetrimonium Chloride*
1491,Decyl Oleate
1492,Trimethylsiloxyamodimethicone
1493,Hydrogenated Palm Glycerides Citrate
1494,Limonene *antistatic agent/agent antistatique.']
1495,['Soulfood Nourishing Mask:'
1496,'Water/Eau/Aqua
1497,Limonene Antistatic Agent/Agent Antistatique.'
1498,'The Kure Intense Repair Mask:'
1499,Bis-Pca Dimethicone
1500,Disodium Peg-12 Dimethicone Sulfosuccinate
1501,'Dream Routine Overnight Hydration Mask:'
1502,Spirulina Platensis (Blue Green Algae/Algues Blue-Verte) Extract
1503,Selaginella Lepidophylla (Rose of Jericho/Rose de Jéricho) Extract
1504,Inonotus Obliquus (Mushroom/Champignon) Extract
1505,Rhodiola Rosea (Arctic Root/Racine Arctique) Root Extract
1506,Galactoarabinan
1507,Camellia Sinensis (Green Tea/Thé Vert) Leaf Extract
1508,Lavandula Angustifolia (Lavender/Lavande) Flower Extract
1509,Hydrolyzed Adansonia Digitata (Baobab) Seed Extract
1510,Hydrolyzed Vegetable Protein
1511,Olealkonium Chloride
1512,Cinnamidopropyltrimonium Chloride
1513,Coceth-7
1514,Acrylamidopropyltrimonium Chloride/Acrylates Copolymer
1515,Violet External 2 (CI 60730).']
1516,Coconut Acid
1517,Hippophae Rhamnoides (Sea Buckthorn/Argousier) Fruit Extract
1518,Sodium Isethionate
1519,Cocamidopropyl Dimethylamine
1520,Hydrolyzed Linseed Seed
1521,Vitis Vinifera (Grape/Raisin) Leaf Extract
1522,Wine Extract
1523,Glycine Soja (Soybean) Germ Extract
1524,Scutellaria Baicalensis Root Extract
1525,Triticum Vulgare (Wheat/Blé) Germ Extract
1526,Glycine
1527,Benzophenone-4
1528,Calcium Gluconate
1529,Cellulose
1530,Trideceth-10
1531,AMP-Acrylates/Allyl Methacrylate Copolymer
1532,VP/Acrylates/Lauryl Methacrylate Copolymer
1533,Laureth-4
1534,Ceteth-10
1535,Citronellol *antistatic agent/agent antistatique.']
1536,Hippophae Rhamnoides (Sea Buckthorn/Argousier) Oil
1537,Avena Sativa (Oat/Avoine) Peptide
1538,Hydrolyzed Jojoba Protein
1539,Laurdimonium Hydroxypropyl Hydrolyzed Wheat Protein
1540,Ethyl Macadamiate
1541,Limonene *Antistatic Agent/Agent Antistatique.']
1542,Ethylhexyl Olivate
1543,['Prunus Amygdalus Dulcis (Sweet Almond/Amande Douce) Oil
1544,Argania Spinosa (Argan) Kernel Oil
1545,Spirulina Platensis (Blue-Green Algae/Algues Bleu-Verte) Extract
1546,Emblica Officinalis (Gooseberry/Groseille à Maquereau) Fruit Extract
1547,Oryza Sativa (Rice/Riz) Bran Extract
1548,Rosmarinus Officinalis (Rosemary/Romarin) Leaf Extract
1549,Helianthus Annuus (Sunflower/Tournesol) Extract
1550,PEG-8 Caprylic/Capric Glycerides
1551,Octyldodeceth-25
1552,Decylene Glycol
1553,Fragrance/Parfum']
1554,['Hydrofluorocarbon 152a
1555,PVP
1556,Maranta Arundinacea (Arrowroot) Root Powder
1557,Zinc Ricinoleate
1558,Pentapeptide-3
1559,Nephelium Lappaceum (Rambutan) Seed Extract
1560,Hippophae Rhamnoides (Sea Buckthorn) Fruit/Seed Oil
1561,Diisopropyl Adipate
1562,Citronellyl Methylcrotonate
1563,['Guar Hydroxypropyltrimonium Chloride
1564,Silicone Quaternium-17
1565,Hydroxyethyl Behenamidopropyl Dimonium Chloride
1566,Microcrystalline Wax
1567,Paraffin
1568,Polyethylene
1569,Spirulina Platensis (Blue Green Algae/Algues Bleu-Verte) Extract
1570,Polyester-11
1571,PEG-6 Caprylic/Capric Glycerides
1572,Glycine Soja (Soybean/Soja) Protein
1573,Glyoxal
1574,['Isobutane
1575,Trisiloxane
1576,Polyquaternium-59
1577,Plukenetia Volubilis Seed Oil
1578,PEG-50 Shea Butter
1579,Mangifera Indica (Mango/Mangue) Fruit Extract
1580,Centrimonium Chloride*
1581,Sodium Formate
1582,Sodium Sulfate
1583,Sodium Glycolate
1584,Limonene']
1585,Sodium Polyitaconate
1586,Maltodextrin/VP Copolymer
1587,Ext. Violet 2 (CI 60730) *antistatic agent/agent antistatique']
1588,Disodium Cocoamphodiacetate
1589,Chamomilla Recutita (Matricaria/Matricaire) Flower Extract
1590,Sodium Gluconate
1591,Glycol
1592,Glycol Stearate
1593,['Hydro Rush Intense Moisture Shampoo with Hyaluronic Acid:'
1594,Limonene.'
1595,'Hydro Rush Intense Moisture Conditioner with Hyaluronic Acid:'
1596,'Dream Routine Overnight Hydrating Hair Mask:'
1597,Hippophae Rhammnoides (Sea Buckthorn/Argousier) Seed Oil
1598,Polyquaternium 37
1599,PPG-1 Trideceth 6
1600,Polyquaternium-39
1601,Linum Usitatissimum (Linseed/Graine De Lin) Seed Extract
1602,Trideceth-3
1603,Trideceth-15
1604,Maris Sal (Dead Sea Salt/Sel De Mer Morte)
1605,Glyceryl Oleate
1606,Sorbitan Caprylate
1607,Lauryl Betaine
1608,Tropaeolum Majus (Indian Cress/Capucine) Flower/Leaf/Stem Extract
1609,Tocopheryl (Vitamin E/Vitamine E) Acetate
1610,Kaolin (Pink Clay/Argile Rose)
1611,Larix Europaea (Larch Wood/Bois de méléze) Extract
1612,Serenoa Serrulata (Saw Palmetto) Fruit Extract
1613,Urtica Dioica (Nettle Leaf/Feuille d’ortie) Extract
1614,Morus Alba (Mulberry/Mure) Root Extract
1615,Zinc Chloride
1616,Pouteria Sapota (Sapote) Seed Oil
1617,PEG-55 Propylene Glycol Oleate
1618,PEG-150 Stearate
1619,Ext. Violet 2 (CI 60730).']
1620,Trimethylsiloxysilicate
1621,Ozokerite/Synthetic Wax
1622,Bis-Diglyceryl Polyacyladipate-2
1623,Propylparaben
1624,May Contain: (+/-) Iron Oxides (Ci 77491
1625,Ci 77499)
1626,Titanium Dioxide (Ci 77891)
1627,Bismuth Oxychloride (Ci 77163).']
1628,['Mica
1629,Boron Nitride
1630,Zinc Stearate
1631,Zea Mays (Corn) Starch
1632,Zinc Myristate
1633,May Contain/Peut Contenir: (+/-) Yellow 5 Lake (Ci 19140)
1634,Carmine (Ci 75470)
1635,Ultramarines (Ci 77007)
1636,Titanium Dioxide (Ci 77891).']
1637,Mineral Oil
1638,Butylene/Ethylene/Styrene Copolymer
1639,Ethylene/Propylene/Styrene Copolymer
1640,Sodium Magnesium Silver Phosphate
1641,Tripeptide-1
1642,Xanthan Gum. May Contain (+/-): Red 7 Lake (Ci 15850)
1643,Red 6 (Ci 15850)
1644,Yellow 5 Lake (Ci 19140)
1645,Red 22 Lake (Ci 45380)
1646,Red 27 Lake (Ci 45410)
1647,['Tempera:'
1648,'Mica
1649,May Contain: (+/-) Yellow 5 Lake (Ci 19140)
1650,Titanium Dioxide (Ci 77891). *Contains Carmine as a color additive.'
1651,'Buon Fresco:'
1652,May Contain: (+/-) Carmine (Ci 75470)
1653,Titanium Dioxide (Ci 77891) Manganese Violet (Ci 77742). *Contains Carmine as a color additive.'
1654,'Antique Bronze
1655,Golden Ochre
1656,Burnt Orange:'
1657,'Love Letter:'
1658,Vinyl Dimethicone/Methiconesilsesquioxane Crosspolymer
1659,Manganese Violet (Ci 77742). *Contains Carmine as a color additive.'
1660,'Red Ochre:'
1661,'Realgar:'
1662,'Warm Taupe:'
1663,'Vinyl Dimethicone/Methicone Silsesquioxane Crosspolymer
1664,Manganese Violet (Ci 77742
1665,Titanium Oxide (Ci 77891). *Contains Carmine as a color additive.'
1666,'Vermeer
1667,Primavera:'
1668,Ferric Ferrocyanide (Ci 77510)
1669,'Cyprus Umber:'
1670,'Venetian Red:'
1671,'Raw Sienna:'
1672,Titanium Dioxide (Ci 77891). Contains Carmine as a color additive.']
1673,Tocopherol. May Contain (+/-): Mica
1674,Carmine* (Ci 75470)
1675,'Glistening:'
1676,Octyldodecyl Stearoyl Stearate
1677,Beeswax/Cera Alba
1678,Bronze Powder (Ci 77400)
1679,Iron Oxides (Ci 77491)
1680,'Orange Soda:'
1681,'Boron Nitride
1682,'Rose Pink:'
1683,'Sultry:'
1684,'Aluminum Calcium Sodium Silicate
1685,Zinc Myristate. May Contain (+/-): Mica
1686,Aluminum Powder (Ci 77000)
1687,'Bronze:'
1688,'Synthetic Fluorphlogopite
1689,Aluminum Calcium Sodium Silicate
1690,Alumina
1691,Calcium Aluminum Borosilicate
1692,Zinc Stearate. May Contain (+/-): Mica
1693,Iron Oxide (Ci 77491)
1694,'Mulberry:'
1695,Manganese Violet (Ci 77742)
1696,'Dusty Rose:'
1697,'Fairy:'
1698,'Burnt Orange Matte:'
1699,'Sienna:'
1700,'Rustic:'
1701,Mineral Oil/Paraffinum Liquidum
1702,'Noir:'
1703,Black 2 (Ci 77266)
1704,['Java
1705,Vanilla
1706,Fawn
1707,Havana
1708,and Banana:'
1709,'Talc
1710,May Contain (+/-): Iron Oxides (Ci 77491
1711,'Sand:'
1712,Talc
1713,Titanium Dioxide (Ci 7789).']
1714,['Polybutene
1715,Triisodecyl Trimellitate
1716,Mineral Oil/Paraffinum Liquidum/Huile Minerale
1717,Limnanthes Alba Seed Oil
1718,May Contain/Peut Contenir: (+/-) Red 6 (Ci 15850)
1719,Blue 1 Lake (Ci 42090)
1720,['Bronzed
1721,Tourmaline:'
1722,Synthetic Wax
1723,Magnesium Myristate
1724,May Contain/Peut Contenir: (+/-) Iron Oxides (Ci 77491
1725,'Summer:'
1726,'Moonstone:'
1727,Vp/Va Copolymer
1728,Hydrolyzed Glycosaminoglycans
1729,Propylparaben.']
1730,['Talc
1731,Methicone
1732,Butylparaben
1733,May Contain/Peut Contenir: Iron Oxides (CI 77499
1734,CI 77491)
1735,Ultramarines (CI 77007).']
1736,['Water (Aqua) Ceteareth-30
1737,D-Sorbitol
1738,Phenoxyethanol Propylene Glycol
1739,Potassium Sorbate.']
1740,['Marshmallow:'
1741,May Contain (+/-): Mica
1742,Titanium Dioxide (Ci 77891)'
1743,'Gumdrop:'
1744,'Ethylhexyl Palmitate
1745,May Contain (+/-): Red 40 Lake (Ci 16035)
1746,Iron Oxides (Ci 77492
1747,'Butterscotch:'
1748,'Starburst:'
1749,Red 40 Lake (Ci 16035)
1750,Iron Oxide (Ci 77492)
1751,['Phenyl Trimethicone
1752,Microcrystalline Wax/Cera Microcristallina
1753,Euphorbia Cerifera (Candelilla) Wax/Candelilla Cera
1754,Tocopheryl Acetate. May Contain (+/-): Iron Oxides (Ci 77491
1755,Triethanolamine
1756,Vp/Eicosene Copolymer
1757,Triethylhexanoin
1758,Hdi/Trimethylol Hexyllactone Crosspolymer
1759,Pentaerythrityl Tetra‐Di‐T‐Butyl Hydroxyhydrocinnamate. May Contain (+/-): Manganese Violet (Ci 77742)
1760,Microcrystalline Wax/Cera Microcristallina/Cire Microcristalline
1761,Bis-Behenyl/Isostearyl/Phytosteryl Dimer Dilinoleyl Dimer Dilinoleate
1762,Dicalcium Phosphate
1763,Ethyl Vanillin
1764,C20-24 Olefin
1765,Red 7 Lake (Ci 15850).']
1766,['Blank
1767,Kash:'
1768,May Contain/Peut Contenir: (+/-) Mica
1769,'Pageant:'
1770,Calcium Titanium Borosilicate
1771,May Contain/Peut Conteni: (+/-) Mica
1772,Iron Oxide (Ci 77499)
1773,['C10-18 Triglycerides
1774,Hydrogenated Palm Glycerides
1775,Microcrystalline Wax/Cire Microcristalline/Cera Microcristallina
1776,Tocopherol. May Contain: (+/-) Iron Oxides (CI 77491
1777,['Water/Aqua
1778,Polyglyceryl-4 Isostearate
1779,Hexyl Laurate
1780,Cetyl Peg/Ppg-10/1 Dimethicone
1781,Laminaria Ochroleuca Extract
1782,Pca
1783,Simethicone
1784,Lauryl Peg-9 Polydimethylsiloxyethyl Dimethicone
1785,Stearalkonium Hectorite
1786,Phenoxyethanol. May Contain (+/-): Chromium Oxide Greens (Ci 77288)
1787,Hydrogenated Cottonseed Oil
1788,['A1:'
1789,Ptfe
1790,Yellow 5 Lake (Ci 19140).'
1791,'A4
1792,D3:'
1793,Ptfe. May Contain (+/-): Titanium Dioxide (Ci 77891)
1794,'B1:'
1795,Hydrogen Dimethicone
1796,Chromium Oxide Greens (Ci 77288).'
1797,'B2:'
1798,'C1:'
1799,'Calcium Aluminum Borosilicate
1800,Iron Oxides (Ci 77491).'
1801,'C5:'
1802,'E4:'
1803,Iron Oxides (Ci 77492).'
1804,'Pressed Pigments:'
1805,'A2:'
1806,Yellow 6 Lake (Ci 15985).'
1807,'A3:'
1808,'A5
1809,B3
1810,B4
1811,B5
1812,C2
1813,C3
1814,E2:'
1815,Yellow 6 Lake (Ci 15985)
1816,Red 28 Lake (Ci 45410)
1817,'C4:'
1818,'D1:'
1819,Red 7 Lake (Ci15850)
1820,'D2:'
1821,Red 7 Lake (Ci 15850).'
1822,'D4:'
1823,Red 6 (Ci 15850).'
1824,'D5:'
1825,'E1:'
1826,Chromium Hydroxide Green (Ci 77289)
1827,Yellow 10 Lake (Ci 47005).'
1828,'E3:'
1829,'E5:'
1830,Acrylates/Ethylhexyl Acrylate Crosspolymer
1831,Pvp
1832,Ammonium Acrylates Copolymer
1833,Polyglyceryl-3 Disiloxane Dimethicone
1834,Laureth-21
1835,Sodium Lauryl Sulfate
1836,Peg-40 Hydrogenated Castor Oil
1837,Black 2 (Ci 77266) [Nano]
1838,Ci 77492).']
1839,Portulaca Oleracea Extract
1840,'A4:'
1841,Titanium Dioxide (Ci 77891).B2:'
1842,'C2:'
1843,'C3:'
1844,Iron Oxides (Ci 77492)
1845,Bismuth Oxychloride (Ci 77163)
1846,'A5:'
1847,Bismuth Oxychloride (Ci 77163).'
1848,'B3:'
1849,'B4:'
1850,Iron Oxides (Ci 77499)
1851,'B5:'
1852,'Calcium Sodium Borosilicate
1853,'D3:'
1854,'D5
1855,E4:'
1856,May Contain (+/-): Black 2 (Ci 77266) [Nano]
1857,'E2:'
1858,Red 6 Lake (Ci 15850)
1859,Ci 77499).']
1860,May Contain/Peut Contenir (+/-): Mica
1861,'Dreamer:'
1862,May Contain/Peut Contenir (+/-): Yellow 5 Lake (Ci 19140)
1863,'Incense:'
1864,Beeswax/Cera Alba/Cire d’abeille
1865,['Boron Nitride
1866,Tocopheryl Acetate. May Contain (+/-): Mica
1867,['NECTARINE DIISOSTEARYL MALATE
1868,BUTYLENE GLYCOL DICAPRYLATE/DICAPRATE
1869,DIMETHICONE
1870,ISOTRIDECYL ISONONANOATE
1871,POLYMETHYLSILSESQUIOXANE
1872,MICA
1873,PARAFFIN
1874,POLYISOBUTENE
1875,SILICA
1876,MICROCRYSTALLINE WAX/CERA MICROCRISTALLINA/CIRE MICROCRISTALLINE
1877,POLYETHYLENE
1878,SORBITAN SESQUIOLEATE
1879,EUPHORBIA CERIFERA (CANDELILLA) CERA/EUPHORBIA CERIFERA (CANDELILLA) WAX
1880,2-HEXANEDIOL
1881,CAPRYLIC/CAPRIC GLYCERIDES
1882,TOCOPHERYL ACETATE
1883,POLYGLYCERYL-2 TRIISOSTEARATE
1884,MAY CONTAIN/PEUT CONTENIR (+/-): TITANIUM DIOXIDE (CI 77891)
1885,IRON OXIDES (CI 77491
1886,CI 77492)
1887,RED 7 LAKE (CI 15850)
1888,YELLOW 5 LAKE (CI 19140)
1889,BLUE 1 LAKE (CI 42090)
1890,YELLOW 6 LAKE (CI 15985)']
1891,['A2:'
1892,Iron Oxides (Ci 77499).'
1893,'B1
1894,B3:'
1895,May Contain/Peut Contenir (+/-): Titanium Dioxide (Ci 77891)
1896,Decylene Gylcol
1897,Ultramarines (Ci 77007).'
1898,'Synthetic Fluorphogopite
1899,Ci 77492).'
1900,'C2
1901,D4:'
1902,Red 40 Lake (Ci 16035).'
1903,Ferric Ferrocyanide (Ci 77510).'
1904,'A1:'
1905,'B2
1906,B4:'
1907,Red 28 Lake (Ci 45410).'
1908,'D3
1909,D5:'
1910,May Contain/Peut Contenir (+/-): Blue 1 Lake (Ci 42090)
1911,Octyldodecanol Dimethicone
1912,Black 2 [Nano] (Ci 77266)
1913,['A1
1914,B1:'
1915,Synethic Wax
1916,Ethyhexyl Palmitate
1917,'Polybutylene Terephthalate
1918,Calcium Aluminum Borosilciate
1919,Hydrogenated Styrene/Isoprene Copolymer
1920,Aluminum Powder (Ci 77007)
1921,Red 40 (Ci 16035)
1922,Yellow 5 (Ci 19140).'
1923,'B3
1924,C4
1925,C5
1926,D1
1927,D2
1928,E1
1929,E4
1930,E5:'
1931,May Contain/Peut Contenir (+/-): Iron Oxides (Ci 77491
1932,Tianium Dioxide (Ci 77891)
1933,Ptfe Phenoxyethanol
1934,Ultramarines (Ci 77007).']
1935,Behenyl Dimethicone
1936,Bis-Stearyl Dimethicone
1937,Diphenyl Dimethicone
1938,Sodium Lauroyl Glutamate
1939,Lysine
1940,Chromium Oxide Greens (Ci 77288)
1941,Blue 1 Lake  (Ci 42090).']
1942,['Matte Highlighter Side:'
1943,'Isodecyl Isononanoate
1944,Hydrogenated Coco-Glycerides
1945,Euphorbia Cerifera (Candelilla Cera) Wax
1946,Microcrystalline Wax (Cera Microcristallina)
1947,Copernicia Cerifera (Cera Carnauba) Wax
1948,Talc. May Contain: (+/-) Titanium Dioxide (CI 77891)
1949,CI 77499).'
1950,'Shimmer Highlighter Side:'
1951,'Ricinus Communis (Castor) Seed Oil
1952,Bis-diglyceryl Polyacyladipate-2
1953,Calcium Sulfate
1954,Montmorillonite
1955,Beeswax (Cera Alba)
1956,Wheat Germ Glycerides. May Contain (+/-) Mica
1957,Bismuth Oxychloride (CI 77163)
1958,Carmine (CI 75470).']
1959,['Warm Tan Phenyl Trimethicone
1960,2- Hexanediol
1961,Manganese Violet (Ci 77742)']
1962,['A1'
1963,'A2'
1964,Ci77499).'
1965,'B1'
1966,Hydrogren Dimethicone
1967,'B5
1968,D1'
1969,May Contain/Peut Contenir (+/-): Magnesium Myristate
1970,Black 2 (Ci 77266) (Nano).'
1971,'D3'
1972,'E4'
1973,Sodium Potassium Aluminum Silicate
1974,Red 40 (Ci 16035).'
1975,'A3'
1976,Red 27 (Ci 45410).'
1977,A5
1978,B2'
1979,May Contain/Peut Contenir (+/-): Paraffin
1980,Red 27 (Ci 45410)
1981,Red 7 Lake (Ci 15850:1).'
1982,'B3'
1983,'B4'
1984,Ci 77499) Ultramarines (Ci 77007)
1985,Red 7 Lake (Ci 15850:1)
1986,'C1'
1987,Indigofera Tinctoria Leaf Extract
1988,'C2'
1989,'C3'
1990,'C4'
1991,'C5
1992,D5
1993,E2'
1994,May Contain/Peut Contenir (+/-): Sodium Potassium Aluminum Silicate
1995,Black 2 (Ci 77266) (Nano)
1996,'D2'
1997,Polyethylene Terephthalate
1998,Polyisobutylene
1999,Ethlyhexylglycerin
2000,Yellow 6 (Ci 15985)
2001,Blue 1 (Ci 42090)
2002,Aluminum Powder (Ci 77000).'
2003,'D4'
2004,Red 7 Lake (Ci 15850:1) Titanium Dioxide (Ci 77891).'
2005,'E1'
2006,Caprylyl Glycol. Hydrogen Dimethicone
2007,'E3'
2008,Red 34 (Ci 15880:1).'
2009,'E5'
2010,['Isotridecyl Isononanoate
2011,Quaternium-18 Bentonite
2012,Ethylene/Propylene Copolymer
2013,2 Hexanediol.']
2014,C3:'
2015,'A3
2016,May Contain/Peut Contenir (+/-): Bismuth Oxychloride (Ci 77163)
2017,Red 21 Lake (Ci 45380)
2018,Zda Mays (Corn) Starch
2019,Green 5 (Ci 61570)
2020,Yellow 10 (Ci 47005)
2021,May Contain/Peut Contenir: (+/-) Blue 1 Lake (CI 42090)
2022,['Brow Definer:'
2023,'Behenic Acid
2024,Rhus Succedanea Fruit Wax/Cera
2025,Lanolin
2026,Sucrose Tetrastearate Triacetate
2027,Sorbitan Sesquiisostearate
2028,'Clear Brow Gel:'
2029,['Eyeshadows'
2030,'Pressed Pigments for Cheeks:'
2031,Phenoxyethanol. May Contain (+/-): Red 30 Lake (Ci 73360)
2032,Pentaerythrityl Tetraisostearate
2033,Polyglyceryl-2 Diisostearate
2034,Blue 1 Lake (Ci 42090).']
2035,Beheneth-30
2036,Fructose
2037,Glutamic Acid
2038,Glyceryl Isostearate
2039,Urea
2040,May Contain: (+/-) Mica
2041,Ppg-26-Buteth-26
2042,['Belle:'
2043,'Fleur:'
2044,'Hope:'
2045,'Isle:'
2046,Carmine (Ci 75470).'
2047,'Liberty:'
2048,'Lili:'
2049,'Muse:'
2050,Black 2 (Ci 77266) [Nano].'
2051,'Peacock:'
2052,'Wings:'
2053,'Wisteria:'
2054,'Metro
2055,Paloma:'
2056,'Pressed Pigment for Cheeks:'
2057,C1:'
2058,Red 30 Lake (Ci 73360)
2059,Red 33 Lake (Ci 17200)
2060,['Eye Shadows:'
2061,Blue 1 Lake (Ci 42090).'
2062,'Pressed Pigments For Face And Body:'
2063,D4
2064,Ferric Ammonium Ferrocyanide (Ci 77510)
2065,May Contain/Peut Contenir (+/-): Ultramarines (Ci 77007)
2066,'E2
2067,May Contain/Peut Contenir (+/-): Red 7 Lake (Ci 15850)
2068,Ferric Ammonium Ferrocyanide (Ci 77510).']
2069,['Calcium Sodium Borosilicate
2070,Neopentyl Glycol Dicaprylate/Dicaprate
2071,Chondrus Crispus (Carrageenan)
2072,['Taupe:'
2073,'Brow Freeze:'
2074,Ceteareth-30
2075,Potassium Sorbate.'
2076,'Brow Powder Duo:'
2077,['Pompia:'
2078,Zea Mays (Corn) Starch [Zea Mays Starch]
2079,Oryza Sativa (Rice) Starch [Oryza Sativa Starch]
2080,'Sardinia:'
2081,Polyisoprene
2082,Tin Oxide. May Contain/Peut Contenir (+/-) Titanium Dioxide (Ci 77891)
2083,'Camellia:'
2084,'Tamarindo:'
2085,May Contain/Peut Contenir (+/-):Titanium Dioxide (Ci 77891)
2086,Red 30 Lake (Ci 73360).'
2087,'Hibiscus:'
2088,May Contain/Peut Contenir (+/-) Titanium Dioxide (Ci 77891)
2089,'Sunset Beach:'
2090,May Contain/Peut Contenir (+/-)  Titanium Dioxide (Ci 77891)
2091,Carmine (Ci 75470).']
2092,Euphorbia Cerifera (Candelilla) Wax/Euphorbia Cerifera Cera/Cire De Candelilla
2093,Sorbitan Sesquioleate
2094,Yellow 5 Lake (Ci 19140).']
2095,['Ethylhexyl Palmitate
2096,Propylparaben. May Contain (+/-): Iron Oxides (Ci 77491
2097,Lyral
2098,Iron Oxides (Ci 77499).']
2099,['Eyeshadows:'
2100,'Ashes
2101,Noble:'
2102,'Element:'
2103,Copper Powder (Ci 77400)
2104,'Haze:'
2105,'Heavenly:'
2106,'Nocturne:'
2107,'Nova:'
2108,'Rose Fire:'
2109,'Rose Quartz:'
2110,'Royal:'
2111,'Sunrose:'
2112,Yellow 5 Lake (Ci 19140)'
2113,'Pressed Pigments for Face and Body:'
2114,'Dune:'
2115,Red 7 (Ci 15850)
2116,['Brow Wiz - Medium Brown:'
2117,'Hydrogenated Soybean Oil
2118,Copernicia Cerifera (Carnauba) Wax/Cera Carnauba/Cire De Carnauba
2119,'Brow Definer - Medium Brown:'
2120,['Rose Water:'
2121,'Fire Opal:'
2122,'Grapefruit:'
2123,Water/Eau/ Aqua
2124,Rosin/Colophane
2125,'Saddle:'
2126,'Claret:'
2127,'Deep Berry:'
2128,Red 21 Lake (Ci 45380).'
2129,'Honey:'
2130,'Mango:'
2131,'Peony:'
2132,'Primrose:'
2133,Red 6 Lake (Ci 15850).'
2134,'Rouge:'
2135,'Sparkling Amber:'
2136,Ci77492
2137,Oryza Sativa (Rice) Bran Wax
2138,Copernicia Cerifera (Carnauba) Wax/Copernicia Cerifera Cera/Cire De Carnauba
2139,Stearyl Stearate
2140,['Eyeshadow in Dawn:'
2141,'Eyeshadow in Fireworks:'
2142,'Eyeshadow in Pretty:'
2143,'Eyeshadow in Softy:'
2144,'Eyeshadow in Sunburst:'
2145,Iron Oxide (Ci 77491
2146,'Pressed Pigment in Dusk:'
2147,'Pressed Pigment in Rosey:'
2148,'Pressed Pigment in Sunset:'
2149,Yellow 6 Lake (Ci 15985).']
2150,['Lipstick:'
2151,Bis-Peg-12 Dimethicone Beeswax
2152,'Liner:'
2153,'C10-18 Triglycerides
2154,Synthetic Japan Wax
2155,May Contain (+/-): Red 7 Lake (Ci 15850)
2156,['Stick Blush:'
2157,Butylene Glycol Dicaprylate/Dicaprate
2158,Isotridecyl Isononanoate
2159,Euphorbia Cerifera (Candelilla) Cera/Euphorbia Cerifera (Candelilla) Wax
2160,Caprylic/Capric Glycerides
2161,'Satin Lipstick:'
2162,'Triisodecyl Trimellitate
2163,Trimethylolpropane Triisostearate
2164,Hydrogenated Styrene/Butadiene Copolymer
2165,Phytosteryl Isostearate
2166,'Lip Liner:'
2167,['Dimethicone
2168,['Butylene Glycol Dicaprylate/Dicaprate
2169,Iron Oxides (Ci 77491).']
2170,'Mini DIPBROW Gel:'
2171,'Isododecane
2172,Pentaerythrityl Tetra‐Di‐T‐Butyl Hydroxyhydrocinnamate. May Contain (+/-): Ultramarines (Ci 77007)
2173,'Mini Clear Brow Gel:'
2174,Euphorbia Cerifera (Candelilla) Wax/CireDe Candelilla/Candelilla Cera
2175,Beeswax/Cire d’abeille/Cera Alba
2176,SilicaDimethyl Silylate
2177,Montan Wax/Montan Cera
2178,May Contain: (+/-)
2179,Hydroxypropylgluconamide
2180,Hydroxypropylammonium Gluconate
2181,Myristoyl Pentapeptide-17
2182,Panax Ginseng Root Extract
2183,C15-23 Alkane
2184,C13-14 Alkane
2185,Tartaric Acid
2186,['Isononyl Isononanoate
2187,Silica Silylate
2188,['Lash Brag Volumizing Mascara:'
2189,'Liquid Liner:'
2190,['Simmondsia Chinensis (Jojoba) Seed Oil
2191,Borago Officinalis Seed Oil
2192,Ribes Nigrum (Black Currant) Seed Oil
2193,Brassica Campestris (Rapeseed) Seed Oil
2194,Santalum Austrocaledonicum Wood Oil
2195,Levisticum Officinale Oil
2196,Boswellia Carterii Gum Extract
2197,Tocotrienols
2198,Althaea Officinalis Leaf Extract
2199,Melissa Officinalis Leaf Extract
2200,Vaccinium Myrtillus Leaf Extract
2201,Squalene
2202,Beta-Sitosterol
2203,['Brow Freeze:'
2204,'Brow Pen:'
2205,['Aqua / Water
2206,Acetylated Glycol Stearate
2207,Peg-10 Dimethicone
2208,Acrylonitrile/Methyl Methacrylate/Vinylidene Chloridecopolymer
2209,Parfum / Fragrance
2210,Disodium Stearoyl Glutamate
2211,Isostearyl Isostearate
2212,Magnesium Silicate
2213,Colophonium / Rosin
2214,Aluminum Hydroxide.']
2215,Cera Alba / Beeswax / Cire d’abeille
2216,Ci 77891 / Titanium Dioxide
2217,Ci 77499 / Iron Oxides
2218,Ethylene/Va Copolymer
2219,Ci 77266 / Black 2
2220,Tocopherol']
2221,['Cyclohexasiloxane
2222,Aqua / Water
2223,Peg/Ppg-18/18 Dimethicone
2224,Cera Microcristallina / Microcrystalline Wax
2225,Helianthus Annuus Seed Oil / Sunflower Seed Oil
2226,[May Contain Ci 77891 / Titanium Dioxide
2227,Ci 77491
2228,Ci 77499 / Iron Oxides].']
2229,['Alcohol
2230,Methyl-2-Octynoate
2231,Ci 61570 / Green 5
2232,Ci 17200 / Red 33.']
2233,Methyl Anthranilate
2234,Ci 17200 / Red 33
2235,Ci 60730 / Ext. Violet 2.']
2236,Parfum
2237,Aqua
2238,Ci 14700
2239,Red 4
2240,Ci 19140
2241,Yellow 5
2242,Ci 15510
2243,Orange 4.']
2244,['Aqua/Water
2245,Undecane
2246,Tridecane
2247,Helianthus Annuus Seed Oil/Sunflower Seed Oil
2248,Acrylonitrile/Methyl Methacrylate/Vinylidene Chloride
2249,Copolymer
2250,Aluminum Hydroxide; May Contain: Ci 77891/Titanium Dioxide
2251,I 77491
2252,Ci 77499/Iron Oxides.']
2253,Aqua/Water
2254,Dimethicone/Peg-10/15 Crosspolymer
2255,Triethoxysilylethyl Polydimethylsiloxyethyl Dimethicone
2256,Isopropyl Titanium Triisostearate
2257,'[May Contain Ci 77891 / Titanium Dioxide
2258,]']
2259,Benzyl Salicylate.']
2260,['My Way:'
2261,'Alcohol
2262,Ci 60730 / Ext. Violet 2.'
2263,'Acqua di Gioia:'
2264,Ci 60730/Ext. Violet 2
2265,Red 4.']
2266,Ci 77492 / Iron Oxides
2267,Ci 77491 / Iron Oxides
2268,Isoceteth-10
2269,Bis-Peg/Ppg-14/14 Dimethicone
2270,Dimethicone/Polyglycerin-3 Crosspolymer
2271,Ethyl Menthane Carboxamide
2272,Rosa Gallica Flower Extract
2273,Sorbitol
2274,Ci 19140 / Yellow 5
2275,Ci 14700 / Red 4
2276,Cera Alba/Beeswax
2277,Copernicia Cerifera Cera/Carnauba Wax
2278,Acacia Senegal/Acacia Senegal Gum
2279,Sodium Polymethacrylate
2280,Hydrogenated Jojoba Oil
2281,Hydrogenated Palm Oil
2282,Phenyl Ethyl Alcohol
2283,Peg/Ppg-17/18 Dimethicone
2284,[May Contain Ci 77499/Iron Oxides].']
2285,Aqua / Water Linalool
2286,Tris (Tetramethylhydroxypiperidinol) Citrate
2287,Ci 60730 / Ext. Violet 2
2288,Ci 42090 / Blue 1.']
2289,Ci 14700/Red 4
2290,Ci 17200/Red 33.']
2291,Ci 77891/Titanium Dioxide
2292,Ci 77491/Iron Oxides
2293,Acrylonitrile/Methyl Methacrylate/Vinylidene Chloride Copolymer
2294,Ci 77492/Iron Oxides
2295,Pentaerythrityl Tetra-Di-T-Butyl Hydroxyhydrocinnamate.']
2296,Ci 60730/Ext.Violet 2.']
2297,Cera Alba / Beeswax
2298,Copernicia Cerifera Cera / Carnauba Wax
2299,Ethylene/Acrylic Acid Copolymer
2300,Steareth-2
2301,Acacia Senegal / Acacia Senegal Gum
2302,Ethylenediamine/Stearyl Dimer Dilinoleate Copolymer
2303,2-Oleamido-1
2304,3-Octadecanediol
2305,Soluble Collagen
2306,Sodium Chondroitin Sulfate
2307,Atelocollagen.']
2308,Colophonium/Rosin
2309,Aluminum Hydroxide; May Containci 77891/Titanium Dioxide
2310,Ci 15850/Red 7
2311,Ci 45410/Red 28 Lake
2312,Ci 77499/Iron Oxides
2313,Ci 15985/Yellow 6 Lake
2314,Ci 45380/Red 22 Lake
2315,Ci 15850/Red 6
2316,Ci 19140/Yellow 5 Lake
2317,Ci 77742/Manganese Violet
2318,Ci 17200/Red 33 Lake
2319,Ci 75470/Carmine
2320,Ci 15850/Red 7 Lake
2321,Ci 77120/Barium Sulfate
2322,Ci 42090/Blue 1 Lake
2323,Mica.']
2324,Copernicia Cerifera Cera/ Carnauba Wax
2325,Benzotriazolyl Dodecyl P-Cresol
2326,Bumetrizole
2327,Tris (Tetramethylhydroxypiperidinol) Citrate.']
2328,Diethylamino Hydroxybenzoyl Hexyl Benzoate
2329,['Shea Butter (Primer): Moisturizes skin.'
2330,'Luminous Silk Foundation:'
2331,'Aqua / Water
2332,Hexyl Cinnamal.'
2333,'Luminous Silk Hydrating Makeup Primer:'
2334,'Aqua/Water
2335,'Eyes to Kill Mascara:'
2336,[May Contain Ci 77499/Iron Oxides].N6']
2337,Tris (Tetramethylhydroxypiperidinol) Citrate Citral
2338,Ci 15510 Orange 4.']
2339,CI 14700/Red 4
2340,CI 60730/Ext. Violet 2
2341,CI 19140/Yellow 5
2342,CI 17200/Red 33.']
2343,['Lip Power Lipstick in 104 Selfless
2344,504 Flirt:'
2345,'Trimethylsiloxyphenyl Dimethicone
2346,Hydrogenated Styrene/Methylstyrene/Indene Copolymer
2347,Acrylic Acid/Isobutyl Acrylate/Isobornyl Acrylate Copolymer
2348,Cera Microcristallina/Microcrystalline Wax
2349,Ci 61570/Green 5
2350,Ci 17200/Red 33
2351,Ci 60730/Ext. Violet 2.']
2352,Steareth-100
2353,Behenic Acid
2354,Edta
2355,['Sì Passione Eau de Parfum:'
2356,Coumarin.'
2357,'Lip Maestro Liquid Matte Lipstick:'
2358,Geraniol Ci 60730
2359,Ext. Violet 2
2360,Ci 17200
2361,Red 33
2362,Ci 42090
2363,Blue 1.']
2364,CI 61570/Green 5
2365,Ci 60730
2366,Ext. Violet 2']
2367,['Aqua
2368,Paraffinum Liquidum
2369,Elaeis Guineensis Oil
2370,Palm Oil
2371,Titanium Dioxide (Ci 77891). May Contain (+/-): Silica
2372,Carmine.']
2373,['Pentaerythrityl Tetraisostearate
2374,Isocetyl Stearate
2375,VP/Eicosene Copolymer
2376,Barium Sulfate
2377,Isoeugenol (+/-) Titanium Dioxide CI 77891
2378,Iron Oxides CI 77492
2379,Iron Oxides CI 77499
2380,Mica CI 77019.']
2381,['Exposed:'
2382,Cetearyl Isononanoate
2383,Poloxamer
2384,Silica (+/-) Iron Oxides CI 77492
2385,Titanium Dioxide CI 77891
2386,Yellow 5 Lake CI 19140
2387,Mica CI 77019
2388,Bismuth Oxychloride CI 77163
2389,Chromium Oxide Greens CI 77288.'
2390,'Transcend:'
2391,Poloxamer 338
2392,Silica (+/-) Manganese Violet CI 77742
2393,Red 7 Lake CI 15850.'
2394,'Opulence:'
2395,Oryza Sativa (Rice) Extract
2396,Sorbic Acid (+/-) Mica CI 77019
2397,Titanium Dioxide CI 77891.'
2398,'Nudist:'
2399,Zinc Stearate (+/-)Titanium Dioxide CI 77891
2400,Iron Oxides CI 77499.'
2401,'Stripped:'
2402,Silica (+/-) Titanium Dioxide CI 77891
2403,Manganese Violet CI 77742
2404,Yellow 5 Lake CI 19140.'
2405,'Lavish:'
2406,'Oryza Sativa (Rice) Extract
2407,Tin Oxide (+/-) Mica CI 77019
2408,Bronze Powder CI 77400
2409,Iron Oxides CI 77492.'
2410,'Bronziana:'
2411,Copper Powder CI 77400
2412,Iron Oxides 77499
2413,'Aesthetic:'
2414,Alumina (+/-) Manganese Violet CI 77742
2415,Chromium Oxide Greens CI 77288
2416,'Silhouette:'
2417,Silica (+/-) Iron Oxides CI 77499
2418,Titanium Dioxide CI 77890
2419,Manganese Violet CI 77742.'
2420,'Eccentric:'
2421,'Supreme:'
2422,(+/-) Mica CI 77019
2423,'Mink:'
2424,Ultramarines CI 77007.']
2425,Polyglyceryl-2 Tetraisostearate
2426,Hydrogenated Styrene/Methyl Styrene/Indene Copolymer
2427,Menthone Glycerin Acetal
2428,Pentaerythrityl Tetra-di-t-butyl Hydroxyhydrocinnamate
2429,Flavor (Aroma)
2430,Ricinus Communis (Castor) Seed Oil [Ricinus Communis Oil]
2431,Iron Oxides (CI 77492)
2432,Blue 1 Lake (CI 42090)
2433,Red 7 Lake (CI 15850).']
2434,['Hydrogenated Polyisobutene
2435,Ethylene/Propylene/Styrene'
2436,'Copolymer
2437,'Caprylic/Capric Triglyceride
2438,Hydroxymethoxyphenyl'
2439,'Propylmethylmethoxybenzofuran
2440,Pentaerythrityl Tetra-di-t-butyl'
2441,'Hydroxyhydrocinnamate
2442,Passiflora Edulis Seed Oil
2443,Rubus Idaeus Leaf Cell Culture
2444,May Contain/Peut Contenir(+/-): Titanium Dioxide Ci 77891
2445,Iron Oxides ( Ci 77491
2446,Yellow 5 Lake Ci 19140
2447,Ironoxides ( Ci 77491
2448,'Iconic:'
2449,May Contain/Peut Contenir (+/-): Bronze Powder Ci 77400
2450,Copper Powder Ci 77400
2451,Manganese Violet Ci 77742
2452,Titanium Dioxide Ci 77891
2453,May Contain/Peut Contenir(+/-): Manganese Violet Ci 77742
2454,Chromium Oxide Greens Ci 77288
2455,'Brilliance:'
2456,Bismuth Oxychloride Ci 77163
2457,'Undressed:'
2458,May Contain/Peut Contenir (+/-): Titanium Dioxide Ci 77891
2459,'Supreme 2.0:'
2460,Ultramarines Ci 77007
2461,['Mirage:'
2462,Poloxamer 338May Contain/Peut Contenir(+/-): Titanium Dioxide CI 77891
2463,Iron Oxides (CI 77492
2464,CI 77491
2465,CI 77499)'
2466,'Taupeless:'
2467,Poloxamer 338 May Contain/Peut Contenir(+/-): Titanium Dioxide CI 77891
2468,'Glisten:'
2469,'Shady:'
2470,Aluminum Dimyristate
2471,May Contain/Peut Contenir(+/- ): Titanium Dioxide CI 77891
2472,IronOxides( CI 77492
2473,May Contain/Peut Contenir (+/-): Mica CI 77019
2474,Iron Oxides (CI 77491)'
2475,'H.B.I.C.:'
2476,Poloxamer 338 May Contain/Peut Contenir(+/-):Bronze Powder CI 77400
2477,'Gilded:'
2478,Ethylhexyl Palmitate Zinc Stearate
2479,Iron Oxides CI 77491'
2480,'Tantalize:'
2481,'Sunkissed:'
2482,May Contain/Peut Contenir (+/-): Yellow 5 Lake CI 19140
2483,Iron Oxides ( CI 77491)'
2484,'Toasty:'
2485,May Contain/Peut Contenir(+/-): Titanium Dioxide CI 77891
2486,'Soleil:'
2487,CI 77492).'
2488,'Baked:'
2489,May Contain/Peut Contenir(+/-):Manganese Violet CI 77742
2490,['Overexposed:'
2491,'Risqué:'
2492,Polyethylene Terephthalate Synthetic Fluorphlogopite
2493,Polyurethane-33
2494,May Contain/Peut Contenir (+/-): Iron Oxides Ci 77491
2495,Aluminum Powder Ci 77000).'
2496,'Provocative:'
2497,Poloxamer 338 May Contain/Peut Contenir(+/-): Manganese Violet Ci 77742
2498,Titanium Dioxide#Ci 77891
2499,'Strip Down:'
2500,Aluminum Dimyristate Triethoxycaprylylsilane
2501,Silica May Contain/Peut Contenir (+/-): Iron Oxides (Ci 77491
2502,Titanium Dioxide Ci 77891.'
2503,'Kinky:'
2504,'Lust:'
2505,'Audacious:'
2506,Ethylene/Acrylic Acid Copolymer Ethylhexyl Palmitate
2507,Silica May Contain/Peut Contenir (+/-): Manganese Violet Ci 77742
2508,Titanium Dioxide Ci 77891).'
2509,'Obscene:'
2510,Tin Oxide Aluminum Dimyristate
2511,Silica May Contain/Peut Contenir (+/-):Titanium Dioxide Ci 77891
2512,Iron Oxides Ci 77491).'
2513,'Royale:'
2514,Sodium Saccharin
2515,Silica May Contain/Peut Contenir(+/-): Manganese Violet Ci 77742
2516,'Sex Appeal:'
2517,Boron Nitride May Contain/Peut Contenir (+/-): Iron Oxides (Ci 77491
2518,'Seductress:'
2519,Ferric Ferrocyanide Ci 77510.'
2520,'Prestige:'
2521,'Silica
2522,Red 33 Lake Ci 17200
2523,Synthetic Fluorophlogopite
2524,Aminomethyl Propanediol
2525,[+/- (May Contain): Iron Oxides (CI 77491
2526,Titanium Dioxide (CI 77891)].']
2527,Sodium Hyaluronate. May Contain/Peut Contenir (+/-):Mica CI 77019
2528,Ultramarines CI 77007
2529,Yellow 5 Lake CI 19140.']
2530,['Quickie:'
2531,Zinc Stearate (+/-) Iron Oxides CI 77492
2532,'Rendezvous:'
2533,Tin Oxide (+/-) Iron Oxides CI 77499
2534,Aluminum Powder CI 77000
2535,'After Hours:'
2536,Alumina (+/-) Iron Oxides CI 77499
2537,Mica CI 77019.'
2538,'Lights Out:'
2539,Lauroyl Lysine (+/-) Manganese Violet CI 77742
2540,Red 7 Lake CI 15850
2541,Red 28 Lake CI 45410
2542,'Frisky:'
2543,Methicone (+/-) Iron Oxides CI 77491
2544,'Rebel:'
2545,Poloxamer 338 (+/-) Manganese Violet CI 77742
2546,'Night Cap:'
2547,Sorbic Acid (+/-) Titanium Dioxide CI 77891
2548,Iron Oxides CI 77491.'
2549,'Vixen:'
2550,Silica (+/-) Red 28 Lake CI 45410
2551,Iron Oxides CI 77499.']
2552,Glyceryl Stearate Citrate
2553,Caramel
2554,Camellia
2555,Oleifera Seed Oil
2556,Sodium Acrylates Copolymer
2557,Citrus Grandis (Grapefruit) Peel Oil [Citrus Grandis Oil]
2558,Solanum Lycopersicum (Tomato) Leaf Cell Culture Extract
2559,O-Cymen-5-Ol
2560,Alanyl Glutamine
2561,Oligopeptide-177
2562,Sisymbrium Irio Seed Oil.']
2563,Ethyl Oleate
2564,Polyglyceryl-4 Oleate
2565,Polyglyceryl-6 Oleate
2566,Zinc PCA
2567,Sisymbrium Irio Seed Oil
2568,Palmitoyl Tripeptide-8.']
2569,Hydrogenated Phosphatidylcholine
2570,Sodium Carbomer
2571,Glycine Soja (Soybean) Protein
2572,Palmitoyl Tripeptide-8
2573,Oleic Acid
2574,Scenedesmus Rubescens Extract
2575,Sodium Dextran Sulfate
2576,Brassica Alba Oil
2577,Maris Aqua/Sea Water/Eau de Mer
2578,Ethylhexyl Polyhydroxystearate
2579,Hydrolyzed Adansonia Digitata Extract
2580,Porphyridium Cruentum Extract
2581,Phragmites Communis Extract
2582,Poria Cocos Extract
2583,Backhousia Citriodora Leaf Extract
2584,Epigallocatechin Gallatyl Glucoside.']
2585,Olus/Vegetable Oil/Huile Végétale
2586,Nigella Sativa Seed Oil
2587,Zinc Pca
2588,Candelilla Cera/Euphorbia Cerifera (Candelilla) Wax/Cire De Candelilla
2589,Totarol
2590,Resveratrol
2591,Ascorbyl Tetraisopalmitate
2592,Maltitol
2593,Leontopodium Alpinum Callus Culture Extract
2594,Xylitylglucoside
2595,Anhydroxylitol
2596,Xylitol
2597,Punica Granatum Extract
2598,Hydrogenated Vegetable Glycerides
2599,Terminalia Arjuna Extract
2600,Centella Asiatica Flower/Leaf/Stem Extract
2601,C12-16 Alcohols
2602,Caesalpinia Spinosa Gum
2603,O-Cymen- 5-Ol
2604,Punica Granatum (Pomegranate) Fruit Extract
2605,Wine
2606,Alanyl Glutamine.']
2607,Polyglyceryl-10 Stearate
2608,Polyglyceryl-3 Diisostearate
2609,Carthamus Tinctorius Flower Extract
2610,Hydrolyzed Hyaluronic Acid
2611,Chondrus Crispus (Carrageenan) Extract
2612,Erythritol
2613,Mentha Piperita (Peppermint) Leaf Water
2614,Magnesium Aspartate
2615,Zinc Gluconate
2616,Corylus Avellana Leaf Extract
2617,Lepidium Meyenii Root Extract
2618,Acetyl Tyrosine
2619,Ornithine
2620,Nasturtium Officinale Extract
2621,Tropaeolum Majus Extract
2622,Levulinic Acid
2623,Copper Gluconate
2624,Brassica Alba Seed Extract
2625,Oligopeptide-6
2626,Bambusa Arundinacea Stem Extract
2627,Hippophae Rhamnoides Fruit Extract.']
2628,['Shampoo:'
2629,'Aqua/Water/Eau
2630,Coco-Betaine
2631,Acacia Concinna Fruit Extract
2632,Amber Extract
2633,Sisymbrium Irio Seed Oil.'
2634,'Conditioner:'
2635,Distearoylethyl Dimonium Chloride
2636,Avena Sativa (Oat) Kernel Oil
2637,Punica Granatum Seed Oil
2638,'Scalp Treatment:'
2639,Lactobacillus/Wasabia Japonica Root Ferment Extract
2640,Paeonia Lactiflora Root Extract
2641,'Cetearyl Alcohol
2642,Ricinus Communis (Castor)Seed Oil
2643,Xanthan'
2644,'Gum
2645,Polyglyceryl-3 Methylglucose Distearate
2646,['The Cream Cleansing Gel with TFC8 Gentle Cleanser:'
2647,'Aqua (Water)
2648,Coco-glucoside
2649,2-hexanediol
2650,O-cymen-5-ol
2651,'The Essence:'
2652,Sodium Chloride.'
2653,'The Rich Cream with TFC8 Face Moisturizer:'
2654,CI 15510/Orange 4
2655,CI 61570/Green 5.']
2656,['Alcohol Denat
2657,Alpha Isomethylionone
2658,['Water (Aqua/Eau)
2659,Trehalose
2660,Peucedanum Japonicum Leaf/Stem Extract
2661,Eschscholtzia Californica Leaf Cell Extract
2662,Saccharomyces Ferment Lysate Filtrate
2663,Citrus Unshiu Peel Extract (Citrus Unshiu)
2664,Zingiber Aromaticus Extract
2665,Beheneth-20
2666,Batyl Alcohol
2667,Sodium Metaphosphate
2668,Phenoxyethanol. May Contain/Peut Contenir (+/-): Iron Oxides (Ci 77491
2669,Agar
2670,Globularia Cordifolia Callus Culture Extract
2671,Salicornia Herbacea Extract
2672,Melilotus Officinalis Extract
2673,Succinoglycan
2674,Polyglyceryl-4 Laurate/Succinate
2675,Magnesium Hydroxide
2676,Potassium Chloride
2677,Calcium Chloride
2678,Phenoxyethanol. May Contain (+/-): Titanium Dioxide
2679,Iron Oxides.']
2680,['Zea Mays (Corn Starch)
2681,Corn Starch Modified
2682,Magnesium Stearate. May Contain: Mica
2683,Diphenyl Dimethicone/Vinyl Diphenyl Dimethicone/Silsesquioxane Crosspolymer
2684,Diphenylsiloxy Phenyl Trimethicone
2685,Vitis Vinifera (Grape) Juice Extract
2686,Ananas Sativus (Pineapple) Fruit Extract
2687,Paeonia Albiflora Root Extract
2688,Quercetin
2689,Polysilicone-2
2690,Calcium Silicate
2691,Water (Aqua/Eau)
2692,Chlorphenesin. May Contain/Peut Contenir (+/-): Titanium Dioxide (Ci 77891)
2693,['Mica (CI 77019)
2694,Iron Oxides (CI 77499
2695,Ultramarines (CI 77007)
2696,Sodium Dehydroacetate. May Contain/Peut Contenir (+/-): Titanium Dioxide (Ci 77891)
2697,['Ricinus Communis (Castor) Seed Oil
2698,Euphorbia Cerifera (Candelilla) Wax (Candelilla Cera/Cire De Candelilla)
2699,Hippophae Rhamnoides Oil
2700,Punica Granatum Flower Extract
2701,Polyester-1
2702,Linalool. May Contain/Peut Contenir (+/-): Titanium Dioxide (Ci 77891)
2703,Dipentaerythrityl Hexahydroxystearate
2704,Chlorphenesin. May Contain (+/-): Mica
2705,Phenyl Dimethicone
2706,Triisostearyl Citrate
2707,Prunus Domestica Seed Oil
2708,Calcium Stearate
2709,Linalool. May contain/peut contenir (+/-): Mica
2710,Tetradecane
2711,Decyl Isostearate
2712,Trisodium Edta
2713,Phenoxyethanol. May Contain/Peut Contenir(+/-): Mica
2714,Chlorphenesin.']
2715,Euphorbia Cerifera (Candelilla) Wax (Candelilla Cera/Cire Candelilla)
2716,Copernicia Cerifera (Carnauba) Wax (Cera Carnauba/Cire De Carnauba)
2717,Capric Acid
2718,Sodium Phosphate. May Contain/Peut Contenir (+/-): Iron Oxides (Ci 77491
2719,['Antiqued
2720,Bronzed
2721,Sunwarmed:'
2722,Rosa Moschata Seed Oil
2723,Phenoxyethanol. May Contain/Peut Contenir (+/-): Titanium Dioxide (Ci 77891)
2724,'Mahogany
2725,Sandy:'
2726,'Golden Hour:'
2727,Isobutylmethacrylate/Bis-Hydroxypropyl Dimethicone Acrylate Copolymer
2728,Euphorbia Cerifera (Candelilla) Wax(Candelilla Cera/Cire De Candelilla)
2729,Linalool. May Contain/Peut Contenir (+/-): Blue 1 Lake (CI 42090)
2730,Red 28 Lake (CI 45410)
2731,Red 30 Lake (CI 73360)
2732,Yellow 5 Lake (CI 19140)
2733,Red 6 (CI 15850)
2734,Hydrogenated Polydicyclopentadiene
2735,Phytosterols
2736,Sorbitan Oleate. May Contain/Peut Contenir (+/-): Mica
2737,['Polyglyceryl-2 Diisostearate
2738,Microcrystalline Wax (Cera Microcristallina/Cire Microcristalline)
2739,Vitis Vinifera (Grape) Fruit Extract
2740,Hippophae Rhamnoides Fruit Oil
2741,Dicalcium Phosphate. May Contain/Peut Contenir (+/-): Iron Oxides (CI 77491
2742,Polyglyceryl-6 Distearate
2743,Rhus Succedanea Fruit Wax
2744,Distearyl Ether
2745,Sphinganine
2746,Potassium Sorbate. May Contain/Peut Contenir (+/-): Iron Oxides (CI 77491
2747,ULTRAMARINES (CI 77007).']
2748,Sodium Acrylates Crosspolymer-2
2749,Epilobium Fleischeri Extract
2750,Barosma Betulina Leaf Extract
2751,['WATER/AQUA/EAU
2752,GLYCERIN
2753,COLLOIDAL SILVER
2754,PROPYLENE GLYCOL
2755,BETAINE
2756,HAMAMELIS VIRGINIANA (WITCH HAZEL) EXTRACT
2757,CHONDRUS CRISPUS POWDER
2758,ALOE BARBADENSIS LEAF JUICE
2759,HYDROLYZED COLLAGEN
2760,SODIUM HYALURONATE
2761,GLUCOMANNAN
2762,ALGIN
2763,NIACINAMIDE
2764,PEARL POWDER
2765,FRAGRANCE/PARFUM
2766,XANTHAN GUM
2767,CHLORPHENESIN
2768,PHENOXYETHANOL
2769,POTASSIUM CHLORIDE
2770,CITRIC ACID
2771,POTASSIUM CITRATE']
2772,Peg-9 Polydimethylsiloxyethyl Dimethicone
2773,Dimethicone/Phenyl Vinyl Dimethicone Crosspolymer
2774,Sea Water/Maris Aqua/Eau De Mer
2775,Chondrus Crispus Powder
2776,Pyrus Malus (Apple) Fruit Water
2777,Pyrus Malus (Apple) Seed Oil
2778,Benzoic Acid. May Contain (+/-): Red 4 (CI 14700).']
2779,['The Balance pH Balancing Gel Cleanser:'
2780,Sodiumcocoylisethionate
2781,Zingiber Officinale(Ginger) Root Extract
2782,Sodium Lauroamphoacetate
2783,'The ZenBubble Gel Cream:'
2784,PEG-9polydimethylsiloxyethyl Dimethicone
2785,Chlorella Vulgarisextract
2786,C15-19 Alkane
2787,C14-22 Alcohols
2788,Bougainvillea Spectabilis Leaf Cell Extract
2789,Sphacelaria Scoparia Extract
2790,Spirulina Platensis Powder
2791,Dipalmitoyl Hydroxyproline
2792,C12-20 Alkyl Glucoside
2793,Coenzyme A
2794,Peg-8
2795,Larix Europaea Wood Extract
2796,Eriobotrya Japonica Leaf Extract
2797,Glyceryl Polyacrylate
2798,Zingiber Officinale (Ginger) Root Extract
2799,Disodium Edta.']
2800,['100% Brazilian Rose Quartz.']
2801,Butylene/Ethylene/ Styrene Copolymer
2802,Dipotassium Glycyrrhizinate
2803,Sucralose
2804,Methyl Nicotinate
2805,Natural Flavors
2806,Lauryl Dimethicone/Polyglycerin-3 Crosspolymer
2807,Alcohol'
2808,'May Contain (+/-):'
2809,'Iron Oxides (Ci 77491)
2810,Titanium Dioxide (Ci 77891)']
2811,Helianthus Annuus (Sunflower) Seed Oil Unsaponifiables
2812,Bis-Peg-18 Methyl Ether Dimethyl Silane
2813,Ceramide Ap
2814,Ceramide Np
2815,Ceramide Eop
2816,Peg-10 Rapeseed Sterol
2817,['GLOfacial Salicylic Acid & Hyaluronic Acid Solution:'
2818,Polygonum Cuspidatum Root Extract
2819,Disodium EDTA.']
2820,Rose Canina Fruit Oil
2821,Shea Butter Ethyl Esters
2822,Hordeum Distichon (Barley) Extract
2823,Quartz Powder
2824,Camelina Sativa Seed Oil
2825,Phellodendron Amurense Bark Extract
2826,Santalum Album (Sandalwood) Extract
2827,Xanthan Gum.']
2828,Hydrolyzed Agastache Rugosa Extract
2829,Cananga Odorata Flower Oil
2830,Melia Azadirachita Leaf Extract
2831,Sorbitan Oleate Decyl-Glucoside Crosspolymer
2832,Cocyl Arginine Amide
2833,Myristoyl Tetrapeptide-13
2834,Myristoyl
2835,Hexapeptide-23
2836,Syringa Vulgaris (Lilac) Extract
2837,Pelargonium Graveolens Flower Essential Oil
2838,Lavandula Angustifolia (Lavender) Essential Oil
2839,Cymbopogon Schoenanthus Essential Oil
2840,Cedrus Atlantica Bark (Cedarwood) Essential Oil
2841,Arctostaphylos Uva-Ursi Leaf Extract
2842,Achillea Millefolium Extract
2843,Alchemilla Vulgaris Extract
2844,Malva Sylvestris (Mallow) Extract
2845,Mentha Piperita (Peppermint) Leaf Extract
2846,Primula Veris Extract
2847,Veronica Officinalis Extract
2848,['Healthy Scalp Serum:'
2849,['Phase One:'
2850,Ethylhexyl Stearate
2851,Theobroma Cacao (Cocoa) Seed Butter Propanediol
2852,Dimethicone Peg-7 Isostearate
2853,Prunus Amygdalus Dulcis (Sweet Almond) Seed Extract
2854,Sorghum Bicolor Stalk Juice
2855,Spilanthes Acmella Flower Extract
2856,Sodium Polystyrene Sulfonate
2857,Xymenynic Acid
2858,Steareth-10
2859,'Phase Two:'
2860,Steareth-20k
2861,'Phase Three:'
2862,['Rosa Canina (Rosehip) Fruit Oil
2863,Spilanthes Acmella Flower Bud Extract
2864,Leontopodium Alpinum Meristem Cell Culture
2865,Amorphophallus Konjac Root Powder
2866,Commiphora Mukul Resin Extract
2867,Palmitoyl Tripeptide-28
2868,Titanium Dioxide.']
2869,['The Zenbubble Gel Cream:'
2870,'Residue Erasers:'
2871,Myristoyl Hexapeptide-23
2872,Caprylic/Capric/Myristic/Stearic Triglyceride
2873,Tridecyl Stearate
2874,PPG-12/SMDI Copolymer
2875,Dipeptide Diaminobutyroyl Benzylamide Diacetate
2876,['The Quench Eye Reviving Quadralipid Eye Balm:'
2877,['Bright Eyes Eye Gels:'
2878,'Aqua
2879,Colloidal Silver
2880,Hamamelis Virginiana Extract
2881,Glucomannan
2882,Aloe Yohjyu Matsu Ekisu
2883,Hydrolyzed Collagen
2884,Diazolidinyl Urea
2885,Potassium Citrate
2886,Parfum.']
2887,['Non-latex foam.']
2888,Cetyl PEG/PPG-10/1 Dimethicone
2889,Betula Alba Leaf Extract
2890,Methicone Propylene Carbonate
2891,Glucuronic Acid
2892,Pentaerythrityl Tetra-di-t-butyl Hydroxyhydrocinnamate. May Contain (+/-): Titanium Dioxide (CI 77891)
2893,Iron Oxides (CI 77491/CI 77492/CI 77499)
2894,['Sodium Palmate
2895,Sodium Palm Kernelate
2896,Gylcerin
2897,Coconut acid
2898,fragrance
2899,Tetraspdoi
2900,EDTA
2901,Tetrasodium Etidronate
2902,Aloe Barbadensis Leaf Juice Powder.']
2903,PotassiumPalm Kernelate
2904,PotassiumOleate
2905,Potaswsium Cocoate
2906,PotassiumCitrate
2907,Lavandula
2908,Lavender Oil
2909,['Eau/Aqua/Water
2910,Cetyl Peg/PPG-10/1 Dimethicone
2911,Lauryl PEG-10 Tris(Trimethylsiloxy)Silylethyl Dimethicone
2912,Sodium Carboxymethyl Beta - Glucan
2913,Polyglyceryl-10 Oleate
2914,Apricot Kernel Oil Polyglyceryl-6 Esters
2915,Sorbitan Palmitate
2916,Honokiol
2917,Magnolol
2918,Salix Alba Bark Extract/Salix Alba (Willow) Bark Extract
2919,Tocopherol. May contain (+/-) | Peut Contenir: Titanium Dioxide (CI 77891) / Iron Oxides (CI 77492
2920,CI 77499
2921,CI 77491).']
2922,Cetyl Dimethicone
2923,Cetyl Diglyceryl Tris(Trimethylsiloxy)silylethyl Dimethicone
2924,Olus Oil/Vegetable Oil/Huile végétale Oryza Sativa (Rice) Bran Oil
2925,Silica Dimethyl
2926,Silylate Boron Nitride
2927,Iron Oxides (CI 77499).']
2928,['Latex Free Polyurethane Foam.']
2929,['Non-Latex Foam.']
2930,Trimethylsiloxyphenyl Dimethicone
2931,Lauryl Dimethicone
2932,Dimethicone/Divinyldimethicone/Silsesquioxane Crosspolymer
2933,Tourmaline
2934,Tin Oxide. May Contain: Titanium Dioxide (Ci 77891)
2935,Red 6
2936,['Highlighter:'
2937,HDI/Trimethylol Hexyllactone Crosspolymer
2938,Ocyldodecanol
2939,Pentaerythrityl Tetra-Di-T-Buryl Hydroxyhydrocinnamate
2940,Triethoxycaprylysilane
2941,Synthetic Fluorphlogopite (Golden/Nutmeg Shade)
2942,Tin Oxide (Golden/Nutmeg Shade)
2943,Iron Oxide (CI 77491)
2944,Titanium Dioxide (CI 77891). May Contain/ Peut Container: Iron Oxides (CI 77492
2945,'Bronzer:'
2946,Dimethyl Silylate
2947,Pentaerythirtyl Tetra-Di-T-Butyl Hydroxyhydrocinnamate
2948,Red 27 (CI 45410)
2949,['Beautyblender sponge']
2950,Lauramidopropyl Hydroxysultaine
2951,Cocoyl Methyl Glucamide
2952,Sorbic Acid.']
2953,Caprylyl Glocol
2954,Aloe Barbadensis Leaf Extract (Aloe Barbadensis Extract)
2955,Ruby Powder
2956,Smithsonite Extract
2957,Water (Aqua Eau)
2958,['BEAUTYBLENDER:'
2959,'Non-latex foam.'
2960,'BLENDERCLEANSER SOLID Limited-Edition:'
2961,'Sodium Palmate
2962,Palm Acid
2963,Fragrance(Parfum)
2964,Palm Kernel Acid
2965,CI77891 (Titanium Dioxide)
2966,Maltodextrim
2967,CI 77492 (Iron Oxides)
2968,CI 17200 (Red 33).']
2969,Methl Trimethicone
2970,Alcohol Denat
2971,Malakite Extract
2972,Pentaerythrityl Tetraethylhexanoate
2973,PEG/PPG/Polybutylene Glycol-8/5/3 Glycerin
2974,Alchemilla Vulgaris Leaf Extract*
2975,Equisetum Arvense Leaf Extract*
2976,Stellaria Media (Chickweed) Extract*
2977,Urtica Dioica (Nettle) Leaf Extract*
2978,Plantago Lanceolata Leaf Extract*
2979,Avena Sativa (Oat) Kernel Extract**
2980,Calendula Officinalis Flower Extract**
2981,Nepeta Cataria Extract**
2982,Rubus Idaeus (Raspberry) Leaf Extract**
2983,Baptisia Tinctoria Root Extract**
2984,Sodium Acrylate/Acryloyldimethyltaurate/Dimethylacrylamide Crosspolymer
2985,Phenl Trimethicone
2986,Macadamia Ternifolia Seed Oil
2987,PEG-150
2988,Arachidyl Glucoside
2989,Trisodium EDTA
2990,Fragrance+
2991,Caprylyl Trimethicone
2992,HDI/TriMethylol Hexyllactone Crosspolymer
2993,Sucrose Polystearate
2994,PCA Dimethicone
2995,Centella Asiatica Leaf Extract
2996,Avena Sativa (Oat) Kernel Extract*
2997,Calendula Officinalis Flower Extract*
2998,Nepeta Cataria Extract*
2999,Rubus Idaeus (Raspberry) Leaf Extract*
3000,Baptisia Tinctoria Root Extract*
3001,Alchemilla Vulgaris Leaf Extract**
3002,Viola Tricolor Extract**
3003,Rosa Damascena Flower Extract**
3004,Spiraea Ulmaria Flower Extract**
3005,Althaea Officinalis Root Extract**
3006,Achillea Millefolium Flower Extract
3007,Symphytum Officinale Leaf Extract
3008,Menyanthes Trifoliata Leaf Extract
3009,Salix Alba (Willow) Bark Extract
3010,PEG-10 Rapeseed Sterol
3011,Glycereth-20
3012,C12-20 Alkyl Gucoside
3013,Hydroxyethyl Acrylate/Sodium Acryloyldimethyl Taurate Copolymwer
3014,Citrus Aurantium Dulcis (Orange) Peel Oil+
3015,Rosamarinus Officinalis (Rosemary) Leaf Oil+
3016,Pelargonium Graveolens Flower OIl+
3017,Citrannellol
3018,Phytosteryl/Isostearyl/Cetyl/Stearyl/Behenyl Dimer Dilinoleate
3019,Madecassoside
3020,Nepeta Cataria Extract
3021,Stellaria Media (Chickweed) Extract
3022,Baptisia Tinctoria Root Extract
3023,Alchemilla Vulgaris Leaf Extract
3024,Equisetum Arvense Leaf Extract
3025,Urtica Dioica (Nettle) Leaf Extract
3026,['Cetyl Ethylhexanoate
3027,Peg-20 Glyceryl Triisostearate
3028,Peg-10 Isostearate
3029,Citrus Aurantium Bergamia (Bergamot) Fruit Oil
3030,Juniperus Mexicana Oil
3031,Lavandula Hybrida Oil
3032,Mentha Arvensis Leaf Oil
3033,Myristica Fragrans (Nutmeg) Extract
3034,Citrus Aurantifolia (Lime) Oil
3035,Methylpropanediol
3036,Althaea Officinalis Root Extract
3037,Nelumbo Nucifera Flower Extract.']
3038,Hydroxypropyltrimonium Hyaluronate
3039,Sodium Hyaluronate Crosspolymer
3040,Beta-Carotene
3041,Daucus Carota Sativa (Carrot) Seed Oil
3042,Pelargonium Graveolens Flower Oil
3043,Stellaria Media (Chickweed) Extract*+
3044,Alchemilla Vulgaris Leaf Extract+
3045,Equisetum Arvense Leaf Extract+
3046,Urtica Dioica (Nettle) Leaf Extract+
3047,Adansonia Digitata (Baobab) Seed Extract
3048,Lonicera Caprifolium (Honeysuckle) Flower Extract
3049,Vitis Vinifera (Grape) Vine Sap
3050,PEG-60 Hydrogenated Castor Oil
3051,Glyceryl Acrylate/Acrylic Acid Copolymer
3052,PEG/PPG-17/6 Copolymer
3053,Malachite Extract
3054,Citrus Aurantium Dulcis (Orange) Peel Oil**
3055,Citrus Aurantifolia (Lime) Oil**
3056,Rosmarinus Officinalis (Rosemary) Leaf Oil**
3057,Pelargonium Graveolens Flower Oil**
3058,Polyglycerin-3
3059,PEG-240/HDI Copolymer Bis-Decyltetradecet-20 Ether
3060,Polymethylsilsequioxane
3061,Calluna Vulgaris Extract
3062,Dispacus Sylvestris Extract
3063,Crysanthemum Parthenium (Feverfew) Extract
3064,Avena Sative (Oat) Kernel Extract*
3065,CAlendula Officinalis Flower Extract*
3066,Stellaria Media (Chickweed( Extract*+
3067,Malt Extract
3068,Triticum Vulgare (Wheat) Sprout Extract
3069,UrticaDioicia (Nettle) Leaf Extract+
3070,Simmondsia Chinesis (Jojoba) Seed Oil
3071,Curcuma Longa (Tumeric) Root Extract
3072,Citrus Aurantium Dulcis (Orange) Peel Oil++
3073,Citrus Aurantifolia (Lime) Oil++
3074,Pelargonium Graveolens Flower Oil++
3075,Rosmarinus Officinalis (Rosemary) Leaf Oil++
3076,Linalool. *Napiers original formula. +Napiers aqua formula. ++Fragrances.']
3077,Lauramidopropyl Betaine
3078,Stellaria Media (Chickweed) Extract+ **
3079,Equisetum Arvense Leaf Extract**
3080,Urtica Dioica (Nettle) Leaf Extract**
3081,Avena Sativa (Oat) Kernel Extract+
3082,Calendula Officinalis Flower Extract+
3083,Nepeta Cataria Extract+
3084,Rubus Idaeus (Raspberry) Leaf Extract+
3085,Baptisia Tinctoria Root Extract+
3086,Acrylates/Polytrimethylsiloxymethacrylate Copolymer
3087,Inulin Lauryl Carbamate
3088,Lonicera Japonica (Honeysuckle) Flower Extract
3089,Morinda Citrifolia Fruit Extract
3090,['Water/Eau
3091,Lactobacillus/Soybean Ferment Extract
3092,Saccharomyces/Potato Extract Ferment Filtrate
3093,Saccharomyces/Barley Seed Ferment Filtrate
3094,Stellaria Media (Chickweed) Extract+
3095,Lactobacillus/ Soybean Ferment Extract
3096,Saccharomyces/ Potato Extract Ferment Filtrate
3097,Saccharomyces/ Barley Seed Ferment Filtrate
3098,Octyldodeceth 16
3099,Glycolipids
3100,Caprylic/ Capric Triglyceride
3101,['The True Cream Aqua Bomb:'
3102,'Water/Eau
3103,'The True Cream Moisturizing Bomb:'
3104,PEG-40 Stearate
3105,Saccharomyces/Viscum Album (Mistletoe) Ferment Extract
3106,Saccharomyces/Imperata Cylindrica Root Ferment Extract
3107,Ceteayl Olivate
3108,Poncirus Trifoliata Fruit Extract
3109,Viola Tricolor Extract
3110,Rosa Damascena Flower Extract
3111,Spiraea Ulmaria Flower Extract
3112,Thuja Occidentalis Leaf Extract
3113,Chelidonium Majus Extract
3114,Hydroxyethylpiperazine Ethane Sulfonic Acid
3115,Glycosyl Trehalose
3116,Citronnellol
3117,'Aqua Bomb Brightening Vitamin C Cream:'
3118,'Moisturizing Eye Bomb with Squalane:'
3119,Rosamarinus Officinalis (Rosemary) Leaf Oil
3120,Pelargonium Graveolens Flower OIl
3121,'The True Cream - Aqua Bomb Sunscreen Broad Spectrum SPF 50:'
3122,'Aqua Bomb Jelly Cleanser:'
3123,Citrua Aurantifolia (Lime) Oil
3124,'Aqua Bomb Hydrating Toner:'
3125,Iron Oxides (Ci77491
3126,Ci77499)
3127,Titanium Dioxide (Ci77891)
3128,Manganese Violet (Ci77742)
3129,Butylparaben.']
3130,N 04932/N.']
3131,Styrene/Acrylates/Ammonium Methacrylate Copolymer
3132,Bisdiglyceryl Polyacyladipate2
3133,C1836 Acid Triglyceride
3134,Sodium Laureth12 Sulfate
3135,Sericin
3136,Tilia Tomentosa Bud Extract
3137,[+/: Iron Oxides (Ci 77491
3138,Titanium Dioxide (Ci 77891)]
3139,N 05827/N.']
3140,Polypropylene
3141,Sodium Benzoate. May Contain (+/-): Yellow 5/Yellow 5 Lake (Ci 19140)
3142,Ferric Ferrocyanide/Ferric Ammonium Ferrocyanide (Ci 77510)
3143,['Stearic Acid
3144,Paraffinum Liquidum (Mineral Oil)
3145,Cera Microcristallina (Microcrystalline Wax)
3146,Cera Alba (Beeswax)
3147,Hydrogenated Coconut Oil
3148,Hydrogenated Palm Kernel Oil
3149,Bht. May Contain (+/-): Yellow 5/Yellow 5 Lake (Ci 19140)
3150,Palmatic Acid
3151,Vp/ Eiosene Copolymer
3152,Acacia Senegalgum
3153,Copernicia Cerifrea (Carnauba Wax)
3154,Euphorbia Cerifera (Candeulla) Wax
3155,Align Serine
3156,Bht. [+/-: Cl 19140 (Yellow 5
3157,Yellow 5 Lake) Cl 42090 (Blue 1 Lake) Cl 77007 (Ultramarines)
3158,Cl 77163 (Bismuth Oxychloride))
3159,Cl 77288 (Chromium Oxide Greens) Cl 772889 ((Chromium Hydroxide Green) Cl 77491
3160,Cl 77492
3161,Cl 77499 (Iron Oxides)
3162,Cl 77510 (Ferric Ferrocyanide
3163,Ferric Ammonium Ferrocyanide)
3164,Cl 77742 (Manganese Violet)
3165,Cl 77891 (Titanium Dioxide)].']
3166,Tocopherol. May Contain (+/-): Yellow 5/Yellow 5 Lake (Ci 19140)
3167,Steareth-21
3168,BHT. May Contain (+/-): Yellow 5/Yellow 5 Lake (Ci 19140)
3169,Amp-Acrylates Copolymer
3170,Gossypium Herbaceum (Cotton) Extract.']
3171,Bht. [+/-: Ci 19140 (Yellow 5
3172,Yellow 5 Lake)
3173,Ci 42090 (Blue 1 Lake)
3174,Ci 77007 (Ultramarines)
3175,Ci 77163 (Bismuth Oxychloride)
3176,Ci 77288 (Chromium Oxide Greens)
3177,Ci 77289 (Chromium Hydroxide Green)
3178,Ci 77499 (Iron Oxides)
3179,Ci 77510 (Ferric Ferrocyanide
3180,Ci 77742 (Manganese Violet)
3181,Ci 77891 (Titanium Dioxide)].']
3182,Tin Oxide.  [+/-:  Ci 15850 (Red 6
3183,Red 7
3184,Red 7 Lake)
3185,Ci 15985 (Yellow 6
3186,Yellow 6 Lake)
3187,Ci 19140 (Yellow 5
3188,Ci 45410 (Red 27
3189,Red 27 Lake
3190,Red 28 Lake)
3191,Ci 73360 (Red 30
3192,Red 30 Lake)
3193,['Goof Proof Brow Pencil Easy Shape & Fill Pencil:'
3194,'Stearic Acid
3195,Aluminum Hydroxide. May Contain (+/-): Yellow 5/Yellow 5 Lake (Ci 19140)
3196,'Precisely
3197,My Brow Pencil Ultra-Fine Shape & Define Pencil:'
3198,Bht. May Contain (+/-):  Yellow 5/Yellow 5 Lake (Ci 19140)
3199,'Gimme Brow+ Volumizing Eyebrow Gel:'
3200,Sodium Lauroyl Aspartate
3201,Eugenol. [+/- : Ci 15850 (Red 6
3202,Ci 75470 (Carmine)
3203,['Peachin'
3204,Tocopherol.  [+/- Ci 77891 (Titanium Dioxide)
3205,Ci 19140 (Yellow 5 Lake)
3206,Ci 15850 (Red 7 Lake)
3207,Ci 75470 (Carmine)].'
3208,'N° 16134 Starlaa'
3209,Tocopherol.  [+/- Ci 77491
3210,Ci 77891 (Titanium Dioxide)].'
3211,'N° 16135 Pompom'
3212,Pentaerythrityl Tetra-Di-T-Butyl Hydroxyhydrocinnamate.  [+/- Ci 77491
3213,Ci 77891 (Titanium Dioxide)
3214,Ci 42090 (Blue 1 Lake)].'
3215,'N° 16142 Sunny'
3216,Pentaerythrityl Tetra-Di-T-Butyl Hydroxyhydrocinnamate.  [+/- Ci 77891 (Titanium Dioxide)
3217,Ci 77492 (Iron Oxides)
3218,Ci 15850 (Red 7 Lake)].'
3219,'N° 16143 Shellie'
3220,Ci 45410 (Red 28 Lake)
3221,Ci 15850 (Red 6)].'
3222,'N° 16136 Willa'
3223,Ci 15850 (Red 6
3224,Red 7 Lake)].'
3225,'N° 16137 Java'
3226,'N° 16144 Moone'
3227,'N° 16138 Butterfly'
3228,Tocopherol.  [+/- Ci 77491 (Iron Oxides)
3229,Ci 15985 (Yellow 6 Lake)
3230,'N° 16139 Crystah'
3231,Ci 19140 (Yellow 5 Lake)].'
3232,'N° 16140 Terra'
3233,Red 7 Lake)].']
3234,Acrylates/Ethylhexyl Acrylate Copolymer
3235,Peg-11 Methyl Ether Dimethicone
3236,Peg-60 Glyceryl Isostearate
3237,Sodium Metaphosphate. [+/- Ci 19140 (Yellow 5
3238,Ci 42090 (Blue 1
3239,Blue 1 Lake)
3240,Ci 77266 [Nano] (Black 2)
3241,Ci 77891 (Titanium Dioxide).']
3242,Magnesium Oxide
3243,Pentaerythrityl Tetra-Di-T-Butyl Hydroxyhydrocinnamate. [+/-: Ci 19140 (Yellow 5
3244,[+/-: Yellow 5/Yellow 5 Lake (Ci 19140)
3245,Chromium Hydroxide Green (Ci 772889)
3246,Titanium Dioxide (Ci 77891)].']
3247,Sorbitan Trioleate
3248,Apium Graveolens (Celery) Seed Extract
3249,Sphingolipids
3250,Sphingomonas Ferment Extract
3251,Linum Usitatissimum (Linseed) Seed Extract
3252,C12-20 Acid Peg-8 Ester
3253,Tocopherol. [+/- Ci 77891 (Titanium Dioxide)
3254,Ci 77499 (Iron Oxides)].']
3255,CI 77007 (Ultramarines)
3256,PEG-40 Sorbitan Peroleate
3257,Opuntia Coccinellifera Flower Extract
3258,CI 77891 (Titanium Dioxide)
3259,CI 77510 (Ferric Ferrocyanide)
3260,Sodium Citrate.']
3261,Citrus Junos Fruit Extract.']
3262,Peg-60 Hydrogenated Castor Oil
3263,Sodium Laureth-12 Sulfate
3264,Tocopherol. [+/-: Ci 19140 (Yellow 5
3265,Sorbic Acid. [+/-: Iron Oxides (CI 77491
3266,Chromium Oxide Greens (CI 77288)
3267,Chromium Hydroxide Green (CI 77289)
3268,Ppg-3 Benzyl Ether Myristate
3269,'Nº 14895/A.']
3270,Cetyl Ethylhexanoate
3271,Sea Silt
3272,CI 77288 (Chromium Oxide Greens)
3273,Polyquaternium-22
3274,Citrus Junos Fruit Extract
3275,Lithium Magnesium Sodium Silicate
3276,Tetrasodium Edta.']
3277,PEG-10 Dimethicone
3278,BHT. [+/-: CI 19140 (Yellow 5
3279,CI 42090 (Blue 1 Lake)
3280,CI 77163 (Bismuth Oxychloride)
3281,CI 77289 (Chromium Hydroxide Green)
3282,CI 77510 (Ferric Ferrocyanide
3283,CI 77742 (Manganese Violet)
3284,CI 77891 (Titanium Dioxide)].']
3285,Titanium/Titanium Dioxide
3286,Ammonium Styrene/Acrylates Copolymer
3287,Diethylhexyl Sodium Sulfosuccinate
3288,Aminomethyl Propanol. [+/- CI 19140 (Yellow 5
3289,Polysorbate 60. [+/-: Ci 19140 (Yellow 5
3290,Synthetic Candelilla Wax
3291,Dimer Dilinoleyl Dimer Dilinoleate
3292,Cera Carnauba (Copernicia Cerifera (Carnauba) Wax)
3293,Agrania Spinosa Kernel Oil
3294,Polyglyceryl-10 Myristate
3295,Dimethicone.']
3296,['Dimethicone/Divinyldimethicone/Silsesquioxane Crosspolymer
3297,Tocopherol. [+/- Ci 19140 (Yellow 5
3298,['High Brow—Matte:'
3299,Stearyl Dimethicone
3300,Octadecene
3301,'High Brow Glow—Glow:'
3302,'Pentaerythrityl Tetraisostearate
3303,Hydroxystearic Acid
3304,Ascorbyl Palmitate. [+/-: Ci 19140 (Yellow 5
3305,['Roller Lash Curling Mascara:'
3306,Candelilla Cera (Euphorbia Cerifera (Candelilla) Wax)
3307,Polysorbate 60. [+/- Ci 77499 (Iron Oxides)].'
3308,'BADgal BANG! Volumizing Mascara'
3309,'They’re Real! Lengthening Mascara:'
3310,Ammonium Hydroxide
3311,Potassium Sorbate. [+/- Ci 77499 (Iron Oxides)
3312,Ci 77007 (Ultramarines)].']
3313,['Precisely
3314,My Brow Pencil:'
3315,'Goof Proof:'
3316,Titanium Dioxide [Nano]
3317,Acrylates/Dimethicone Copolymer
3318,Dimethiconol/Methylsilanol/Silicate Crosspolymer
3319,Sodium Myristoyl Glutamate
3320,Glyceryl Undecyl Dimethicone
3321,Sodium Tocopheryl Phosphate
3322,Hibiscus Sabdariffa Flower Extract. May Contain (+/-):Bismuth Oxychloride (Ci 77163)
3323,Ethyl Stearate
3324,Butyrospermum Parkii (Shea) Butter Unsaponifiables
3325,Ethyl Linoleate
3326,Ethyl Palmitate
3327,Citric Acid. May Contain (+/-): Red 6/Red 7/Red 7 Lake (Ci 15850)
3328,Yellow 6/Yellow 6 Lake (Ci 15985)
3329,Yellow 5/Yellow 5 Lake (Ci 19140)
3330,Red 27/Red 27 Lake/Red 28 Lake (Ci 45410)
3331,Red 30/Red 30 Lake (Ci 73360)
3332,C1112 Isoparaffin
3333,Ascorbyl Palmitate. [+/: Iron Oxides (Ci 77491
3334,Ferric Ferrocyanide (Ci 77510)].']
3335,['Roller Liner Waterproof Liquid Eyeliner:'
3336,Ci 77266 (Black 2 [Nano])
3337,'Roller Lash Curling Mascara:'
3338,Polysorbate 60. [+/- Ci 77499 (Iron Oxides)].']
3339,Panthenol. [+/- CI 77499 (Iron Oxides)].']
3340,Ppg-24-Glycereth-24
3341,PPG-24-Glycereth-24
3342,PEG-60
3343,Tocopherol. [+/- CI 19140 (Yellow 5
3344,['Gimme Brow+ Volumizing Brow Gel:'
3345,Sodium Benzoate. [+/-: Ci 19140 (Yellow 5
3346,'Gimme Brow+ Volumizing Pencil:'
3347,Sorbic Acid. [+/: Iron Oxides (CI 77491
3348,['Mini The POREfessional Tight ’n Toned Pore-Refining AHA+PHA Toner:'
3349,Citrus Junos Fruit Extract.'
3350,'Mini The POREfessional Deep Retreat Pore-Clearing Clay Mask:'
3351,Sodium Citrate.'
3352,'Mini The POREfessional Pore Minimizing Primer:'
3353,Iron Oxides (CI 77499)
3354,'The POREfessional Good Cleanup Foaming Cleanser:'
3355,Isoamyl Laurate
3356,Euterpe Oleracea Sterols
3357,Linolenic Acid
3358,Isoamyl Cocoate
3359,Sodium Gluconate.']
3360,['Squalane
3361,Astaxanthin
3362,Lespedeza Capitata Leaf/Stem Extract
3363,Chrondrus Crispus Extract
3364,Glycine Soja (Soybean) Sterols
3365,Lechithin
3366,Lepidium Sativum Sprout Extract
3367,Zingiber Officinale (Ginger) Root Extract.']
3368,Malus Domestica Fruit Cell Culture Extract
3369,Lycium Barbarum (Goji) Fruit Extract
3370,Lycopene
3371,Vitis Vinifera (Grape) Skin Extract
3372,Ethyl Lauroyl Arginate HCL
3373,Caprylyl Glycol.']
3374,['Zinc Oxide
3375,Methyl Dihydroabietate
3376,Ethyl Ferulate
3377,Sodium Palmitoyl Proline
3378,Isostearic Acid.']
3379,Polyglyceryl-2 Caprate
3380,Hydrogenated Farnesene
3381,Polyglyceryl-2 Sesquioleate
3382,Rosa Moschata Seed
3383,Oil
3384,Oenothera Biennis
3385,(Evening Primrose) Oil
3386,Rosmarinus Officinalis (Rosemary)
3387,Leaf Extract
3388,Anthemis Nobilis Flower Oil
3389,Helianthus
3390,Annuus (Sunflower) Seed Oil
3391,Lentinus Edodes Mycelium Extract
3392,Cucumis Sativus (Cucumber) Fruit Water
3393,Betaine Salicylate
3394,Microcitrus Australasica Fruit Extract
3395,Rosmarinus Officinalis (Rosemary) Leaf Water
3396,Lavandula Angustifolia (Lavender) Flower Water
3397,Melissa Officinalis Leaf Oil
3398,Amber Powder
3399,Pelargonium Graveolens Oil
3400,Disodium Coco-Glucoside Citrate
3401,Cocoyl Proline
3402,Moringa Oleifera Leaf Extract
3403,Cymbopogon Schoenanthus Oil
3404,Salvia Sclarea (Clary) Oil
3405,Ectoin
3406,Tetrapeptide-30
3407,Copper PCA
3408,Sodium Polyglutamate
3409,Passiflora Incarnata Flower Extract
3410,['Squalane Oil.']
3411,Lactobacillus/Lemon Peel Ferment Extract
3412,Iron Oxide (CI 77491).']
3413,Hydroxystearic/Linoleic/Oleic Polyglycerides
3414,Myristic/Palmitic/Stearic/Ricinoleic/Eicosanedioic Glycerides
3415,Rosa Damascena Flower Wax
3416,Dextrin Palmitate.']
3417,Sucrose Stearate
3418,Polymnia Sonchifolia Root Juice
3419,Sambucus Nigra Fruit Extract
3420,Lactobacillus
3421,Ipomoea Batatas Root Extract
3422,Sucrose Palmitate
3423,Retinal
3424,Crocus Sativus Stigma Extract
3425,Pseudozyma Epicola/Evening Primrose Oil Ferment Extract
3426,Hydroxyapatite
3427,Sodium Hydroxide.']
3428,['Sucrose
3429,Rosa Canina (Rosehip) Seed Oil
3430,Rosa Gallica (Rose) Flower Powder
3431,Vaccinium Macrocarpon (Cranberry) Fruit Powder
3432,['Marine Algae Eye Cream:'
3433,'Lactic Acid Resurfacing Night Serum:'
3434,'Omega Repair Cream:'
3435,Sodium Gluconate.'
3436,'Squalane + Vitamin C Rose Oil:'
3437,'Squalane
3438,Polyglyceryl-10 Laurate
3439,Glyceryl Citrate/Lactate/Linoleate/Oleate
3440,Polyglyceryl-4 Cocoate
3441,Polyglyceryl-3 Caprate
3442,['Squalane + Vitamin C Rose Oil:'
3443,Citronellol.'
3444,'Squalane + Rose Vegan Lip Balm:'
3445,['Squalane + Copper Peptide Rapid Plumping Serum:'
3446,Caprylyl Glycol.'
3447,'Squalane + Marine Algae Firming & Lifting Eye Cream:'
3448,'Squalane + Omega Repair Deep Hydration Moisturizer:'
3449,Copernicia Cerifera (Carnauba) Wax/Copernicia Cerifera Cera
3450,Sodium Nitrate
3451,Sodium Phosphate.']
3452,Sodium Carbonate
3453,May Contain/Peut Contenir (+/-): Iron Oxides (CI 77499)']
3454,Tropolone
3455,Methylsilanol Mannuronate
3456,Secale Cereale (Rye) Seed Extract
3457,Pyrus Communis (Pear) Fruit Extract
3458,Yeast Extract
3459,Yeast Polysaccharides
3460,Ferula Assa Foetida Root Extract
3461,Hydrolyzed Hibiscus Esculentus Extract
3462,Ubiquinone.']
3463,May Contain/Peut Contenir(+/-): Iron Oxides CI 77499.']
3464,Copernicia Cerifera (Carnauba) Wax/Copernica Cerifera Cera
3465,Iron Oxides Cl 77499
3466,Sodium Carbonate.']
3467,['Water\\Aqua\\Eau
3468,Ppg-2 Myristyl Ether Propionate
3469,Peg-40 Stearate
3470,Epilobium Angustifolium Extract
3471,Yeast Extract\\Faex\\Extrait De Levure
3472,Citrus Grandis (Grapefruit) Peel Oil
3473,Methyl Glucose Sesquistearate
3474,Pelargonium Graveolens (Geranium) Flower Oil
3475,Peg-20 Methyl Glucose Sesquistearate
3476,C12-15 Alkyl Ethylhexanoate
3477,[+/- Mica
3478,[+/- Iron Oxides (Ci 77491
3479,Ferric Ferrocyanide (Ci 77510)] <ILN29463>.']
3480,['Petrolatum
3481,Propylene Glycol Stearate
3482,Propylene Glycol Laurate
3483,[+/- Titanium Dioxide (Ci 77891)
3484,Mica] <ILN36815>.']
3485,Iron Oxides (Ci 77499)].']
3486,Laminaria Saccharina Extract
3487,Phenoxyethanol. May Contain (+/-): Mica
3488,Titanium Dioxide (Ci 77891)] <ILN40359>.']
3489,Isopropyl Lanolate
3490,Cetyl Lactate
3491,Red 21 (Ci 45380)
3492,Orange 5 (Ci 45370)
3493,Bismuth Oxychloride (Ci 77163)] <ILN43707>.']
3494,Jasminum Officinale (Jasmine) Flower Wax
3495,Gardenia Tahitensis (Tiare) Flower Extract
3496,Yellow 6 Lake (CI 15985)
3497,Red 22 Lake (CI 45380)
3498,Red 21 (CI 45380)
3499,Red 21 Lake (CI 45380)
3500,Copper Powder (CI 77400)
3501,Bronze Powder (CI 77400)
3502,Red 30 (CI 73360)
3503,Orange 5 (CI 45370)
3504,Red 7 (CI 15850)
3505,Red 33 Lake (CI 17200)].']
3506,Isodecyl Isononanoate
3507,Glyceryl Hydrogenated Rosinate
3508,Oxycoccus Palustris (Cranberry) Seed Oil
3509,Euterpe Oleracea Fruit Oil
3510,Red 22 Lake (Ci 45380)].']
3511,Dipentaerythrityl Hexahydroxystearate/Hexastearate/Hexarosinate
3512,Ferric Ferrocyanide (Ci 77510)] <ILN37776>.']
3513,Tricaprylin
3514,Lanolin Oil
3515,Lanolin Alcohol
3516,[+/- Bismuth Oxychloride (Ci 77163)
3517,Chromium Hydroxide Green (Ci 77289)] <ILN34235>.']
3518,Polyglyceryl-10 Decaisostearate
3519,Orbignya Oleifera (Babassu) Seed Oil
3520,Olea Europaea (Olive) Oil Unsaponifiables
3521,Hydrogenated Olive Oil
3522,Hydrogenated Microcrystalline Wax
3523,Aleurites Moluccana (Kukui) Seed Oil
3524,Red 6 (Ci 15850)].']
3525,['Octinoxate 7.50%
3526,Titanium Dioxide 1.00%']
3527,C12-20 Acid PEG-8 Ester
3528,Silica. May Contain (+/-): Mica
3529,Pei-10
3530,Red 30 (Ci 73360)
3531,Yellow 5 Lake (Ci 19140)].']
3532,['Glyceryl Triacetyl Ricinoleate
3533,Tocopheryl Nicotinate
3534,Blue 1 Lake (Ci 42090)] <ILN40700>.']
3535,Euphorbia Cerifera (Candelilla) Wax\\Candelilla Cera
3536,Chamomilla Recutita (Matricaria) Flower Oil
3537,Fragrance. May Contain (+/-): Mica
3538,Cichorium Intybus (Chicory) Root Extract
3539,Nylon 6/12
3540,Arachidic Acid
3541,Yellow 5 (Ci 19140)
3542,Yellow 5 Lake (Ci 19140)] <ILN40179>.']
3543,Hamamelis Virginiana (Witch Hazel) Extract
3544,Bobbi Brown Beach Fragrance
3545,Farnesol <ILN30187>.']
3546,Ammonium Acryloyldimethyltaurate/Vp Copolymer
3547,Ppg-15 Stearyl Ether
3548,Bismuth Oxychloride (Ci 77163)].']
3549,Phoenix Dactylifera (Date) Fruit Extract
3550,Glycine Soja (Soybean) Seed Extract
3551,Brassica Campestris (Rapeseed) Sterols
3552,Iron Oxides (Ci 77499)] <ILN43629>.']
3553,['Long-Wear Cream Eyeshadow Stick in Golden Pink'
3554,Ferric Ferrocyanide (Ci 77510)].'
3555,'Long-Wear Cream Eyeshadow Stick in Golden Bronze'
3556,'Long-Wear Cream Eyeshadow Stick in Cashew'
3557,'Methyl Trimethicone
3558,Stearoxymethicone/Dimethicone Copolymer
3559,Copernicia Cerifera (Carnauba) Wax\\ Copernicia Cerifera Cera \\Cire De Carnauba
3560,Microcrystalline Wax\\Cera Microcristallina\\Cire Microcristalline
3561,Bronze Powder (Ci 77400)].']
3562,['Skin Long-Wear Weightless Foundation SPF 15:'
3563,Iron Oxides (Ci 77499)].'
3564,'Vitamin Enriched Face Base:'
3565,Butyloctyl Salicylate
3566,Diethylhexyl Succinate
3567,Ganoderma Lucidum (Mushroom) Extract
3568,Cordyceps Sinensis Extract
3569,Litchi Chinensis Seed Extract
3570,Sapindus Mukorossi Fruit Extract
3571,Sasa Kurilensis Water
3572,Hippophae Rhamnoides Extract
3573,Panax Ginseng (Ginseng) Root Extract
3574,Hydrolyzed Wheat Protein/Pvp Crosspolymer
3575,Dimethicone Crosspolymer-3
3576,Thermus Thermophillus Ferment
3577,Dipentaerythrityl Tri-Polyhydroxystearate
3578,Octinoxate 6.7%
3579,Titanium Dioxide 2.1%
3580,Zinc Oxide 1.3%
3581,Rhodochrosite Extract
3582,Epilobium Angustifolium Flower\\Leaf\\Stem Extract
3583,Spinacia Oleracea (Spinach) Leaf Extract
3584,Brassica Oleracea Italica (Broccoli) Extract
3585,Folic Acid
3586,Pyridoxine Dipalmitate
3587,Cyanocobalamin
3588,Cetyl Phosphate
3589,Polyperfluoromethylisopropyl Ether
3590,Coriandrum Sativum (Coriander) Seed Oil
3591,Rosa Canina (Rose) Fruit Oil
3592,Elettaria Cardamomum (Cardamom)
3593,Lavandula Angustifolia (Lavender)
3594,Jasminum Officinale (Jasmine)
3595,Myristyl Laurate
3596,Sodium Acrylates/Acrylonitrogens Copolymer
3597,Phenoxyethanol <ILN38467>.']
3598,Hdi/Ppg/Polycaprolactone Crosspolymer
3599,Phenylbenzimidazole Sulfonic Acid
3600,Whey Protein/Lactis Protein/Proteine Du Petit-Lait
3601,Leucine
3602,Tyrosine
3603,Isocetyl Myristate
3604,Prunus Armeniaca (Apricot) Kernel Extract
3605,C9-15 Fluoroalcohol Phosphate
3606,Isoceteth-25
3607,Zinc Oxide (Ci 77947)] <ILN40816>.']
3608,Peg-4 Diheptanoate
3609,Anthemis Nobilis (Chamomile) Flower Extract
3610,Citrus Aurantium Amara (Bitter Orange) Oil
3611,Dicetyl Phosphate
3612,Ceteth-10 Phosphate
3613,Coffea Arabica (Coffee) Seed Extract
3614,Iron Oxides (Ci 77491)] <ILN44484>.']
3615,Peg-7 Trimethylolpropane Coconut Ether
3616,Pectin
3617,Trideceth-9
3618,Dimethicone Silylate
3619,Sorbitan Tristearate
3620,Quaternium-90 Bentonite
3621,Microcrystalline Wax /Cera Microcristallina/Cire Microcristalline
3622,Magnesium Salicylate
3623,Ultramarines (Ci 77007)] <ILN29785>.']
3624,Diisostearyl'
3625,'Malate
3626,Isocetyl Alcohol
3627,Butyrospermum'
3628,'Parkii (Shea) Butter
3629,Acetyl Glucosamine
3630,Copernicia Cerifera (Carnauba) Wax\\Copernicia Cerifera Cera\\Cire De Carnauba
3631,Et4k-01-0111 Bare Pink Blue 1 Lake (Ci 42090)
3632,Red 33 Lake (Ci17200)
3633,Yellow 6 Lake (Ci 15985)].']
3634,Chromium Hydroxide Green (Ci 77289)] <ILN41828>.']
3635,['Bare Raspberry:'
3636,'Hydrogenated Polyisobutene
3637,Red 22 Lake (Ci 45380)].'
3638,'Bare Pink:'
3639,Petrolatum
3640,Polydecene
3641,Aleurites Moluccanus Seed Oil
3642,Orange 5 Lake (Ci 45370)
3643,['Isopropyl Palmitate
3644,Triisostearin
3645,Peg-8 Diisostearate
3646,Peg-12 Diisostearate
3647,Vaccinium Macrocarpon (Cranberry) Fruit Extract
3648,Lycium Chinense (Wolfberry) Fruit Extract
3649,Opuntia Tuna Extract
3650,Nymphaea Alba (Water Lily) Flower Extract
3651,Bixa Orellana Seed Extract
3652,Glyceryl Laurate
3653,Phenoxyethanol <ILN39205>.']
3654,Helianthus Annuus (Sunflower) Seedcake
3655,Salvia Sclarea (Clary) Extract
3656,Hordeum Vulgare (Barley) Extract\\Extrait D’orge
3657,Camellia Japonica Flower Extract
3658,Propylene Glycol Dicaprate
3659,T-Butyl Alcohol
3660,Hydroxyethyl Urea
3661,C9-12 Alkane
3662,Morus Bombycis (Mulberry) Root Extract
3663,Ascophyllum Nodosum Extract
3664,Asparagopsis Armata Extract
3665,Camellia Sinensis (Green Tea) Leaf Extract
3666,Olea Europaea (Olive) Fruit Extract
3667,Micrococcus Lysate
3668,DI-C12-15 Alkyl Fumarate
3669,Triticum Vulgare (Wheat) Bran Extract
3670,Pinanediol
3671,Camphanediol
3672,PEG-8 Distearate
3673,Sodium Sulfite
3674,Carmine (CI 75470)
3675,Ferric Ammonium Ferrocyanide (CI 77510)
3676,Aluminum Powder (CI 77000)
3677,Ferric Ferrocyanide (CI 77510)].']
3678,['Hydrogenated Vegetable Oil
3679,['Vitamin Enriched Eye Base:'
3680,'Water\\Aqua\\Eau
3681,Phenoxyethanol.'
3682,'Extra Lip Tint Bare Pink:'
3683,Triticum Vulgare (Wheat) Germ Oil
3684,Oleic/Linoleic/Linolenic Polyglycerides
3685,['001 Orange Blossom
3686,Petitgrain and Bergamot:'
3687,Linalool. 80 % Vol.'
3688,'103 Tiare Flower
3689,Jasmine and Hibiscus:'
3690,Anise Alcohol
3691,Linalool. 80% Vol.'
3692,'203 Raspberry
3693,Vanilla and Blackberry:'
3694,Linalool. 78% Vol.'
3695,'402 Vanilla
3696,Toffee and Sandalwood:'
3697,Benzyl Salicylate. 78% Vol.'
3698,'501 Praline
3699,Licorice and Patchouli:'
3700,'801 Sea Spray
3701,Cedar Grapefruit:'
3702,Methyl 2-Octynoate. 80% Vol.']
3703,Linalool. 80% Vol.']
3704,Methyl 2-Octynoate. 79% Vol.']
3705,Methyl 2-Octyonate.']
3706,['Aloe Barbadensis (Aloe Vera) Leaf Juice*
3707,Melaleuca Alternafolia (Tea Tree) Leaf Oil
3708,Mentha Piperita (Peppermint) Leaf Oil*
3709,Panthenol (Pro Vitamin B5)
3710,Hibiscus Sabdariffa Flower Extract (Roselle)
3711,Hylocereus Undatus Fruit (Dragonfruit) Extract*
3712,Equisetum Arvense (Horsetail) Leaf Extract
3713,Procapil
3714,Redensyl
3715,Davidsonia jerseyana Fruit Extract
3716,Centaurea Cyanus Flower Extract
3717,Ricinus Communis (Castor) Oil
3718,Hydrolyzed Marine Collagen
3719,Ascophyllum Nodosum (Seaweed) Extract
3720,Amaranthus Caudatus Seed (Amaranth) Extract
3721,Acanthopanax Senticosus Root (Ginseng) Extract
3722,Niacinamine (Vitamin B3)
3723,Mentha Piperita (Peppermint) Leaf Oil
3724,Hippophae Rhamnoides (Sea Buckthorn) Fruit Oil
3725,Mentha Arvensis
3726,Linum Usitatissmum (Linseed) Seed Oil
3727,Queensland Nut (Macadamia Ternifolia) Seed Oil
3728,Hylocereus Undatus Fruit (Dragonfruit) Extract
3729,Ethylhexyglycerin
3730,Simmondsia Chinensis (Jojoba) Seed Oil*
3731,Queensland Nut (Macadamia Ternifolia) Seed Oil*
3732,Argania Spinosa (Argan) Kernel Oil*
3733,Citrus Reticulata Peel (Mandarin Red) Essential Oil*
3734,Mentha Piperita (Peppermint) Leaf Extract*
3735,Olea Europaea (Olive) Fruit Oil*
3736,Lavandula Angustifolia (Lavender) Extract*
3737,Rosmarinus Officinals (Rosemary) Leaf Extract
3738,Ricinus Communis (Castor) Seed Oil*
3739,Hydrolyzed Brazil Nut Protein
3740,Crambe Abyssinica (Abyssinian) Seed Oil
3741,Mentha Arvensis*
3742,Linum Usitatissmum (Linseed) Seed Oil*
3743,Helianthus Annuus (Sunflower) Seed Oil*
3744,Serenoa Serrulata (Saw Palmetto) Fruit Extract*
3745,Coffea Robusta (Green Coffee) Seed Extract
3746,3% Procapil
3747,Macadamia Integrifolia (Macadamia) Seed Oil
3748,Magnesium Sulphate (Epsom Salt)
3749,Polysorbate-20
3750,['Ricinus Communis (Castor) Seed Oil*
3751,Juglans Regia (Walnut) Seed Oil*
3752,Brassica Alba (Mustard) Seed Oil*
3753,Cocos Nucifera (Coconut) Oil*
3754,Serenoa Serrulate (Saw Palmetto) Oil*
3755,Ricinus Communis (Jamaican Black Castor) Seed Oil*
3756,Emblica Officinalis (Amla) Oil*
3757,Coffea Arabica (Coffee) Seed Oil*
3758,Lavandula Angustifolia (Lavender) Flower Oil*
3759,Cedrus Atlantica (Cedarwood) Bark Oil*.']
3760,Macadamia Integrifolia Seed Oil
3761,Syzygium Leuhmanii Fruit Extract
3762,Fragrance/ Parfum
3763,Menthol.']
3764,Cocos Nucifera
3765,(Coconut) Oil
3766,Pentylene Glycol.']
3767,Terminalia Ferdinandiana (Kakadu Plum) Fruit Extract
3768,Lycium Barbarum (Goji Berry) Fruit Extract
3769,PVP/VA Copolymer
3770,Magnesium Sulphate
3771,CI 47005
3772,CI 45430.']
3773,CI 60730
3774,Terminalia Ferdinandiana Fruit Extract
3775,Hydrolyzed Adansonia Digitata Seed Extract
3776,Caprylic/Capric Triglyceride.']
3777,Humulus Lupulus (Hops) Extract
3778,['Aloe Vera Leaf Juice
3779,Hydroxypropyl Guar Hydroxy-propyltrimonium Chloride
3780,Horse Chestnut Extract
3781,Yucca Root Extract
3782,Carrageenan Gum
3783,Carob Gum
3784,Lemon Peel Extract
3785,Sugar Cane Extract
3786,PG-Hydroxyethylcellulose Cocodimonium Chloride
3787,['Thickening Therapy Shampoo:'
3788,'Aloe Barbadensis (Aloe Vera) Leaf Juice
3789,'Thickening Therapy Conditioner:'
3790,CI 60725
3791,Rosmarinus Officinalis (Rosemary) Leaf Extract.']
3792,Citrus Reticulata Peel (Mandarin Red) Essential Oil
3793,Brazil Nut (Bertholletia Excelsa) Seed Oil
3794,Achillea Millefolium Oil
3795,['Argania Spinosa Kernel (Argan) Oil*
3796,Persea Gratissima (Avocado) Oil*
3797,Camellia Oleifera Seed Oil*
3798,Cannabis Sativa (Hemp) Oil
3799,Butyrospermum Parkii (Shea) Oil
3800,AquaxylTM
3801,Vitis Vinifera (Grape) Seed Oil*
3802,Brazil Nut (Bertholletia Excelsa) Seed Oil*.']
3803,['HG Shampoo:'
3804,'HG Conditioner:'
3805,Santalum Acuminatum (Quandong) Fruit Extract
3806,['Woodphoria Eau de Parfum:'
3807,Aqua (Water/Eau)
3808,'Flor De La Virgen Eau de Parfum:'
3809,Alpha-isomethyl Ionone
3810,'Cashmere Kush Eau de Parfum:'
3811,'Hinoki Fantome Eau de Parfum:'
3812,'Marble Fruit Eau de Parfum:'
3813,['All-Natural Coconut and Beeswax Blend. Paraffin-Free. 100% Braided Cotton Wick.']
3814,Hydroxysitronellal.']
3815,['All-Natural Coconut-Beeswax Blend. Paraffin-Free. 100% Braided Cotton Wick.']
3816,['All-natural coconut and beeswax blend. Paraffin-free. 100% braided cotton wick.']
3817,['Carthamus Tinctorius (Safflower) Seed Oil
3818,Capryl Capric Triglycerides
3819,Terminalia Ferdinandiana (Kakadu Plum) Seed Oil.']
3820,['Hair Oil Everyday Gloss:'
3821,Terminalia Ferdinandiana (Kakadu Plum) Seed Oil.'
3822,'100% Macadamia-Oil Concentrate Fragrance Free for Hair and Body:'
3823,'Macadamia Integrifolia Seed Oil.']
3824,Brassica Oleracea Italica (Broccoli) Sprout Extract
3825,Coffea Arabica (Coffee) Leaf/Seed Extract
3826,Prunus Serrulata Flower Extract
3827,Palmaria Palmata Extract
3828,Davidsonia Jerseyana Fruit Extract
3829,Cupressus Sempervirens Leaf/Stem Extract
3830,Backhousia Anisata Leaf Extract
3831,Triticum Vulgare (Wheat) Germ Extract
3832,Hydroxyethycellulose
3833,Menthone
3834,Menthofuran
3835,I-Limonene
3836,L-Menthanone
3837,Eucalyptol
3838,D-Pulegone
3839,Beta-Caryophyllene
3840,Neomenthol
3841,Pinene
3842,Cannabis Sativa (Hemp) Seed Oil
3843,Camelina Sinensis (Matcha) Leaf Extract
3844,Moroccan Lava Clay
3845,Aloe Barbadensis (Aloe) Leaf Juice
3846,Glutathione
3847,Stearamidopropyl
3848,Dimethylamine
3849,Behentrimonium Methosulphate
3850,Hydrogenated Sunflower Seed Oil Polyglyceryl-3 Esters
3851,Hydrogenated Sunflower Seed Oil Glyceryl Esters
3852,Daucus Carota Sativa Seed Oil
3853,Hydrolysed Wheat Protein
3854,Tocopherol Acetate.']
3855,Mangifera Indica (Mango) Butter
3856,Stearic acid
3857,Vaccinium Angustifolium
3858,['Hair Wash Gentle Milky Hair Cleanser:'
3859,Aloe Barabadensis Fruit Juice
3860,Leptospermum Petersonii Oil
3861,Lavender (Lavandula Angustifolia) Oil
3862,Argania Spinosa Kernel (Argan) Oil.'
3863,'Hair Mask Creamy Deep Conditioner:'
3864,Tocopherol Acetate.'
3865,'Hair Oil Everyday Gloss:'
3866,'Carthamus Tinctorius (Safflower) Seed Oil
3867,['Macadamia Integrifolia Seed Oil.']
3868,Argania Spinosa Kernel (Argan) Oil.']
3869,['Mud-Mask: Hair & Scalp Detoxifying Pre-Wash Clay Treatment:'
3870,Ethylhexylglycerin.'
3871,'Scalp-Serum: Cooling Greens Exfoliating Scalp Treatment:'
3872,Melia Azadirachta (Chinaberry) Leaf & Flower Extract
3873,Menthol/Menthyl Lactate
3874,Prunus Serrulata Flower Extract (and) Brassica Oleracea Italica (Broccoli) Extract
3875,Porphyridium Cruentum  Extract
3876,Tamarindus Indica Extract
3877,Tremella Fuciformis Sporocarp Extract
3878,Chondrus Crispus  Extract
3879,Citrus  Junos Fruit Extract
3880,Sodium Surfactin
3881,Annatto*
3882,Gardenia  Florida Fruit Extract
3883,Sorbitan Oleate  Decylglucoside Crosspolymer
3884,Phenoxyethanol']
3885,Cetyl Alcohol*
3886,Brassica Alcohol*
3887,Propanediol*
3888,Stearyl Alcohol*
3889,Cetearyl Alcohol*
3890,Prunus Amygdalus Dulcis (Sweet Almond) Oil*
3891,Rosa Canina Fruit Oil*
3892,Argania Spinosa Kernel Oil*
3893,Aloe Barbadensis Leaf Juice*
3894,Leuconostoc/Radish Root Ferment Filtrate*
3895,Hydrolyzed Corn Protein*
3896,Hydrolyzed Wheat Protein*
3897,Hydrolyzed Soy Protein*
3898,Panax Ginseng Root Extract*
3899,Laurus Nobilis Leaf Extract*
3900,Palmaria Palmata Extract*
3901,Santalum Album (Sandalwood) Oil*
3902,Amyris Balsamifera Bark Oil*
3903,Pogostemon Cablin Oil*
3904,Elettaria Cardamomum Seed Oil*
3905,Ferula Galbaniflua (Galbanum) Resin Oil*
3906,Guar Hydroxypropyltrimonium Chloride*
3907,Cetyl Esters*
3908,Behentrimonium Methosulfate*
3909,Brassicyl Isoleucinate Esylate*
3910,Citric Acid*
3911,Isopropyl Myristate*
3912,Glycerin*
3913,Sodium Lauroyl Methyl Isethionate*
3914,Glyceryl Stearate*
3915,Microcrystalline Cellulose*
3916,Cocamidopropyl Betaine*
3917,Sodium Methyl Oleoyl Taurate*
3918,Sodium Cocoyl Isethionate*
3919,Hydrogenated Castor Oil*
3920,Xylitylglucoside*
3921,Charcoal Powder*
3922,Melaleuca Alternifolia (Tea Tree) Leaf Oil*
3923,Mentha Piperita (Peppermint) Oil*
3924,Zingiber Officinale (Ginger) Root Oil*
3925,Mentha Viridis (Spearmint) Leaf Oil*
3926,Anhydroxylitol*
3927,Menthyl Lactate*
3928,Xylitol*
3929,Polyglyceryl-6 Stearate*
3930,Isopropyl Palmitate*
3931,Butyrospermum Parkii (Shea) Butter*
3932,Hibiscus Sabdariffa Flower Extract*
3933,Citrus Paradisi (Grapefruit) Peel Oil*
3934,Polyglyceryl-6 Behenate*
3935,Caprylhydroxamic Acid*
3936,Benzyl Alcohol*.']
3937,['Protein Treatment:'
3938,Saccharomyces/Rice Ferment Filtrate
3939,Brassica Alcohol
3940,Oryza Sativa (Rice) Bran Water
3941,Sargassum Filipendula Extract
3942,Brassicyl Isoleucinate Esylate
3943,'Moisture Treatment:'
3944,Iron Oxides CI 77491.']
3945,Hamamelis Virginiana (Witch Hazel) Water*
3946,Saccharide Isomerate*
3947,Helianthus Annuus (Sunflower) Extract*
3948,Heptyl Glucoside*
3949,Oryza Sativa (Rice) Bran Extract*
3950,Rosmarinus Officinalis (Rosemary) Leaf Extract*
3951,Xanthan Gum*
3952,['Caprylic/Capric Triglyceride*
3953,Hydrogenated Castor Oil/Sebacic Acid Copolymer*
3954,Ethyl Macadamiate*
3955,Rose Flower Oil*
3956,Squalane*
3957,Rose Extract*
3958,Fragaria Ananassa (Strawberry) Seed Oil*
3959,Undaria Pinnatifida Extract*
3960,Prunus Domestica Seed Oil*
3961,Dicaprylyl Ether*
3962,Dicaprylyl Carbonate*
3963,Laminaria Saccharina Extract*
3964,Bambusa Arundinacea Leaf Extract*
3965,Trametes Versicolor Extract*
3966,Glycine Soja (Soybean) Oil*
3967,Sorbitol*
3968,Citrus Aurantium Dulcis (Orange) Peel Oil*
3969,Citrus Limon (Lemon) Peel Oil*
3970,Citrus Tangerina (Tangerine) Peel Oil*
3971,Abies Sibirica Oil*
3972,Benzyl Alcohol']
3973,['Avocado: Contains a robust fatty-acid composition that nourishes and conditions hair.']
3974,Lauramidopropyl Betaine*
3975,Cocamidopropyl Hydroxysultaine*
3976,Disodium Laureth Sulfosuccinate*
3977,Glycol Distearate*
3978,Tilia Tomentosa Extract*
3979,Sargassum Filipendula Extract*
3980,Phospholipids*
3981,Glycolipids*
3982,Glycine Soja (Soybean) Sterols*
3983,Tetrasodium Glutamate Diacetate*
3984,Sodium Lauryl Sulfoacetate*
3985,Oryza Sativa (Rice) Extract*
3986,Hydrolyzed Quinoa*
3987,Keratin Amino Acids*
3988,Lactobacillus/Tomato Fruit Ferment Extract*
3989,Acyl Coenzyme A Desaturase*
3990,Polyquaternium-10*
3991,PG-Hydroxyethylcellulose Cocodimonium Chloride*
3992,Musa Sapientum (Banana) Peel Extract*
3993,Cocos Nucifera (Coconut) Fruit Extract*
3994,Euterpe Oleracea Fruit Extract*
3995,Mangifera Indica (Mango) Juice*
3996,Ananas Sativus (Pineapple) Fruit Extract*
3997,Carica Papaya (Papaya) Fruit Extract*
3998,Curcuma Longa (Turmeric) Root Extract*
3999,Ocimum Basilicum (Basil) Flower/Leaf Extract*
4000,Melia Azadirachta Flower Extract*
4001,Melia Azadirachta Leaf Extract*
4002,Ocimum Sanctum Leaf Extract*
4003,Corallina Officinalis Extract*
4004,Lactobacillus*
4005,Sodium Gluconate*
4006,Panthenyl Hydroxypropyl Steardimonium Chloride.'
4007,Panthenol*
4008,Zingiber Officinale (Ginger) Root Oil
4009,Bisabolol*
4010,Fragrance. *Coconut
4011,vegetable
4012,plant
4013,or sugar derived.']
4014,['Oryza Sativa (Rice) Starch*
4015,Zea Mays (Corn) Starch*
4016,Kaolin*
4017,Sodium Bicarbonate*
4018,Tapioca Starch*
4019,Sodium Hyaluronate*
4020,Bambusa Arundinacea Stem Extract*
4021,Hamamelis Virginiana (Witch Hazel) Leaf Extract*
4022,Maltodextrin*
4023,Water/Aqua/Eau.']
4024,Copper Tripeptide-34
4025,Castor Oil/IPDI Copolymer
4026,Coffea Arabica Seed Oil
4027,Lindera Strychnifolia Root Extract
4028,Helianthus Annuus Hybrid Oil
4029,Lamium Album Extract
4030,Plantago Psyllium Seed Extract
4031,Simmondsia Chinensis Seed Oil
4032,Lithospermum Erythrorhizon Root Extract
4033,Caramel.']
4034,Caprylic/Capric Triglyceride*
4035,Hydroxypropyl Starch Phosphate*
4036,Brassicyl Valinate Esylate
4037,Carrageenan*
4038,Arginine*
4039,Cetyl Hydroxyethylcellulose*
4040,Sodium PCA*
4041,Calcium Gluconate*
4042,['Be Gentle
4043,Be Kind Matcha + Apple Replenishing Superfood Shampoo:'
4044,Caprylyl/Capryl Glucoside*
4045,Spinacia Oleracea (Spinach) Leaf Extract*
4046,Brassica Olereacea Italica (Broccoli) Extract*
4047,Pyrus Malus (Apple) Fruit Extract*
4048,Cucumis Sativus (Cucumber) Fruit Extract*
4049,Citrus Limon (Lemon) Fruit Extract*
4050,Citrus Grandis (Grapefruit) Fruit Extract*
4051,Beta Vulgaris (Beet) Root Extract*
4052,Camellia Sinensis Leaf Extract*
4053,Cymbopogon Citratus Extract*
4054,Chlorophyllin-Copper Complex (CI 75810)*
4055,Chlorella Vulgaris Extract*
4056,Fragrance.'
4057,'Be Gentle
4058,Be Kind Kale + Apple Replenishing Superfood Conditioner:'
4059,Brassica Oleracea Acephala Leaf Extract*
4060,Brassica Oleracea Italica (Broccoli) Extract*
4061,Citrus Aurantium Dulcis (Orange) Fruit Extract*
4062,Zingiber Officinale (Ginger) Root Extract*
4063,Hippophae Rhamnoides (Seaberry) Fruit Oil*
4064,Sodium Hydroxide.'
4065,'Scalp Mask:'
4066,'Dry Shampoo:'
4067,'Oryza Sativa (Rice) Starch*
4068,Soyamidopropylamine Oxide*
4069,Polyquaternium-71
4070,Alcohol*
4071,Chamomilla Recutita (Matricaria) Flower Extract*
4072,Sorbitan Oleate Decylglucoside Crosspolymer*
4073,Algin*
4074,Chitosan*
4075,Benzyl Alcohol*. *Coconut
4076,or plant derived.']
4077,['Raphanus Sativus (Radish) Root Extract
4078,Abies Sibirica Oil
4079,Citrus Tangerina (Tangerine) Peel Oil
4080,Tocopherol*
4081,Tocopheryl Acetate*
4082,Fragrance (Parfum). *Coconut
4083,Polyglyceryl-6 Stearate
4084,Actinidia Chinensis (Kiwi) Fruit Extract
4085,Chlorophyllin-Copper Complex
4086,Salvia Hispanica Seed Oil
4087,Polyglyceryl-6 Behenate
4088,Spirulina Maxima Extract
4089,Nylon-11
4090,Polyglyceryl-10 Diisostearate
4091,Lens Esculenta (Lentil) Seed Extract
4092,Shorea Robusta Seed Butter
4093,Moonstone Powder
4094,Acrylates/Beheneth-25 Methacrylate Copolymer
4095,Linalool']
4096,['Don’t Despair
4097,Repair! Super Moisture Shampoo for Damaged Hair:'
4098,Tilia Tomentosa Extract
4099,Santalum Album (Sandalwood) Oil
4100,Amyris Balsamifera Bark Oil
4101,Pogostemon Cablin Oil
4102,Elettaria Cardamomum Seed Oil
4103,Ferula Galbaniflua (Galbanum) Resin Oil
4104,'Don’t Despair
4105,Repair! Super Moisture Conditioner for Dry + Damaged Hair:'
4106,Chitosan
4107,Repair! Deep Conditioning Hair Mask:'
4108,Laurus Nobilis Leaf Extract
4109,Repair! Strengthening Treatment Hair Oil:'
4110,Rose Flower Oil
4111,Rose Extract
4112,'Don’t Despair Repair Rice Water Protein + Moisture Strengthening Treatment:'
4113,'Protein Treatment:'
4114,Lactobacillus/Tomato Fruit Ferment Extract
4115,Keratin Amino Acids
4116,Acyl Coenzyme A Desaturase
4117,['Aloe Vera: Contains vitamins and minerals that are known to provide anti-microbial and irritation-minimizing benefits.']
4118,Lauryl Pyrrolidone
4119,Dehydroacetic Acid*
4120,Repair! Deep Conditioning Mask:'
4121,'Scalp Revival Charcoal + Tea Tree Cooling Hydration Scalp Mask:'
4122,'Briogeo Superfoods Avocado + Kiwi Mega Moisture Hair Mask:'
4123,Volcanic Ash
4124,Curcumin
4125,Mineral Salts
4126,Repair! MegaStrength+ Rice Water Protein + Moisture Strengthening Treatment:'
4127,Repair! Megastrength+ Rice Water Protein + Moisture Strengthening Treatment Duo-Packet:'
4128,Citrus Grandis (Grapefruit) Fruit Extract
4129,Beta Vulgaris (Beet) Root Extract
4130,Cymbopogon Citratus Extract
4131,Chlorophyllin-Copper Complex (CI 75810).']
4132,Acanthus Mollis Leaf Extract*
4133,Glucose*
4134,Sodium Chloride*
4135,Bambusa Vulgaris Extract*
4136,Saccharina Longicruris Extract*
4137,Ocimum Basilicum Leaf Extract*
4138,Butylene Glycol*
4139,SD Alcohol 40-B
4140,Musa Sapientum (Banana) Peel Extract
4141,Cocos Nucifera (Coconut) Fruit Extract
4142,Hedychium Coronarium Root Extract
4143,Mangifera Indica (Mango) Juice
4144,Dehydroxanthan Gum
4145,Euterpe Oleracea Fruit Extract
4146,Brassica Oleracea Acephala Leaf Extract
4147,Hippophae Rhamnoides (Seaberry) Fruit Oil
4148,Sodium Methyl Isethionate*
4149,['Banana: Contains potassium and antioxidants to nurture and protect hair. -']
4150,Rice Amino Acids
4151,['Super Moisture Shampoo:'
4152,'Super Moisture Conditioner:'
4153,'Deep Conditioning Mask:'
4154,Dehydroacetic Acid'
4155,'Strengthening Treatment Oil:'
4156,'Caprylic/Capric Triglyceride*
4157,Fragrance (Parfum)']
4158,['Curl Charisma Rice Amino + Avocado Hydrating Shampoo:'
4159,Acanthus Mollis Leaf Extract
4160,Soyamidopropylamine Oxide
4161,'Curl Charisma Rice Amino + Shea Curl Defining Conditioner:'
4162,Bambusa Vulgaris Extract
4163,Saccharina Longicruris Extract
4164,Ocimum Basilicum Leaf Extract
4165,'Curl Charisma Rice Amino + Avocado Hydrating & Defining Mask:'
4166,'Curl Charisma Rice Amino + Avocado Leave-In Defining Créme:'
4167,Mangifera Indica (Mango) Fruit Extract
4168,Prunus Cerasus (Bitter Cherry) Fruit Extract
4169,Lycium Barbarum Fruit Extract
4170,Helianthus Annuus (Sunflower) Seed Oil/Helianthus Annuus Seed Oil
4171,Litchi Chinensis Pericarp Extract
4172,Punica Granatum Bark Extract
4173,Averrhoa Carambola Fruit Extract
4174,Beta-Carotene CI 40800.']
4175,['Farewell Frizz Smoothing Shampoo:'
4176,Hibiscus Sabdaria Flower Extract
4177,'Farewell Frizz Smoothing Conditioner:'
4178,'Farewell Frizz Rosarco Milk Leave-In Conditioning Spray:'
4179,'Farewell Frizz Blow Dry Perfection & Heat Protectant Cream:'
4180,Bambusa Arundinacea Leaf Extract
4181,Trametes Versicolor Extract
4182,['Blossom & Bloom Ginseng + Biotin Hair Volumizing Shampoo:'
4183,'Blossom & Bloom Ginseng + Biotin Hair Volumizing Conditioner:'
4184,'Blossom & Bloom Ginseng + Biotin Hair Volumizing Spray:'
4185,SD Alcohol 40-B*
4186,['Sodium Cocoyl Isethionate
4187,Polyglyceryl-4 Laurate
4188,Avena Sativa (Oat) Kernel Flour
4189,Distarch Phosphate
4190,Avena Sativa (Oat) Bran
4191,PEG-12 Glyceryl Dimyristate
4192,Hydroxypropyltrimonium Hydrolyzed Corn Starch
4193,Hydrolyzed Wheat Protein PG-Propyl Silanetriol
4194,Distearyldimonium Chloride
4195,Phenoxyethanol. The Signature 6-Oil Blend Includes: Cocos Nucifera (Coconut) Oil
4196,Macadamia Integrifolia Seed (Macadamia) Oil
4197,and Carthamus Tinctorius (Safflower) Seed Oil.']
4198,Vitis Vinifera (Grape) Seed Extract
4199,Bis-Cetearyl Amodimethicone
4200,Silk Powder\\Serica\\Poudre De Soie
4201,Phenethyl Benzoate
4202,Isoceteth-20
4203,Yucca Schidigera Stem Extract
4204,Opuntia Ficus-Indica Stem Extract
4205,Polyquaternium-72
4206,['Zea Mays (Corn) Starch
4207,Polysilicone-22
4208,Potassium Sorbate <ILN40499>.']
4209,Rosmarinus Officinalis Leaf Oil
4210,Magnesium Nitrate
4211,PPG-2 Hydroxyethyl Cocamide
4212,Green 5 (CI 61570)
4213,Acetamide MEA
4214,Myristamine Oxide
4215,Isopropanol
4216,Hydroxypropyltrimonium Honey
4217,PEG-75 Lanolin
4218,Honey/Mel/Miel
4219,Hydrogenated Castor Oil/ Sebacic Acid Copolymer
4220,Octyldodecyl Citrate Crosspolymer
4221,Yeast Extract/Faex/Extrait De Levure
4222,Pantethine
4223,Methylchloroisothiazolinone.']
4224,Hydrolyzed Vegetable Protein Pg-Propyl Silanetriol
4225,Hydrolyzed Wheat Starch
4226,Potassium Stearate
4227,Dimethylimidazolidinone Rice Starch
4228,Illite
4229,Rhodiola Rosea Root Extract
4230,Amp-Isostearoyl Hydrolyzed Wheat Protein
4231,Beta Vulgaris (Beet) Root Extract/Beta Vulgaris/Extrait De Racine De Betterave
4232,Anastatica Hierochuntica (Rose Of Jericho) Extract
4233,Haberlea Rhodopensis Leaf Extract
4234,Hydrolyzed Wheat Protein Pg-Propyl Silanetriol
4235,Transglutaminase
4236,Malachite
4237,Sapphire Powder
4238,Polylysine
4239,Hypnea Musciformis (Algae) Extract
4240,Gellidiela Acerosa (Algae) Extract
4241,Dead Sea Salts/Maris Sal/Sel De La Mer Mort
4242,Sea Salt/Maris Sal/Sel Marin
4243,Mangifera Indica (Mango) Seed Oil
4244,Ppg-5-Ceteth-20
4245,Green 3 (Ci 42053).']
4246,Bambusa Arundinacea (Bamboo) Stem Extract
4247,Dimethicone Peg-8 Meadowfoamate
4248,PPG-2 Myristyl Ether Propionate
4249,Glyceryl Distearate
4250,Yellow 5 (CI 19140)
4251,Yellow 6 (CI 15985)
4252,Ethyl Trisiloxane
4253,Phenylpropyldimethylsiloxysilicate
4254,Ascophyllum Nodosum (Algae) Extract
4255,Cysteine
4256,Cymbopogon Schoenanthus (Lemongrass) Extract
4257,Caryocar Brasiliense Fruit Oil
4258,Peg-8 Stearate
4259,Phenoxyethanol <ILN40996>.']
4260,Chenopodium Quinoa Seed Extract
4261,Arabidopsis Thaliana Extract
4262,Perilla Ocymoides Seed Extract
4263,Dihydroxypropyl Arginine Hcl
4264,Polyglyceryl-10 Dipalmitate
4265,Polyglyceryl-10 Dioleate
4266,['Ammonium Lauryl Sulfate
4267,Cocamide MEA
4268,Yellow 6 (CI 15985).']
4269,Caprylyl Glycol <ILN42628>.']
4270,Butyl Ester Of Pvm/Ma Copolymer
4271,Lactamide Mea
4272,Bisamino Peg/Ppg-41/3 Aminoethyl Pg-Propyl Dimethicone
4273,N-Butyl Alcohol
4274,Peg-75 Lanolin
4275,Fragrance. Pro-Vitamin: *B5.']
4276,Titanium Dioxide (Ci 77891) <ILN43483>.']
4277,Polyacrylate-2 Crosspolymer
4278,Sea Water\\Aqua Maris\\Maris Aqua
4279,PEG-2m
4280,Blue 1 (CI 42090)
4281,Red 33 (CI 17200).']
4282,Peg-120 Methyl Glucose Dioleate
4283,Sodium Bisulfite
4284,Silybum Marianum (Lady Thistle) Extract
4285,Laureth-10
4286,Quaternium-82
4287,Gliadin
4288,Lanolin Wax/Lanolin Cera/Cire De Lanoline
4289,Peg-8 Beeswax
4290,Ceteareth-25
4291,Dipentaerythrityl Hexacaprylate/Hexacaprate
4292,Peg-40 Castor Oil
4293,Fragrance <ILN39219>.']
4294,Gardenia Taitensis (Tiare) Flower Extract
4295,Punica Granatum (Pomegranate) Sterols
4296,Bis-Ethyl(Isostearylimidazoline) Isostearamide
4297,C12-20 Alkyl Glucoside Tocopherol
4298,Ximenia Americana Seed Oil
4299,Equisetum Hiemale (Horsetail) Extract
4300,Vinegar
4301,Amp-Acrylates/Allyl Methacrylate Copolymer
4302,Linoleamidopropyl Ethyldimonium Ethosulfate
4303,Oleyl Alcohol
4304,Cetyl Acetate
4305,PEG-40 Castor Oil
4306,Acetylated Lanolin Alcohol
4307,Arachidyl Alcohol
4308,Ethylparaben
4309,Beeswax\\Cera Alba\\Cire d’abeille
4310,['Dimethyl Ether
4311,Ci 77499) <ILN40001>.']
4312,Sea Salt
4313,Green 3 (CI 42053)
4314,Fragrance <ILN36744>.']
4315,Cetrimonium Methosulfate
4316,Oryza Sativa (Rice) Seed Protein
4317,Hydrolyzed Yeast Protein
4318,Pisum Sativum (Pea) Extract
4319,Ocimum Basilicum Hairy Root Culture Extract
4320,Methoxy PEG/PPG-7/3 Aminopropyl Dimethicone
4321,Cyperus Esculentus Root Oil
4322,Cystine Bis-PG-Propyl Silanetriol
4323,Diethylhexyl Malate
4324,Vinyl Caprolactam/Vp/Dimethylaminoethyl Methacrylate Copolymer
4325,Myreth-3 Myristate
4326,Laurtrimonium Chloride
4327,Hydrolyzed Wheat Protein/PVP Crosspolymer
4328,Polyquaternium-4
4329,Creatine
4330,Trisodium Glycyrrhizate
4331,Centella Asiatica (Hydrocotyl) Extract
4332,Saccharomyces Lysate (Yeast) Extract
4333,Betula Alba (Birch) Extract
4334,Poria Cocos (Hoelen Mushroom) Extract
4335,Lauramine Oxide
4336,Peg-150 Distearate
4337,Potassium Sulfate
4338,Trisodium Hedta
4339,lsohexadecane
4340,lsobutane
4341,Cocos Nucifera (Coconut) Oil Vitis Vinifera (Grape) Seed Extract Gardenia Taitensis (Tiare) Flower Extract Silk Powder\\Serica\\Poudre De Soie
4342,Amp-lsostearoyl Hydrolyzed Wheat Protein
4343,Bha
4344,Butylphenyl Methylpropional.']
4345,PEG-10 Soy Sterol
4346,TEA-Carbomer
4347,Behenyl/Octyldodecyl Propanediol Citrate Crosspolymer
4348,Heptyl Undecylenate
4349,Polyquaternium-51
4350,Tricaprylyl Citrate
4351,['Hairdresser’s Invisible Oil Heat & UV Protective Primer:'
4352,'Haidresser’s Invisible Oil 72 Hour Hydrating Hair Mask:'
4353,'Hairdresser’s Invisible Oil Shampoo:'
4354,Methylchloroisothiazolinone.'
4355,'Hairdresser’s Invisible Oil Conditioner:'
4356,Nymphaea Caerulea Flower Extract
4357,Corylus Avellana (Hazel) Seed Oil
4358,Ppg-28-Buteth-35
4359,Peg-16 Soya Sterol
4360,Hydroxypropylcellulose
4361,Adenosine Phosphate
4362,Phenoxyethanol <ILN41561>.']
4363,['Microcrystalline Wax/Cera Microcristallina/Cire Microcristalline
4364,Canola Oil/Huile De Colza
4365,Beeswax/Cera Alba/Cire D Abeille
4366,Fragrance <ILN39583>.']
4367,Phenoxyethanol <ILN43148>.']
4368,['Bond-Building Repair Shampoo:'
4369,Titanium Dioxide (CI 77891).'
4370,'Bond-Building Repair Conditioner:'
4371,'Bond-Building Repair Treatment:'
4372,Acetyl Triethyl Citrate
4373,Butylphenyl Methylpropional <ILN42775>.']
4374,Emblica Officinalis (Amla) Fruit Extract
4375,Dimethicone/Mercaptopropyl Methicone Copolymer
4376,Trimethylsiloxysilicate/Dimethiconol Crosspolymer
4377,Soy Acid
4378,Ethyltrimonium Chloride Methacrylate/Hydrolyzed Wheat Protein Copolymer
4379,Biosaccharide Gum - 1
4380,Phenoxyethanol <ILN41569>.']
4381,Polyquaternium-6
4382,Fragrance <ILN37671>.']
4383,Ci 77499) <ILN38244>.']
4384,Fragrance <ILN35606>.']
4385,['Helianthus Annuus (Sunflower) Seed Oil
4386,Polyglyceryl-10 Pentaoleate
4387,Dimethicone PEG-8 Polyacrylate
4388,Orange 4 (CI 15510)
4389,Cocamide Mipa
4390,Babassuamidopropyl Betaine
4391,Sodium Laurate
4392,Emblica Officinalis Fruit Extract
4393,Glyceryl Dibehenate
4394,PEG-25 Hydrogenated Castor Oil
4395,Laneth-15
4396,PEG-8 Beeswax
4397,Dodecane
4398,Amethyst Extract
4399,Corylus Americana (Hazelnut) Seed Oil
4400,Cocos Nucifera (Coconut) Liquid Endosperm
4401,Stearamine Oxide
4402,Polyquaternium-113
4403,Lauryl/Myristyl Polyricinoleate
4404,Acrylates Crosspolymer-4
4405,Polyglyceryl-3 Laurate
4406,Cocos Nucifera (Coconut) Fruit Water
4407,Sea Salt\\Maris Sal\\Sel Marin
4408,Gelidiella Acerosa Extract
4409,Phenoxyethanol <ILN50383>.']
4410,['Hairdresser’s Invisible Oil Shampoo:'
4411,Laureth-3
4412,Trisodium Sulfosuccinate
4413,'Hairdresser’s Invisible Oil Heat/UV Protective Primer:'
4414,['Curl Moisturizing Shampoo:'
4415,'Curl 3-in-1 Conditioner:'
4416,'Curl Reactivator:'
4417,Oleth-10
4418,Diisopropyl Dimer Dilinoleate
4419,Hydroxypropyl Bisstearyldimonium Chloride
4420,Citrus Paradisi (Grapefruit) Seed Extract
4421,Polyquaternium-80
4422,PPG-8-Ceteth-20
4423,Punica Granatum (Pomegranate) Extract
4424,Honey Extract/Mel/Extrait De Miel
4425,Gellidiella Acerosa Extract
4426,Sargassum Filipendula (Algae) Extract
4427,Citrus Tangerina (Tangerine)
4428,Ext. Violet 2 (Ci 60730)
4429,Red 33 (Ci 17200)
4430,Yellow 5 (Ci 19140).']
4431,Ext. Violet 2 (CI 60730)
4432,Red 33 (CI 17200)
4433,Yellow 5 (CI 19140).']
4434,Benzophenone-3
4435,Red 33 (Ci 17200).']
4436,CI 19140 (Yelllow 5)
4437,CI 60730 (EXT. Violet 2)
4438,CI 14700 (Red 4).']
4439,Fd&C Yellow No. 5 (Ci 19140)
4440,Ext. D&C Violet No. 2 (Ci 60730)
4441,Fd&C Blue No. 1 (Ci 42090).']
4442,['Alcohol  Denat.
4443,Fd&C Red No. 4 (Ci 14700).']
4444,Fd&C Red No. 4 (Ci 14700)
4445,['Alcohol Denat. (SD Alcohol 39-C)
4446,Ethylhexl Salicylate
4447,Butyl Methoxydibenxoylmethane
4448,CI 19140 (Yellow 5)
4449,CI 42090 (Blue 1)
4450,CI 14700 (Red 4)
4451,Gerniol
4452,CI 17200 (Red 33)
4453,CI 42090 (Blue 1).']
4454,Cintronellol
4455,Ethylhexyl']
4456,CI 60730 (EXT. Violet 2).']
4457,Cinnamal.']
4458,Ext.Violet 2 (Ci 60730)
4459,Sutyl Metroxydienenzylmethane
4460,Alpha Isomethyl Ionone
4461,CI 60730 (Ext. Voilet 2)
4462,CI 17230 (Red 33).']
4463,Blue 1 (Ci 42090).']
4464,['Eau de Toilette:'
4465,Fd&C Yellow No. 5 (Ci 19140).'
4466,'Deodorant:'
4467,'Propylene Glycol
4468,Isosteareth-20
4469,Fd&C Yellow No. 5 (CI 19140)
4470,Ext. D&C Violet No. 2 (CI 60730)
4471,Fd&C Red No. 4 (CI 14700).']
4472,['All original shades except Dominique and Krystal contain:'
4473,'Hydrogenated Polyisobutene; Tridecyl Trimellitate; Polyglyceryl-2 Diisostearate; Octyldodecyl Stearoyl Stearate; Menthone Glycerin Acetal; Vp/Hexadecene Copolymer; Pentaerythrityl Tetraisostearate; Microcrystalline Wax (Cera Microcristallina); Octyldodecanol; Trimethylolpropane Triisostearate; Silica; Fragrance (Parfum); Palmitoyl Oligopeptide; Retinyl Palmitate; Ethylhexyl Palmitate; Tocopheryl Acetate; Tribehenin; Sorbitan Isostearate; Sodium Saccharin; Limonene; Bht. (+/-): Mica; Titanium Dioxide (Ci 77891); Iron Oxides (Ci 77491; Ci 77492; Ci 77499); Carmine (Ci 75470); Yellow 5 Lake (Ci 19140); Blue 1 Lake (Ci 42090); Red 6 (Ci 15850); Red 7 Lake (Ci 15850); Red 33 Lake (Ci 17200); Red 30 Lake (Ci 73360); Red 28 Lake (Ci 45410).'
4474,'All tint shades contain:'
4475,'Hydrogenated Polyisobutene; Tridecyl Trimellitate; Polyglyceryl-2 Diisostearate; Octyldodecyl Stearoyl Stearate; Menthone Glycerin Acetal; Vp/Hexadecene Copolymer; Silica; Octyldodecanol; Trimethylolpropane Triisostearate; Flavor (Aroma); Pentaerythrityl Tetraisostearate; Ethylhexyl Palmitate; Tribehenin; Tocopheryl Acetate; Bht; Sodium Saccharin; Sorbitan Isostearate; Retinyl Palmitate; Palmitoyl Oligopeptide. (+/-): Mica; Titanium Dioxide (Ci 77891); Iron Oxides (Ci 77491; Ci 77492; Ci 77499); Blue 1 Lake (Ci 42090); Yellow 5 Lake (Ci 19140); Red 6 (Ci 15850); Red 7 Lake (Ci 15850); Red 28 Lake (Ci 45410); Red 30 Lake (Ci 73360); Red 33 Lake (Ci 17200).'
4476,'All diamond shades contain:'
4477,'Hydrogenated Polyisobutene; Tridecyl Trimellitate; Polyglyceryl-2 Diisostearate; Octyldodecyl Stearoyl Stearate; Menthone Glycerin Acetal; Vp/Hexadecene Copolymer; Calcium Sodium Borosilicate; Pentaerythrityl Tetraisostearate; Microcrystalline Wax (Cera Microcristallina); Octyldodecanol; Trimethylolpropane Triisostearate; Silica; Fragrance (Parfum); Ethylhexyl Palmitate; Tribehenin; Tocopheryl Acetate; Sorbitan Isostearate; Bht; Sodium Saccharin; Tin Oxide; Retinyl Palmitate; Limonene; Palmitoyl Oligopeptide. (+/-): Mica; Titanium Dioxide (Ci 77891); Iron Oxides (Ci 77491; Ci 77492; Ci 77499); Blue 1 Lake (Ci 42090); Yellow 5 Lake (Ci 19140); Red 6 (Ci 15850); Red 7 Lake (Ci 15850); Red 28 Lake (Ci 45410); Red 30 Lake (Ci 73360); Red 33 Lake (Ci 17200).']
4478,Carmine (Ci 75470). (+/-): Mica
4479,Red 28 Lake (Ci 45410).']
4480,Beeswax (Cera Alba/Cire d’abeille)
4481,Silica. May Contain/Peut Contenir (+/-): Iron Oxides (Ci 77491
4482,PEF-800
4483,Rose Centifolia Flower Water
4484,Hematite
4485,Potassium Sorbate. May Contain (+/-): Mica
4486,Polyvinyl Acetate
4487,Rosa Centifolia Flower Extract (Rosa Centifolia)
4488,Sodium Bicarbonate
4489,Isostearice.']
4490,['Hydrogenated Poly(C6-14 Olefin)
4491,Benzyl Nicotinate
4492,Portulaca Pilosa Extract
4493,Palmitoyl Tripeptide-38
4494,Sucrose Cocoate
4495,Lactic Acid. May Contain/Peut Contenir (+/-): Mica
4496,Red 40 (Ci 16035).']
4497,['Organic Cane Sugar Alcohol
4498,Distilled Water
4499,Cis-3-Hexenyl Salicylate
4500,Geranyl Acetate
4501,Citrus Paradisi (Grapefruit) Oil
4502,Hexenyl Acetate
4503,Hexyl Acetate
4504,Chamomile Essential Oil
4505,Hedione (Methyl Dihydrojasmonate)
4506,Terpineol Allergens: Citronellol
4507,Limonene D
4508,Citrus Aurantium Amara (Neroli) Oil
4509,Anthemis Nobilis Flower (Chamomile) Oil
4510,Citrus Junos (Yuzu) Oil.']
4511,['Organic Cane Sugar Alcohol And Distilled Water
4512,Ambrettolide
4513,Ambroxan
4514,Ethylene Brassylate.']
4515,Hydroxypropyl Methylcellulose
4516,Organic Aloe Barbadensis Leaf Juice
4517,Organic Althea Officinalis (Marshmallow) Root Extract
4518,Organic Avena Sativa (Oat) Kernel Extract
4519,Organic Calendula Officinalis Flower Extract
4520,Organic Camellia Sinensis (White Tea) Extract
4521,Organic Chamomilla Recutita (Matricaria) Extract
4522,Organic Lavandula Angustifolia (Lavender) Extract
4523,Organic Prunus Amygdalus Dulcis (Sweet Almond) Fruit Extract
4524,Organic Symphytum Officinale (Comfrey) Extract
4525,Organic Trifolium Pratense (Clover) Extract
4526,Camellia Sinensis (White Tea) Leaf Extract
4527,Hedychium Coronarium (White Ginger) Extract
4528,Olea Europaea (Olive) Leaf Extract
4529,Pinus Pinaster (Maritime Pine) Bark Extract
4530,Brj Fragrance.']
4531,['Dylan Eau de Parfum:'
4532,'Cane Sugar Alcohol
4533,Methyl Furfural
4534,Boswellia Carterii (Olibanum) Oil
4535,3-P-Cumenyl Propionaldehyde
4536,Ethylene Dodecannedioate
4537,Cedrol Methyl Ether
4538,Tetrahydro-Methyl-(Methylpropyl)-Pyran-4-Ol
4539,Juniperus Virginiana (Cedar) Wood Oil
4540,Iso E Super
4541,Ethylene Brassylate.'
4542,'Lake Eau de Parfum:'
4543,'Methyl Dihydroxy-Dimethylbenzoate
4544,5-Methyl-Alpha-Ionone
4545,Abies Sibirica (Fir Needle) Oil
4546,Ethyl Trimethyl Cyclopentene Butenol
4547,Caprylic/Capric Triglyceride.'
4548,'Madie Eau de Parfum:'
4549,Camphor
4550,Ethyl 2
4551,2-Dimethyhydrocinnamal (Ozone Propanal)
4552,Eugenia Caryophyllus (Clove) Oil
4553,Lavandula Oil
4554,Methyl Dihydroxy-Dimethybenzoate (Atraric Acid/Veramoss)
4555,Methylbenzodixepinone
4556,Methylcyclopentadecenone (Delta-Muscenone)
4557,Methylenedioxyphenyl Methylpropanal (Ocean Propanal)
4558,Terpineol Alpha
4559,Tetrahydro-Methylpropyl)-Pyran-4-Ol.'
4560,'James Eau de Parfum:'
4561,'3 Hexenyl Benzoate
4562,3-Hexenol
4563,Ethyl Benzoate
4564,Gamma Octalactone
4565,Hyacinth Essential Oil
4566,Indole Pure
4567,Jasmal
4568,Methlybenzyl Acetate
4569,Methyl Benzoate
4570,Methyl Iso Eugenol
4571,Triplal
4572,Vanillin.'
4573,'Leila Lou Eau de Parfum:'
4574,'Organic Cane Sugar Alcohol
4575,'Rosie Eau de Parfum:'
4576,'Organic Cane Sugar Alcohol And Distilled Water
4577,'Dulce Eau de Parfum:'
4578,'Organic Sugar Cane Alcohol
4579,Organic Caprylic/Capric Triglycerides
4580,Dioctyl Adipate
4581,Methyl Hydrogenated Rosinate
4582,4-Tert-Butylcyclohexyl Acetate
4583,Octahydrocoumarin
4584,Myroxylon Pereira (Balsam Peru) Oil
4585,Ethyl Hydroxypyrone
4586,Gamma-Nonalactone
4587,Ethoxy-P-Cresol
4588,Butyl Butyrolactate
4589,Anisaldehyde
4590,['3 hexenyl benzoate
4591,ambrettolide
4592,ambroxan
4593,benzyl acetate
4594,cedrol methyl ether
4595,citrus nobilis (mandarin orange) peel oil
4596,coumarin
4597,cyclamen aldehyde
4598,dipropylene glycol
4599,ethyl benzoate
4600,ethylene brassylate
4601,gamma octalactone
4602,hedione (methyl dihydrojasmonate)
4603,hyacinth essential oil
4604,indole pure
4605,iso e super
4606,isoeugenol
4607,jasmal
4608,linalool
4609,linalyl acetate
4610,methlybenzyl acetate
4611,methyl benzoate
4612,methyl iso eugenol
4613,triplal
4614,vanillin.']
4615,['Cane Sugar Alcohol
4616,Tetrahydro-Methylpropyl)-Pyran-4-Ol.']
4617,Methylbensyl Acetate
4618,3 Hexenyl Benzoate
4619,Ambrettolide Allergens: Coumarin
4620,['Organic Sugar Cane Alcohol
4621,Organic Caprylic / Capric Triglycerides
4622,['Methyl Dihydroxy-Dimethylbenzoate
4623,'Allergens: Linalool.']
4624,['Calm The F***Down Body Oil:'
4625,'Cocos Nucifera (Coconut) Oil
4626,Rosa Canina (Rose Hip) Seed Oil
4627,Chamomile- Anthemis Nobilis Flower Oil
4628,Yuzu Citrus Junos (Yuzu) Oil
4629,Neroli- Citrus Aurantium (Neroli) Oil.'
4630,'Calm The F*** Down Deodorant:'
4631,'100% Natural
4632,Spray Liquid Deodorant. Organic Alcohol Denat.
4633,Citrus Junos (Yuzu) Oil.'
4634,'Calm The F*** Down Body Wash:'
4635,Vitis Vinifera (Grape) Seed Extract.']
4636,['Cocos Nucifera (Coconut) Oil
4637,Helianthus annuus (Sunflower) Seed Oil
4638,Rosa Canina (Rose hip) seed oil
4639,Leila Lou Fragrance.']
4640,Jasminum Officinal (Jasmine) Flower Extract
4641,Hyacinth Body
4642,Cis-3-Hexenyl Acetate
4643,3 Hexenyl Isobutyrate
4644,Geranyl Acetate Extra
4645,3 Hexenyl Salicylate
4646,Methyl Iso
4647,Helional
4648,2-Methyl-3(1
4649,7-Trimethylbicyclohept-2-Yloxy)-Propanol
4650,Methyl Dihydrojasmonate
4651,Pelargonium Graveolens Flower (Geranium) Oil
4652,Lippia Citriodora
4653,Flower/Leaf/Stem (Lemon Verbena) Oil.']
4654,['Wake The F***Up Body Oil:'
4655,'Calm The F*** Deodorant:'
4656,'Wake The F*** Up Body Wash:'
4657,Disodium cocoamphodiacetate
4658,Sodium chloride
4659,Caprylyl glycol
4660,Citric acid
4661,Hydroxypropyl methylcellulose
4662,Organic aloe barbadensis leaf juice
4663,Sodium dehydroacetate
4664,Tocopheryl acetate
4665,Organic Althea officinalis (marshmallow) root extract
4666,Organic Avena sativa (oat) kernel extract
4667,Organic Calendula officinalis flower extract
4668,Organic Camellia sinensis (white tea) extract
4669,Organic Chamomilla recutita (matricaria) extract
4670,Organic Lavandula angustifolia (lavender) extract
4671,Organic Prunus amygdalus dulcis (sweet almond) fruit extract
4672,Organic Symphytum officinale (comfrey) extract
4673,Organic Trifolium pratense (clover) extract
4674,Camellia sinensis (white tea) leaf extract
4675,Glycyrrhiza glabra (licorice) root extract
4676,Hedychium coronarium (white ginger) extract
4677,Olea europaea (olive) leaf extract
4678,Pinus pinaster (maritime pine) bark extract
4679,Punica granatum (pomegranate) extract
4680,Rosmarinus officinalis (rosemary) leaf extract
4681,Theobroma cacao (cocoa) extract
4682,Vitis vinifera (grape) seed extract
4683,BRJ fragrance.']
4684,Avandula Angustifolia (Lavender) Oil
4685,['Blended With Organic Fractionated Coconut Oil
4686,['Leila Lou Eau de Parfum:'
4687,'Citronellol
4688,Terpineol
4689,Hydroxycitronellal.'
4690,'Leila Lou Perfume Oil:'
4691,'Capricylic/Capric Triglycerides (Sustainably Sourced)
4692,'Leila Lou Candle:'
4693,'Coconut Wax
4694,Hydroxycitronellal.']
4695,James Fragrance.']
4696,['Caprylic / Capric Triglycerides (Sustainably Sourced)
4697,['Leila Lou Everyday Body Wash:'
4698,Althea Officinalis (Marshmallow) Root Extract
4699,Camellia Sinensis (White Tea) Extract
4700,Prunus Amygdalus Dulcis (Sweet Almond) Fruit Extract
4701,Symphytum Officinale (Comfrey) Extract
4702,Trifolium Pratense (Clover) Extract
4703,Leila Lou Fragrance.'
4704,'Leila Lou Hydrating Body Oil:'
4705,['Organic Fractionated Coconut Oil
4706,Methyl Dihydroxy-Dimethylbenzoate
4707,Citrus
4708,Aurantium Dulcis (Orange) Peel Oil
4709,['Rosie Eau de Parfum
4710,Rosie Travel Spray:'
4711,'Rosie Every Day Body Wash:'
4712,Vitis Vinlfera (Grape) Seed Oil
4713,Rosa Canina (Rose Hip) Seed Oil; Blended With Rosie Fragrance.']
4714,['Caprylyl Methicone
4715,PEG-12 Dimethicone/PPG-20 Crosspolymer
4716,Adipic Acid/Neopentyl Glycol Crosspolymer
4717,['Hydrogenated Polydecene
4718,Bis-behenyl/Isostearyl/Phytosteryl Dimer Dilinoleyl Dimer Dilinoleate
4719,Dipentaerythrityl Tetrahydroxystearate/Tetraisostearate
4720,Copernicia Cerifera (Carnauba) Wax (Copernicia Cerifa Cera)
4721,Ethylhexylglycerin May Contain/Peut Contenir: CI 77499 (Iron Oxides).']
4722,Fragrance (Parfum) May Contain/Peut Contenir: Titanium Dioxide (CI 77891)
4723,Lauryl Lactate
4724,Sea Water
4725,Opuntia Ficus-Indica (Prickly Pear) Stem Extract
4726,Zinc Lactate
4727,Cetearyl Behenate
4728,Polyglyceryl-4 Diisostearate/Polyhydroxystearate/Sebacate
4729,Dimethyl Oxobenzo Dioxasilane
4730,Silica May Contain/Peut Contenir: Iron Oxides (CI 77491
4731,Ferric Ferrocyanide (CI 77510)
4732,Juglans Regia (Walnut) Seed Oil
4733,Bertholletia Excelsa Seed Oil
4734,Coumarin May Contain/Peut Contenir Titanium Dioxide (CI 77891)
4735,['Come Hell or High Water Volumizing Tubing Mascara:'
4736,'Water (Aqua/Eau)
4737,Ethylhexylglycerin May Contain/Peut Contenir: CI 77499 (Iron Oxides).'
4738,'Surfproof Easy Glider Eye Definer Waterproof Eyeliner Pencil:'
4739,['Vitamin D (as Vitamin D3) (250 IU) Biotin
4740,Green Tea Phytosome (Camellia sinensis extract (leaf) decaffeinated / Phospholipid complex from Sunflower)
4741,Nicotinamide Riboside Hydrogren Malate
4742,Betaine Anhydrous (Trimethylglycine)
4743,Lutein (from Aztec Marigold extract (flower) (Tagetes erecta))
4744,Powdered Cellulose
4745,Flavors
4746,Color
4747,Oat Fiber powder
4748,Purified Water
4749,Stevia Extract (leaf) (Rebaudioside A 95%)
4750,Glycerin (Vegetable Source)
4751,Quillaja Extract.']
4752,Calcium Aluminum Borosilicate. [+/- (May Contain/Peut Contenir): Titanium Dioxide (CI 77891)
4753,IRON OXIDES (CI 77491/77492/77499)
4754,Bronze Powder (CI 77400)].']
4755,['Smolderrrr
4756,WTFox:'
4757,Sorbic Acid May Contain/Peut Contenir: Titanium Dioxide (CI 77891)
4758,Ultramarines (CI 77007).'
4759,'Nudie Judies:'
4760,Sorbic Acid +/- May Contain/Peut Contenir: Titanium Dioxide (CI 77891)
4761,'Browboner:'
4762,'Ring Light:'
4763,Lauroyl Lysine +/- May Contain/Peut Contenir: Titanium Dioxide (CI 77891)
4764,Manganese Violet (CI 77742).'
4765,'Use Me Wet:'
4766,Boron Nitride +/- May Contain/Peut Contenir: Titanium Dioxide (CI 77891)
4767,Iron Oxides (CI 77491).'
4768,'Hot Cheeks:'
4769,Sorbic Acid +/- May Contain/Peut Contenir: Titanium Dioxide (CI77891)
4770,Red 40 Lake (CI 16035).']
4771,Propylene
4772,Gycol
4773,Butyl
4774,Methoxydibenzoylmethane
4775,D&C Green No.5 (Ci61570)
4776,D&C Red No.33 (Ci17200)
4777,Fd&C Yellow No.5 (Ci 19140)
4778,Ext. D&C Violet No.2 (Ci 60730).']
4779,Tetrasodium Eau de Toilettea
4780,Acrylates/Octylacrylahearte Copolymer
4781,Hydrolyzed Jojoba Esters.']
4782,Hydrofluorocarbon 152A
4783,Acrylates/Octylacrylamide Copolymer
4784,Ext. D&C Violet No. 2 (Ci 60730).']
4785,['Alcohol denat
4786,aqua/water/eau
4787,parfum/fragrance
4788,acrylates/octrylacrylamide copolymer
4789,benzophenone-3
4790,butyl methoxydibenzoylmethane
4791,butylphenyl methylpropional
4792,citral
4793,citronellol
4794,courmarin
4795,ethyhexyl methyoxycinnamate
4796,ethylhexyl salicylate
4797,eugenol
4798,geraniol
4799,hydrolyzed jojoba esters
4800,limonene
4801,propylene glycol
4802,ext. violet 2 (ci 60730)
4803,green 3 (ci 42053)
4804,red 4 (ci 14700)
4805,yellow 5 (ci 19140).']
4806,Butyrpspermum Parkii (Shea) Butter
4807,Xanthum Gum
4808,Capryl Glycol
4809,Citral Limonene
4810,Ethylhexyl Saliclate
4811,Limonen
4812,Ci 60730 (Ext. Violet 2) Alcohol Of Vegatal Origin 80%.']
4813,['Good Girl Eau de Parfum:'
4814,Ci 60730 (Ext. Violet 2).'
4815,'Very Good Girl Eau de Parfum:'
4816,Ci 60730 (Ext. Violet2). Alcohol Of Vegetal Origin 80% Vol.']
4817,CI 60730 (Ext. Violet 2).']
4818,'Good Girl Eau de Parfum Supreme:'
4819,'Good Girl Supreme Eau de Parfum:'
4820,Ci 60730 (Ext. Violet 2).']
4821,Citrus Aurantium Amara (Bitter Orange) Flower Water
4822,Potassium Alum
4823,Commiphora Myrrha Resin Extract
4824,Styrax Tonkinensis Resin Extract
4825,Melissa Officinalis (Balm Mint) Leaf Oil
4826,Citrus Aurantium Amara (Bitter Orange) Flower Oil
4827,Linalool (010/035).']
4828,Cococaprylate/Caprate
4829,Palmitoyl Grapevine Shoot Extract
4830,Polyglyceryl-3 Distearate
4831,Parfum (Fragrance).']
4832,Vitis Vinifera (Grape) Fruit Water
4833,Butyrospermum Parkii (Shea) Butter Extract
4834,Hexyldecanol
4835,Hexyldecyl Laurate
4836,Palmitoyl Grape Seed Extract
4837,Vitis Vinifera (Grape) Juice
4838,Sodium Carboxymethyl Beta-Glucan
4839,Homarine Hcl
4840,Sodium Anisate
4841,Acetyl Tetrapeptide-15
4842,Parfum (Fragrance) (098/131).']
4843,['Vitis Vinifera (Grape) Fruit Water*
4844,Vitis Vinifera (Grape) Juice*
4845,Nitrogen.']
4846,Cymbopogon Citratus Leaf Oil
4847,Ci 77491 (Iron Oxides)
4848,Coffea Robusta Seed Extract
4849,Cupressus Sempervirens Oil
4850,Ci77499 (Iron Oxides)
4851,Commiphora Myrrha Oil
4852,Petroselinum Crispum (Parsley) Seed Oil
4853,Butyrospermum Parkii (Shea Butter) Extract*
4854,Persea Gratissima (Avocado) Oil Unsaponifiables*
4855,Sodium Cetearyl Sulfate*
4856,Palmitoyl Grape Seed Extract*
4857,Sodium Carboxymethyl Betaglucan
4858,Linalool. *Plant Origin.'
4859,'aqua/water/eau
4860,glycerin
4861,cetearyl alcohol
4862,vitis vinifera (grape) seed oil
4863,glyceryl stearate
4864,butyrospermum parkii (shea) butter extract
4865,palmitoyl grape seed extract
4866,sodium cetearyl sulfate
4867,coco-caprylate/caprate
4868,tocopheryl acetate
4869,persea gratissima (avocado) oil
4870,caprylyl glycol
4871,acrylates/c10-30 alkyl acrylate crosspolymer
4872,potassium sorbate
4873,phytosterols
4874,olea europaea (olive) fruit oil
4875,sodium hydroxide
4876,carbomer
4877,sodium carboxymethyl beta-glucan
4878,sorbitan oleate
4879,tocopherol
4880,ascorbyl palmitate
4881,parfum (fragrance)
4882,citral. (061/136)']
4883,Aloe Barbadensis Leaf Powder
4884,Melissa Officinalis Leaf Oil.']
4885,Octyldodecyl Myristate
4886,C20-22 Alkyl Phosphate
4887,C20-22 Alcohols
4888,Poloxamer 188
4889,Vitis Vinifera (Grape) Fruit Water*
4890,Capryl/Capramidopropyl Betaine
4891,Sodium Levulinate*
4892,Sodium Anisate*
4893,Potassium Sorbate (067/178) *Plant origin.']
4894,Ethylhexyl Cocoate
4895,Cetearyl Wheat Straw Glycosides
4896,Hydrogenated Olive Oil Stearyl Esters
4897,Parfum (Fragrance) (235/007).']
4898,['Helianthus Annuus (Sunflower) Seed Oil*
4899,Polyglyceryl-4 Oleate*
4900,Fragrance*. *Plant origin.']
4901,Coco-Caprylate/ Caprate
4902,Hydrogenated Avocado Oil
4903,Magnolia Grandiflora Bark Extract
4904,Gleditsia Triacanthos Seed Extract
4905,Paeonia Lactiflora Root Extract.']
4906,Khaya Senegalensis Bark Extract
4907,Coumarin (251/031).']
4908,Coumarin(246/011).']
4909,Hexyldecyl Stearate
4910,Pentaerythrityl Distearate
4911,Citronellol.(316/008).']
4912,Vitis Vinifera(Grape) Seed Oil
4913,Cassia Angustifolia Seed Polysaccharide
4914,Hexyldecyl Stearate*
4915,Cellulose*
4916,Hydrogenated Jojoba Oil*
4917,Mel (Honey)
4918,C14-22 Alcohols*
4919,Myristyl Alcohol*
4920,C12-20 Alkyl Glucoside*
4921,Myristyl Glucoside*
4922,Polyglyceryl-10 Stearate*
4923,Glycyrrhiza Glabra (Licorice) Root Extract*
4924,Linalool. *Plant Origin.']
4925,['Natural Upcycled Grapes: Provide antioxidant benefits and help limit sebum oxidation responsible for blackheads.'
4926,'Sustainably Sourced Pink Clay: Cleanses away visible impurities and excess sebum while tightening the look of pores.'
4927,'Natural Caffeine: Visibly smooths and illuminates skin.'
4928,Glyceryl Caprylate/Caprate
4929,Hydrolyzedhyaluronicacid
4930,Magnoliagrandiflorabarkextract
4931,Polyglyceryl-6 Laurate
4932,Disodium Acetyl Glucosamine Phosphate
4933,Myristyl Malate Phosphonic Acid
4934,Parfum (Fragrance) (245/059).']
4935,['Vinolevure: Strengthens
4936,moisturizes
4937,and tones.'
4938,Stearyl Heptanoate
4939,Stearyl Caprylate
4940,Paeonia Lactiflora Root Extract(259/009).']
4941,Citronellol.(315/011)']
4942,['QUA/WATER/EAU
4943,BUTYLENE GLYCOL
4944,COCO-CAPRYLATE/CAPRATE
4945,SQUALANE
4946,CETEARYL ALCOHOL
4947,CAPRYLIC/CAPRIC TRIGLYCERIDE
4948,HYDROGENATED VEGETABLE OIL
4949,TRIHEPTANOIN
4950,VITIS VINIFERA (GRAPE) SEED OIL
4951,PALMITOYL GRAPEVINE SHOOT EXTRACT
4952,CITRUS AURANTIUM AMARA (BITTER ORANGE) FLOWER WATER
4953,ARACHIDYL ALCOHOL
4954,CARBOMER
4955,BEHENYL ALCOHOL
4956,POTASSIUM SORBATE
4957,CAPRYLYL GLYCOL
4958,CETEARYL GLUCOSIDE
4959,ARACHIDYL GLUCOSIDE
4960,HYDROLYZED HYALURONIC ACID
4961,SODIUM HYDROXIDE
4962,ADENOSINE
4963,TILIA PLATYPHYLLOS FLOWER EXTRACT
4964,VERBENA OFFICINALIS LEAF EXTRACT
4965,ACETYL DIPEPTIDE-1 CETYL ESTER
4966,HYALURONIC ACID
4967,KHAYA SENEGALENSIS BARK EXTRACT
4968,MALTODEXTRIN
4969,PAEONIA LACTIFLORA ROOT EXTRACT
4970,SODIUM BENZOATE
4971,PARFUM (FRAGRANCE)
4972,LINALOOL
4973,LIMONENE
4974,COUMARIN.(260/013)']
4975,Polylactic Acid
4976,['Aqua/water/eau
4977,sodium cocoyl glutamate
4978,caprylyl/capryl glucoside
4979,cocamidopropyl betaine
4980,coco-betaine
4981,citric acid
4982,sodium methyl cocoyl taurate
4983,sodium cocoyl isethionate
4984,sodium phytate
4985,butylene glycol
4986,chamomilla recutita (matricaria) flower extract
4987,salvia officinalis (sage) leaf extract
4988,vitis vinifera (grape) fruit extract
4989,parfum (fragrance).(263/026)']
4990,Anthemis Nobilis Flower Oil. (244/021).']
4991,Acrylates/ C10-30 Alkyl Acrylate Crosspolymer
4992,Orthosiphon Stamineus Extract
4993,Limonene (314/002).']
4994,['Butylene Glycol
4995,Sucrose Distearate
4996,Balanites Roxburghii Seed Oil
4997,Pumice
4998,['Vinoperfect Radiance Dark Spot Serum:'
4999,Parfum (Fragrance).'
5000,'Vinoperfect Brightening Glycolic Essence:'
5001,'Vinoperfect Instant Brightening Moisturizer:'
5002,['Resveratrol-Lift Firming Serum:'
5003,Coumarin (251/031).'
5004,'Resveratrol-Lift Firming Eye Gel Cream:'
5005,Paeonia Lactiflora Root Extract(259/009).'
5006,'Resveratrol-Lift Firming Cashmere Moisturizer:'
5007,['Premier Cru Anti-Aging Serum:'
5008,'Premier Cru Anti-Aging Cream Moisturizer:'
5009,Citronellol.(316/008).'
5010,'Premier Cru Dark Circle Correcting Eye Cream:'
5011,['Avobenzone 3% Sunscreen
5012,Octisalate 5% Sunscreen
5013,Octocrylene 10% Sunscreen
5014,Diisopropyl Sebacate
5015,Myroxylon Pereirae (Balsam Peru) Oil
5016,Cupressus Sempervirens Leaf/Nut/Stem Oil
5017,Limonium Gerberi Extract
5018,Homosalate 10% Sunscreen
5019,C18-38 Alkyl Hydroxystearoyl Stearate
5020,Chondrus Crispus Extract.']
5021,Isostearyl Alcohol
5022,Calendula Officinalis Extract
5023,Hydrolyzed Chondrus Crispus Extract
5024,Moringa Oleifera Seed Extract
5025,Avobenzone (3%)
5026,Octisalate (5%)
5027,Octocrylene (10%)']
5028,Sunflower Seed Oil/Hydrogenated Sunflower Seed Oil Esters
5029,Aloe Barbadensis Leaf
5030,3-propanediol
5031,Octyldodecyl Xyloside
5032,Citrus Paradisi (Grapefruit) Fruit Extract
5033,Lavandula Angustifolia (Lavender) Flower/Leaf/Stem Extract
5034,Cucumis Melo (Melon) Fruit Extract
5035,Vanilla Planifolia Fruit Extract.']
5036,Dibutyl Adipate
5037,Diethylhexyl Carbonate
5038,Polyester-8
5039,Polyamide-3
5040,Hordeum Vulgare Extract
5041,Raphanus Sativus (Radish) Seed Extract
5042,Diethylhexyl Syringlidenemalonate
5043,['Limnanthes Alba (Meadowfoam) Seed Oil
5044,Salvia Hispanica (Chia) Seed Oil
5045,Oenocarpus Bataua (Pataua) Fruit Oil
5046,Crambe Abyssinica Seed Oil Phytosterol Esters
5047,Passiflora Edulis (Maracuja) Seed Oil
5048,Theobroma Grandiflorum (Cupuacu) Seed Butter
5049,Euterpe Oleracea (Acaì) Fruit Oil
5050,Brassica Campestris/Aleurites Fordi Oil Copolymer
5051,Virola Surinamensis Seed Butter
5052,Psidium Guajava Fruit Extract
5053,Hedychium coronarium Root Extract
5054,Sodium Hydroxypropylsulfonate Laurylglucoside Crosspolymer
5055,Sodium Dilauramidoglutamide Lysine
5056,Carthamus Tinctorius (Safflower) Seed Extract.']
5057,CapryloylGlycerin/Sebacic Acid Copolymer
5058,Persea Gratissima
5059,(Avocado) Oil
5060,Tamarindus Indica Fruit Extract
5061,Lactobacillus/Papaya Fruit Ferment Extract
5062,Psidium Guajava Leaf Extract
5063,Opuntia Ficus-Indica Fruit Extract
5064,Rosmarinus officinalis (Rosemary) Leaf Oil
5065,Panthenol.']
5066,['Guava Leave-In Conditioner:'
5067,Carthamus Tinctorius (Safflower) Seed Extract.'
5068,'Guava Rescue Spray:'
5069,'Guava Beach Waves:'
5070,Orbignya Oleifera Seed Oil
5071,Withania Somnifera Root Extract
5072,Malus Domestica Fruit Extract
5073,Passiflora Edulis Fruit Extract
5074,Citrus Limon (Lemon) Seed Oil
5075,['Aceite de Moska:'
5076,'Limnanthes Alba (Meadowfoam) Seed Oil
5077,Rosmarinus Officinalis (Rosemary) Leaf Extract.'
5078,'Champu de Yucca & Witch Hazel:'
5079,Oenocarpus Bataua (pataua) Fruit Oil
5080,Yucca Schidigera Leaf/Root/Stem Extract
5081,Euphorbia Cerifera (Candelilla) Wax/Candelilla Cera/Cire de candelilla
5082,Serenoa Serrulata (Saw palmetto) Fruit Extract
5083,Carthamus Tinctorius (Safflower) Seed Extract
5084,Scutellaria Baicalensis (Huang-Qin) Root Extract
5085,Calcium Gluconate.'
5086,'Acondicionador de Cupuacu & Castor:'
5087,Stearamidopropyl Dimethylamine Lactate
5088,Salvia Hispanica (Chia) Seed Extract
5089,Sorbic Acid.'
5090,'Guava Leave-in Conditioner:'
5091,['C15-19 Alkane
5092,Caryocar Brasiliense (Pequi) Fruit Oil
5093,Oryza Sativa (Rice) Germ Extract
5094,Melia Azadirachta (Neem) Leaf Extract
5095,Calcium Gluconate.']
5096,['Papaya Scalp Scrub Shampoo:'
5097,'Mascarilla de Babassu Hydrating Hair Mask:'
5098,Paullinia Cupana Seed Extract
5099,Dioctyldodecyl Dodecanedioate
5100,['Weightless Hydration Shampoo:'
5101,'Weightless Hydration Conditioner:'
5102,['Witch Hazel & Yucca Deep Hydrating Shampoo:'
5103,Hydroxypropyl
5104,Methylcellulose
5105,Aloe Vera Juice
5106,Castor Oil
5107,Babassu Oil
5108,Pataua Oil
5109,Cupuacu Butter
5110,Blue Agave Extract
5111,Yucca Extract
5112,Witch Hazel Extract
5113,Rice Bran Extract
5114,Candelilla Wax
5115,Soybean Germ Extract
5116,Wheat Germ Extract
5117,Saw Palmetto Extract
5118,Safflower Seed Extract
5119,Skullcap Root Extract
5120,Apple Extract
5121,'Cupuacu & Castor Deep Hydrating Conditioner:'
5122,Dimethylamine Lactate
5123,Chia Seed Extract
5124,Sodium Hydroxypropylsulfonate
5125,Laurylglucoside Crosspolymer
5126,Ci 14700 (Red 4)
5127,Ci 42090 (Blue 1)
5128,Il28-1.']
5129,Ci 60730 (Ext. Violet 2)
5130,Il36-1.']
5131,Ci 17200 (Red 33)
5132,Ci 15985 (Yellow 6)
5133,Il22-1.']
5134,Ci 19140 (Yellow 5)
5135,Il17-1.']
5136,Evernia Prunastri (Oak Moss) Extract
5137,Il72-1.']
5138,Il15-1.']
5139,Il95-1.']
5140,Il02-1.']
5141,Il37-1.']
5142,Il46-1.']
5143,Il93-1.']
5144,DicaprylylCarbonate
5145,Jasminum Sambac (Jasmine) Leaf Cell Extract
5146,Rosa Centifolia Flower Extract
5147,Ci 14700 (Red 4).']
5148,Polyacrylic Acid
5149,Il52A.']
5150,Il79-1.']
5151,Ci 19140 (Yellow 5).']
5152,Benzophenone-2
5153,Benzyl Alcool
5154,Il65A']
5155,Ci 42090 (Blue 1).'
5156,Ci 17200 (Red 33).']
5157,Il35-1.']
5158,Il52B.']
5159,Il70-1.']
5160,Il18-1.']
5161,Il11-1.']
5162,Sodium Palmitate
5163,Glyceryl Caprate
5164,Il91A.']
5165,Il46a.']
5166,Sodium Acrylates/C10-30 Alkyl Acrylate Crosspolymer
5167,Denatonium Benzoate
5168,Il26A.']
5169,Il51-1']
5170,Hydrogenated Didecene
5171,Hoya Lacunosa Flower Extract
5172,Rosa Multiflora Flower Wax
5173,Ci 77499)].']
5174,Iron Oxides (Ci 77491)].']
5175,Stearalkonium Bentonine
5176,[May Contain (+/-): Mica (CI 77019)
5177,Blue 1 Lake (CI 42090)].']
5178,['Shade: Lip Cheat In Pillow Talk Medium'
5179,Red 7 Lake (Ci 15850)].'
5180,'Shade: Matte Revolution In Pillow Talk  Medium'
5181,'Neopentyl Glycol Dicaprylate/Dicaprate
5182,Zea Mays (Corn) Oil
5183,Phalaenopsis Amabilis Extract
5184,Blue 1 Lake (Ci 42090)].']
5185,Phenylisopropyl Dimethicone
5186,[May Contain/Peut Contenir (+/-): Titanium Dioxide (Ci 77891)
5187,['Neopentyl Glycol Dicaprylate/Dicaprate
5188,Cera Microcristallina/Microcrystalline Wax/Cire Microcristalline
5189,Menthyl Pca
5190,Arginine Pca
5191,Phaeodactylum Tricornutum Extract
5192,Acetyl Tetrapeptide-11
5193,Acetyl Tetrapeptide-9
5194,Phytol
5195,Aloe Barbadensis (Aloe Vera) Leaf Juice Powder
5196,Pistacia Lentiscus Gum
5197,Phenethyl Alcohol (Preservative).']
5198,Hydrogenated Castor Oil Hydroxystearate
5199,[May Contain: Ultramarines CI 77007
5200,Carmine CI 75470
5201,Ferric Ammonium Ferrocyanide CI 77510
5202,Ferric Ferrocyanide CI 77510
5203,Blue 1 Lake CI 42090
5204,Iron Oxides CI 77491].']
5205,Lauryl Methacrylate/Glycol Dimethacrylate Crosspolymer
5206,Olus Oil/Vegetable Oil/Huile Végétale
5207,Polyester-7
5208,Hydrolyzed Viola Tricolor Extract
5209,Rosa Damascena (Rose) Extract
5210,Michelia Alba Leaf Oil
5211,PEG-8
5212,Plumeria Rubra Flower Extract
5213,Nicotiana Sylvestris Leaf Cell Culture
5214,Rosa Damascena (Rose) Flower Oil
5215,Rosa Damascena (Rose) Flower Water
5216,Ultramarines (Ci 77007)].']
5217,Tin Oxide. May Contain (+/-): Titanium Dioxide (Ci 77891)
5218,Ci 77499)].'
5219,Passiflora Edulis (Passion Fruit) Seed Oil
5220,Triolein
5221,Glyceryl Dioleate
5222,Red 7 Lake (Ci 15850)].']
5223,Hydrogenated Styrene/ Methyl Styrene/ Indene Copolymer
5224,Pentaerythrityl Tetra-Di-t-Butyl Hydroxyhydrocinnamate
5225,[May Contain/ Peut Contenir (+/-): Titanium Dioxide (CI 77891)
5226,Yellow 5 Lake (CI 191140)
5227,Red 27 Lake (CI 45410)
5228,Peg-6 Isostearate
5229,Cera Carnauba/Copernicia Cerifera (Carnauba) Wax/Cire De Carnauba
5230,Hesperetin Laurate
5231,[+/- Yellow 6 Lake (Ci 15985)
5232,7-Dehydrocholesterol
5233,[+/- Titanium Dioxide (CI 77891)
5234,CI 77499)].']
5235,['Shades 1  - 15.5'
5236,Acacia Decurrens/Jojoba/Sunflower Seed Wax Polyglyceryl-3 Esters
5237,Colloidal Gold
5238,Palmitoyl Tetrapeptide-10
5239,'Shades 16  & 16.5'
5240,'Shades 17
5241,17.5  & 17.75'
5242,Ci 77499)]']
5243,['Prime:'
5244,'Enhance
5245,Smoke:'
5246,Ultramarines (Ci 77007)].'
5247,'Pop:'
5248,Copper Powder (Ci 77400).']
5249,['Matte Side:'
5250,May Contain (+/-): Iron Oxides (Ci 77499)
5251,'Metallic Side:'
5252,'Trimethylsiloxysilicate
5253,Cera Carnauba/Copernicia Cerifera (Carnauba) Wax
5254,May Contain (+/-): Titanium Dioxide (Ci 77891)
5255,Red 28 Lake (Ci 45410)].']
5256,['Shades: Champagne Glow
5257,Spotlight Glow'
5258,Carmine (Ci 75470)].'
5259,'Shade: Gilded Glow'
5260,'Shades: Moonlit Glow'
5261,'Shade: Pearlescent Glow'
5262,[+/- Titanium Dioxide (Ci 77891)].'
5263,'Shade: Pillow Talk Glow'
5264,'Shade: Sunset Glow'
5265,['Day Eye
5266,Prime and Day Eye
5267,Enhance:'
5268,Diamond Powder
5269,'Day Eye
5270,Yellow 5 Lake (Ci 19140)].'
5271,'Date Eye
5272,Prime:'
5273,Carmine (Ci 75470)].']
5274,Octyldodecyl Oleate
5275,Myrothamnus Flabellifolia Leaf Extract
5276,Schisandra Chinensis (Magnolia) Fruit Extract
5277,Saussurea Involucrata Callus Extract
5278,Rosa Canina Fruit Extract
5279,Plumeria Alba Flower Extract
5280,Lithothamnion Calcareum Extract
5281,Solanum Tuberosum (Potato) Pulp Extract
5282,Aroma (Flavor)
5283,Nelumbo Nucifera Flower Extract
5284,Olive Oil PEG-7 Esters
5285,Cera Alba/Beeswax/Cire d’abeille
5286,Daphne Odora Callus Extract
5287,Ascorbyl Tetraisopalmitate.']
5288,['Pillow Talk Original Glow & Swish:'
5289,Ultramines (Ci 77007)].'
5290,'Pillow Talk Intense Glow:'
5291,'Pillow Talk Intense Swish:'
5292,Pentaerythrityl Tetra-Dl-T-Butyl Hydroxyhydrocinnamate
5293,Saccharomyces Cerevisiae Extract
5294,['Day Look-Prime
5295,Day Look-Enhance:'
5296,'Day Look-Smoke/Define
5297,'Date Look-Prime
5298,Date Look-Enhance:'
5299,'Date Look-Smoke/Define:'
5300,C30-45 Alkyl Dimethicone
5301,C20-24 Alkyl Dimethicone
5302,['Hydrogenated Soybean Oil
5303,Polysorbate 40
5304,Nylon-12 Fluorescent Brightener 230 Salt
5305,Polyvinylalcohol Crosspolymer
5306,Camellia Oleifera (Camellia) Seed Oil
5307,Escin
5308,Potassium Phosphate
5309,Aluminum/Magnesium Hydroxide Stearate
5310,Cellulose Acetate
5311,Acrylates/Ammonium    Methacrylate Copolymer
5312,Saccharide Hydrolysate
5313,Titanium Dioxide (Cl 77891)
5314,Bismuth Oxychloride (Cl 77163)
5315,Iron Oxides (Cl 77491
5316,Cl 77499).']
5317,Humulus Lupulus (Hops) Strobile
5318,'Enhance:'
5319,'Smoke:'
5320,Copper Powder (Ci 77400)].']
5321,['Synthetic Bristles.']
5322,Copernicia Cerifera (Carnauba) Wax/Cire De Carnauba
5323,Iron Oxide (Ci 77499)']
5324,[+/- Black 2 (Ci 77266) <Nano>].']
5325,['Oleic/Linoleic/Linolenic Polyglycerides
5326,Swertia Chirata Extract
5327,Rhododendron Ferrugineum Extract
5328,Sclerocarya Birrea Seed Oil
5329,Acetone
5330,Nasturtium Officinale Leaf/Stem Extract.']
5331,Hydrolyzed Opuntia Ficus-Indica Flower Extract
5332,Pentapeptide-48
5333,Hydroxystearic/Linolenic/Oleic Polyglycerides
5334,C20-40 Alcohols
5335,['Walk Of No Shame Glow:'
5336,Ci 77492)].'
5337,'Walk Of No Shame Swish:'
5338,Oryza Sativa Cera (Oryza Sativa (Rice) Bran Wax)
5339,Black 2 (Ci 77266).']
5340,['Hyaluronic Acid: Hydrates to make skin appear softer and smoother.'
5341,Butyrosperum Parkii (Shea) Butter
5342,Olea Europeaea (Olive) Fruit Oil
5343,Cetyl Ricinoleate
5344,Magnolia Officinalis Bark Extract
5345,Helianthus Annuus (Sunflower Seed Oil)
5346,Carbomer Algae (Dictyopteris Membranacca) Extract
5347,Magnolia Gradiflora Bark Extract
5348,Luaryl Alcohol
5349,Crocus Sativus Flower Extract
5350,Tin Oxide (Ci 77861)
5351,Mica (Ci 77019)
5352,Rubus Chamaemorus Seed Oil
5353,Vaccinium Macrocarpon (Cranberry) Seed Oil
5354,['Citrus Oil Radiance Cleanse:'
5355,Platonia Insignis Seed Butter
5356,'Purifying Charcoal Cleanse:'
5357,Peat
5358,['Persea Gratissima (Avocado) Oil
5359,Cocoyl Hydrolyzed Collagen
5360,Lupinus Albus Seed Extract
5361,Olus/Vegetable Oil/Huile Végétale
5362,Cera Microcristallina (Microcrystalline Wax/Cire Microcrystalline)
5363,Orchis Mascula Flower Extract
5364,[May Contain/Peut Contenir (+/-): Mica (Ci 77019)
5365,Yellow 5 Lake (Ci 191140)
5366,Fd&C Yellow No.5 (Ci 19140).']
5367,Fd&C Yellow No. 6 (Ci 15985)
5368,Fd&C Yellow No. 5 (Ci 19140).']
5369,Mauritia Flexuosa Fruit Oil
5370,Ci77499).']
5371,['Moroccan Lava Clay
5372,Ammonium Lauryl Sulfate
5373,Cocamide Mea
5374,Rosa Centifolia Flower Water
5375,Peg-2 Dimeadowfoamamidoethylmonium Methosulfate
5376,Inula Crithmoide Leaf/Flower Extract
5377,Ethanolamine
5378,Basic Brown 16
5379,Basic Blue 99
5380,Basic Yellow 57
5381,Basic Brown 17
5382,Hc Yellow No. 2
5383,Hc Blue No. 12.']
5384,Polyquaternium-47
5385,Agave Americana Leaf Extract
5386,['Isoparaffin Hydrocarbon
5387,Hydrotreated Heavy Naptha
5388,Isopropylparaben
5389,Isobutylparaben
5390,N-Butylparaben
5391,Vanilla Planifolia (Vanilla Bean) Fruit Extract and D&C Green #6.']
5392,['Ethanol
5393,Naphtha
5394,Hydrotreated Heavy
5395,Orange Terpenes
5396,Lemon Scent.']
5397,Pyrus Malus (Apple Fruit Extract
5398,May Contain +/- Blue 1 (Ci42090).']
5399,PPG-3 Myristyl Ether
5400,Dipsacus Sylvestris Extract
5401,Persea Gratissima (Avocado) Oil Unsaponifiables
5402,Salicyloyl Phytosphingosine
5403,Kalanchoe Pinnata Leaf Extract
5404,Myrothamnus Flabellifolia Leaf/Stem Extract
5405,Mangifera Indica (Mango) Leaf Extract
5406,Jania Rubens Extract
5407,Engelhardtia Chrysolepis Leaf Extract
5408,Callicarpa Japonica Fruit Extract.']
5409,Caprylyl/Capryl GluCoside
5410,Hydroxyethyl Acrylate/Sodium Acryloyldimethyl Taurate Co- Polymer
5411,Avena'
5412,'Sativa (Oat) Kernel Extract
5413,Ammonium Acryloyl Dimethyltaurate/Vp Copolymer
5414,Kalan- Choe Pinnata Leaf Extract
5415,Marrubium Vulgare Extract
5416,Anthriscus Sylvestris Extract
5417,Furcellaria Lumbricalis Extract
5418,Maris Sal/Sea Salt/Sel Marin
5419,Lap- Sana Communis Flower/Leaf/Stem Extract [V3818a].']
5420,Tea-Cocoyl Glutamate
5421,Citrus Aurantium Dulcis (Orange) Fruit Water
5422,Phenoxyisopropanol
5423,Moringa Pterygosperma Seed Extract
5424,Ci 15985/Yellow 6
5425,[V0606F]']
5426,['Corylus Avellana (Hazel) Seed Oil
5427,Caprylic/Capric
5428,Triglyceride
5429,Acacia Farnesiana Flower Wax
5430,Harungan
5431,Madagascariensis Extract
5432,Acetyl Tetrapeptide-2
5433,Dextran.']
5434,Hydroxyethyl Acrylate/Sodium Acryloyldimethyl Tauratecopolymer
5435,Cydonia Oblonga Leaf Extract
5436,Hdi/Trimethylolhexyllactone Crosspolymer
5437,Celosiacristata Flower Extract
5438,Scabiosa Arvensis Extract
5439,Baccharis Genistelloides Extract
5440,Decylglucoside
5441,Mentha Aquatica Leaf Extract
5442,Ci 14700/Red 4.']
5443,Pentaerythrityl
5444,Tetraethylhexanoate
5445,Ammonium Acryloyldimethyltaurate/Vp
5446,Pentaerythrityl']
5447,Ci 77019/Mica
5448,Ci 77491/Iron Oxide
5449,Ci 75470/Carmine.']
5450,Cocoglycerides
5451,2 Hexanediol
5452,Beheneth-25
5453,Anigozanthos Flavidus Extract
5454,Polyglyceryl-3 Beeswax
5455,Acacia Decurrens Flower Wax
5456,Mitracarpus Scaber Extract
5457,Lapsana Communis Flower/Leaf/Stem Extract
5458,Maris Sal/Sea Salt/Sel Marin.']
5459,Gellan Gum
5460,Sodium Cetearyl Sulfate
5461,Zingiber Zerumbet Extract
5462,Papaver Rhoeas Extract
5463,Pyrus Cydonia Fruit Juice
5464,Dehydroacetic Acid.']
5465,Belumbium Speciosum Flower Extract
5466,Glyceryl Myristate
5467,Palmitoyl Myristyl Serinate
5468,Morus Alba Root Extract
5469,['Corylus Avellane (Hazel) Seed Oil
5470,Citrus Aurantium amara (Bitter Orange) Leaf/Twig Oil
5471,Origanum Majorana Leaf Oil
5472,Dipteryx Odorate Seed Extract
5473,Spartium Junceum Flower Extract
5474,Cetearyl
5475,Diospyros Mespiliformis Leaf Extract
5476,Sanicula Europaea Extract
5477,Myrothamnus Flabellifolia Extract
5478,Maris Sal/Sea Salt/Sel Marin.Ci 14700/Red 4.Ci 17200/Red 33.Polyvinyl Alcohol.Copper Palmitoyl Heptapeptide-14 .Heptapeptide-15 Palmitate.']
5479,['Cyclomethicone
5480,Centaurea Cyanus Flower Water
5481,CI 42090/Blue 1.']
5482,Eschscholtzia Californica Flower/Leaf/Stem Extract
5483,Heptapeptide-15 Palmitate [V2802A]']
5484,IsononylIsononanoate
5485,Asiaticoside
5486,Glycyrrhetinic Acid
5487,['Polyglyceryl-2 Isostearate/Dimer Dilinoleate Copolymer
5488,Dilinoleic Acid/Butanediol Copolymer
5489,Rosa Rubiginosa Seed Oil
5490,CI 15985/Yellow 6 Lake
5491,CI 17200/Red 33 Lake
5492,CI 15850/Red 7 Lake
5493,CI 45410/Red 27.']
5494,Santalum Album (Santal Wood) Oil
5495,Carum Petroselinum (Parsley) Seed Oil
5496,Lavandula Angustifolia (Lavendar) Oil
5497,Alpha-Isomethyl Ionine
5498,'Cetearyl Glucoside
5499,'Tromethamine
5500,'Xanthan Gum
5501,Malpighia Emarginata (Acerola) Seed Extract
5502,Distearate
5503,Melissa Officinalis Leaf Extract*
5504,Saponaria Officinalis Leaf Extract
5505,Gentiana
5506,Lutea Extract*
5507,[V2798B]']
5508,Ci 77007/Ultramarines
5509,Acrylates/Ammonium Methacrylate Copolymer
5510,Gentiana Lutea Extract*
5511,Jojobaesters
5512,Palmitoylglycine
5513,Phenoxyethanol. Acrylates/C10-30 Alkyl Acrylate Crosspolymer
5514,Butyleneglycol
5515,Sodiumhydroxide
5516,Helianthusannuus (Sunflower) Seed Wax
5517,Thymuscitriodorus Flower/Leaf Extract
5518,Malpighia Emarginata (Acerola) Seed Extract. Furcellaria Lumbricalis Extract
5519,Ci 42090/Blue 1
5520,Sea Salt.']
5521,Butylene
5522,Sodium Acrylates
5523,Agropyron Repens Root Extract
5524,Maris Aqua/Sea Water/Eau De Mer
5525,Lami- Naria Digitata Extract
5526,Ficus Carica (Fig) Fruit Extract
5527,Chlorella Vulga- Ris Extract
5528,Crocus Sativus Flower Extract [V3540].']
5529,Rubus Idaeus (Raspberry Fruit Water
5530,Citrus Aurantium Amara (Bitter Orange) Flower Wax
5531,Ppg-26- Buteth-26
5532,Parfum/Fra- Grance
5533,Chamomilla Recutita (Ma- Tricaria) Flower Extract
5534,Sodium Hy- Droxide
5535,Crocus Sati- Vus Flower Extract [V3542a].']
5536,Peg-100'
5537,'Stearate
5538,Phenoxy'
5539,'Ethanol
5540,Ci 77891/Titanium'
5541,'Dioxide
5542,'Disodium Edta
5543,'Lapsana Communis Flower/Leaf/Stem Extract
5544,Potassium'
5545,'Sorbate
5546,Ci 17200/'
5547,'Red 33
5548,Heptapeptide-15 Palmitate.']
5549,Cyclomethicone
5550,Dihydroxyacetone
5551,Peg/Ppg-20/15
5552,Erythrulose
5553,Larrea Divaricata Extract
5554,Ci15985/Yellow 6 [S0372g].']
5555,Peg-20
5556,Glyceryl Triisostearate
5557,Citric'
5558,'Acid
5559,Capsicum Annuum Fruit Extract
5560,Rosmarinus Officinalis (Rosemary) Leaf Extract [V3545a].']
5561,Sodium Benzoate [S3780a].']
5562,Harungana Madagascariensis Extract
5563,Pancratium Maritimum Extract
5564,Pyrus Sorbus Bud Extract
5565,Ulex Europaeus Leaf/Root/Stem Extract
5566,Palmitoyl Tetrapeptide-7.']
5567,['Double Serum Hydric + Lipidic System:'
5568,Ppg-3 Myristyl Ether
5569,Musa Sapientum (Banana) Fruit Ex Tract
5570,Callicarpa Japonica Fruit Extract. [V2925A]'
5571,'V Facial Intensive Wrap:'
5572,Callicarpa Japonica Fruit Extract
5573,[V2816A]'
5574,'Total Eye Lift:'
5575,Caprylic/Caprictriglyceride
5576,Hydrogenated Cocoglycerides
5577,Glycerylstearate
5578,Albiziajulibrissin Bark Extract
5579,Acacia Farnesiana Flowerwax
5580,Ci 77891/Titaniumdioxide
5581,Oleaeuropaea (Olive) Fruit Extract
5582,Tinoxide
5583,Dextran. [V3894A]']
5584,Celosia Cristata Flower Extract
5585,T-Butyl'
5586,Pseudoalteromonas Ferment Extract.']
5587,['Double Serum Firming & Smoothing Anti-Aging Concentrate:'
5588,Cetearyl Isononanoat
5589,Ethylene/Propylene/ Styrene Copolymer
5590,Leontopodium Alpinum Extract Xanthan Gum
5591,CI 14700/ RED 4
5592,Callicarpa Japonica Fruit Extract.'
5593,'Double Serum Eye Firming & Hydrating Anti-Aging Concentrate:'
5594,Persea Gratissima (Avocado) Oilunsaponifiables
5595,Lapsana Communis Flower/Leaf/Stem Extract.']
5596,Leontopodium Alpinum Flower/Leaf Extract
5597,Myrothamnus Flabellifolia'
5598,'Leaf/Stem Extract
5599,CI 14700/RED 4
5600,'V-Facial Instant Depuffing Face Mask:'
5601,CI 77891/Titanium Dioxide
5602,'Total Eye Lift Firming & Smoothing Anti-Aging Eye Cream:'
5603,Acetyl Tetrapeptide 2
5604,Aloe\rBarbadensis Leaf Juice
5605,['Radiant Nectar:'
5606,'Acqua Neroli:'
5607,Alpha-Isomethyl Ionone.'
5608,'Warm Cotton Reserve:'
5609,'Rain Reserve:'
5610,'Skin Reserve:'
5611,'Sel Santal:'
5612,Farnesol.'
5613,'Solar Bloom:'
5614,'Lush Fleur:'
5615,'Limonene
5616,Aloe Barbadensis Leaf'
5617,['Sparkling Sugar:'
5618,'Radiant Nectar:'
5619,['Warm Cotton:'
5620,'Skin:'
5621,'Rain:'
5622,'Soft Laundry:'
5623,'Apple Blossom:'
5624,Sorbeth-30 Tetraoleate
5625,Peg-5 Glyceryl Triisostearate
5626,Saccharomyces Lysate Extract
5627,Hordeum Vulgare (Barley) Extract/Extrait D’orge
5628,Chamomilla Recutita (Matricaria)
5629,Red 4 (Ci 14700)
5630,Yellow 6 (Ci 15985) Lotion.']
5631,Glyceryl Triacetyl Ricinoleate
5632,[+/- Yellow 5 Lake (Ci 19140)
5633,Red 28 Lake (Ci 45410)] <ILN38083>.']
5634,['Hdi/Trimethylol Hexyllactone Crosspolymer
5635,Red 36 Lake (Ci 12085)
5636,Iron Oxides (Ci 77492)] <ILN39652>']
5637,Sodium Cocoyl Sarcosinate
5638,Di-Ppg-2 Myreth-10 Adipate
5639,Cetyl Triethylmonium Dimethicone Peg-8 Succinate
5640,Laureth-2
5641,Mineral Oil\\Paraffinum Liquidum\\Huile Minérale
5642,Sesamum Indicum (Sesame) Oil
5643,Zinc Oxide (Ci 77947)
5644,Neopentyl Glycol Diethylhexanoate
5645,Sigesbeckia Orientalis (St. Paul Wort) Extract
5646,Whey Protein/Lactis Protein/Protéine Du Petit-Lait
5647,Acetyl Octapeptide-3
5648,Molasses Extract/Saccharum Officinarum/Extrait De Mélasse
5649,Glyceryl Polymethacrylate
5650,Phenoxyethanol <ILN49540>.']
5651,Vegetable Oil/Olus/Huile Vegetale
5652,Yellow 6 Lake (Ci 15985)] <ILN36594>.']
5653,Aminopropyl Ascorbyl Phosphate
5654,Acrylamide/Sodium Acryloyldimethyltaurate Copolymer
5655,Betula Alba (Birch) Bark Extract
5656,Aloe Barbadensis Leaf Water
5657,Aloe Barbadensis Leaf Polysaccharides
5658,Lactobacillus Ferment Lysate
5659,Red 4 (CI 14700)
5660,Whey Protein\\Lactis Protein\\Protéine Du Petit-Lait
5661,Peg-6
5662,Peg-4 Dilaurate
5663,Dipotassium Phosphate
5664,Dipotassium Edta
5665,Phenoxyethanol <ILN29490>.']
5666,Isostearyl Palmitate
5667,Ci 77499) <ILN41964>.']
5668,Coleus Barbatus Extract
5669,Salvia Officinalis (Sage) Leaf
5670,yeast Extract\\Faex\\Extrait De Levure
5671,Gentiana Lutea (Gentian) Root Extract
5672,Milk Protein\\Lactis Proteinum\\Protéine Du Lait
5673,Isomerized Linoleic Acid
5674,Decarboxy Carnosine Hcl
5675,yellow 5 (Ci 19140)
5676,Citrus Grandis (Grapefruit) Peel Extract
5677,Sodium Myristoyl Sarcosinate
5678,Ext. Violet 2 (Ci 60730).']
5679,Disodium Oleamido Mipa-Sulfosuccinate
5680,Stearamidoethyl Diethylamine
5681,Oleamide Mipa
5682,Titanium Dioxide (Ci 77891) &lt;ILN46335&gt;']
5683,Hamamelis Virginiana (Witch Hazel)
5684,Sea Whip Extract
5685,Benzalkonium Chloride.']
5686,Arginine Cocoate
5687,Cola Acuminata (Kola) Seed Extract
5688,Ppg-6-Decyltetradeceth-30
5689,Capryloyl Glycine
5690,10-Hydroxydecanoic Acid
5691,Chloroxylenol.']
5692,Molasses Extract/Saccharum Officinarum/Extrait De Melasse
5693,Sapindus Mukurossi Fruit Extract
5694,Titanium Dioxide (Ci 77891) <ILN42024>.']
5695,Orange 4 (Ci 15510).']
5696,Carmine (Ci 75470)] <ILN39518>.']
5697,Citrus Reticulata (Tangerine) Peel Extract
5698,Punica Granatum (Pomegranate) Fruit Juice
5699,Cyclodextrin
5700,Ethylbisiminomethylguaiacol Manganese Chloride
5701,Nordihydroguaiaretic Acid
5702,Melanin
5703,Dimethicone Peg-8 Polyacrylate
5704,Peg-8 Dimethicone
5705,Ultramarines (Ci 77007)] <ILN36293>.']
5706,Peg-15 Glyceryl Stearate
5707,Hydrogenated Rapeseed Alcohol
5708,Nylon-66
5709,[+/- Iron Oxides (Ci 77491)
5710,Chromium Hydroxide Green (Ci 77289)].']
5711,Potassium Myristate
5712,Potassium Behenate
5713,Potassium Palmitate
5714,Potassium Laurate
5715,Potassium Sterate
5716,Peg-3 Distearate
5717,Cholesteryl Hydroxystearate
5718,Red 4 (Ci 14700).']
5719,Disodium Cocoamphodipropionate
5720,Oleth-10 Phosphate
5721,Chlorphenesin <ILN41757>.']
5722,Trimyristin
5723,Ppg-12/Smdi Copolymer
5724,Manganese Violet (Ci 77742)] <ILN31439>.']
5725,Nylon-6
5726,Mica] <ILN38520>.']
5727,[+/- Iron Oxides (Ci 77499)
5728,Padina Pavonica Thallus Extract
5729,Hydrolyzed Rice Extract
5730,Poria Cocos Sclerotium Extract
5731,Astrocaryum Murumuru Butter
5732,Longifolene
5733,Quaternium-22
5734,Mentha Piperita (Peppermint)
5735,Perilla Aldehyde
5736,Chloroxylenol
5737,Polyglyceryl-10 Pentastearate
5738,['Trimethylsiloxysilicate
5739,Hydrogenated Poly(C6-14 Olefin)
5740,Polyglyceryl-10 Pentaisostearate
5741,Ultramarines (Ci 77007)] <Iln49471>']
5742,['Isodecyl Isononanoate
5743,Lauryl Pca
5744,Oryzanol
5745,Carmine (Ci 75470)] <ILN41142>.']
5746,Allyl Methacrylates Crosspolymer
5747,Bht <ILN41346>.']
5748,Isostearyl Linoleate
5749,Titanium Dioxide (Ci 77891)] <ILN36100>.']
5750,['Triisostearyl Citrate
5751,['Titanium Dioxide 7.30%
5752,Zinc Oxide 6.90%Water
5753,Trioctyldodecyl Citrate
5754,Sodium Rna
5755,Ascorbyl Tocopheryl Maleate
5756,Ceteth-2
5757,Ci 77499) <ILN37355>.']
5758,Yellow 6 Lake (Ci 15985)] <ILN40814>.']
5759,Orange 5 (Ci 45370)] <ILN44282>.']
5760,Triticum Vulgare (Wheat Bran) Extract
5761,Cladosiphon Okamuranus Extract
5762,Peg-75
5763,Sodium Cocoate
5764,Ppg-26/Dimer Dilinoleate Copolymer
5765,Polyquaternium-67
5766,Hydrolyzed Corn Starch Octenylsuccinate
5767,Titanium Dioxide (Ci 77891) <ILN32953>.']
5768,Polybuten
5769,Phenoxyethanol <ILN42313>.']
5770,Arachidyl Behenate
5771,Ferric Ferrocyanide (Ci 77510)] <ILN29411>.']
5772,Ci 77499)] <ILN34303>.']
5773,Di-C12-18 Alkyl Dimonium Chloride
5774,Mica <ILN38031>.']
5775,Clinique Happy Perfume (Parfum)
5776,Geraniol <ILN41431>.']
5777,Chromium Oxide Greens (Ci 77288)] <ILN41153>.']
5778,Morus Nigra (Mulberry) Root Extract
5779,Laureth-7  Dipropylene Glycol
5780,Phenoxyethanol. [+/- Mica
5781,Mica] <ILN42958>.']
5782,['Titanium Dioxide 6.3%
5783,Zinc Oxide 4.0%Water
5784,Polydiethylsiloxane
5785,Ethylhexyl Methoxycrylene
5786,Iron Oxides (Ci 77492) <ILN43311>.']
5787,Alcohol Denat. Dimethicone/Vinyl Dimethicone Crosspolymer
5788,Polygala Senega Root Extract
5789,Berberis Vulgaris Extract
5790,Nymphaea Alba Root Extract
5791,Molasses Extract\\Saccharum Officinarum\\Extrait De Mélasse
5792,Dimethoxytolyl Propylresorcinol
5793,Lactoperoxidase
5794,Glucose Oxidase
5795,Propylene Glycol Caprylate
5796,Ferric Ferrocyanide (Ci 77510)] <ILN32159>.']
5797,['Cheek Pop:'
5798,'Hdi/Trimethylol Hexyllactone Crosspolymer
5799,Iron Oxides (Ci 77492)].'
5800,'Cheek Pop Highlighter:'
5801,Red 34 Lake (Ci 15880)
5802,'Almost Lipstick:'
5803,Euphorbia Cerifera (Candelilla) Wax\\Candelilla Cera\\Cire De Candelilla
5804,Copernicia Cerifera (Carnauba) Wax\\Cera Carnauba\\Cire De Carnauba
5805,Red 28 Lake (Ci 45410)].'
5806,'High Impact Mascara:'
5807,Aluminum Powder (Ci 77000)].'
5808,'Quickliner For Eyes Intense:'
5809,Peg/Ppg-19/19 Dimethicone
5810,Perfluorononyl Dimethicone
5811,Neopentyl Glycol Dicaprate
5812,Stearyl Glycyrrhetinate
5813,Ci 77499)] <ILN32189>.']
5814,Copernicia Cerifera (Carnauba) Wax/ Copernicia Cerifera Cera /Cire De Carnauba
5815,Blue 1 Lake (Ci 42090)] <ILN42929>.']
5816,Ppg-20 Methyl Glucose Ether
5817,Blue 1 (Ci 42090) <ILN36792>.']
5818,Mica <ILN41031>.']
5819,Aloe Barbadensis Powder
5820,Inulin
5821,Iron Oxides (Ci 77499)] <ILN43504>.']
5822,['Active Cartridge Concentrate for Pores & Uneven Texture:'
5823,Blue 1 (Ci 42090).'
5824,'BB-gel Base:'
5825,Pentaerythrityl Adipate/ Caprate/ Caprylate/ Heptanoate
5826,Hydrogenated Dilinoleyl Alcohol
5827,Stearoxy Dimethicone
5828,Sodium Dna
5829,C20-40 Pareth-10
5830,Acetyl Carnitine Hcl
5831,Ethylcellulose
5832,Yellow 6 (Ci 15985) <ILN35510>Rds Product Name: Clarifying Lotion 3 (New)   Division: Cl (Clinique)Water
5833,Orange 4 (Ci 15510) <ILN37038>Rds Product Name: Liquid Facial Soap Oily Skin Frmla   Division: Cl (Clinique)Water
5834,Octinoxate 7.50%
5835,Octisalate 4.40%
5836,Titanium Dioxide 3.50%
5837,Zinc Oxide 2.20%
5838,Mica] <ILN39837>.']
5839,['Oxybenzone 5.00%
5840,Octisalate 5.00%
5841,Homosalate 5.00%
5842,Avobenzone 3.00%
5843,Octocrylene 2.70%Water
5844,Laurdimonium Hydroxypropyl Hydrolyzed Soy Protein
5845,Perilla Ocymoides Leaf Extract
5846,C30-38 Olefin/Isopropyl Maleate/Ma Copolymer
5847,Peg-8 Laurate
5848,Propyl Gallate
5849,Arginine Ferulate
5850,Sodium Dehydroacetate <ILN37123>.']
5851,Disodium Edta-Copper
5852,Green 5 (Ci 61570).']
5853,['Octinoxate 7.0%
5854,Octisalate 4.5%
5855,Titanium Dioxide 7.8%
5856,Zinc Oxide 1.9%
5857,Silk Powder/Serica/Poudre De Soie
5858,Tetrahydroxypropyl Ethylenediamine
5859,['Magnesium Sulfate
5860,Diatomaceous Earth/Solum Diatomeae/Terre De Diatomées
5861,Peg-15/Lauryl Dimethicone Crosspolymer
5862,Silica.']
5863,Hydrogenated Styrene/ Isoprene Copolymer
5864,Red 33 Lake (Ci 17200)] <ILN42709>']
5865,Phenoxyethanol <ILN36231>Rds Product Name: Dramatically Different Mo Ltn +   Division: Cl (Clinique)Water
5866,Red 33 (Ci 17200) <ILN39477>Rds Product Name: Clarifying Lotion 2 (New)   Division: Cl (Clinique)Water
5867,['All Shades:'
5868,PTFE
5869,Phenoxyethanol. May Contain (+/-) Mica
5870,Neopentyl Glycol Diisostearate
5871,Cola Nitida (Kola) Nut Extract
5872,Calluna Vulgaris (Heather) Extract
5873,Glycyrrhizic Acid
5874,Peg-32
5875,Lauryl Peg/Ppg-18/18 Methicone
5876,Dodecene
5877,Phenoxyethanol <ILN40726>.']
5878,Red 33 (Ci 17200) <ILN41207>.']
5879,Alcaligenes Polysaccharides
5880,Phenoxyethanol <ILN42692>.']
5881,Yellow 6 (Ci 15985) <ILN38578>.']
5882,Persea Gratissima (Avocado) Sterols
5883,Disodium Distyrylbiphenyl Disulfonate
5884,Titanium Dioxide (Ci 77891) <ILN39593>.']
5885,Peg-7m
5886,Pentaerythrityl Adipate/Caprate/Caprylate/Heptanoate
5887,Lactobionic Acid
5888,Castanea Sativa (Chestnut) Seed Extract
5889,Titanium Dioxide (Ci 77891) <ILN41076>.']
5890,Vp/Polycarbamyl Polyglycol Ester
5891,Ultramarines (Ci 77007)] <ILN36245>.']
5892,Sapindus Mukurossi Peel Extract
5893,Titanium Dioxide (Ci 77891) <ILN40749>.']
5894,Oenothera Biennis (Evening Primrose) Flower Extract
5895,Phenoxyethanol <ILN42038>.']
5896,Yellow 5 (Ci 19140) &lt;ILN46385&gt;']
5897,Yellow 5 Lake (Ci 19140) <ILN35576>.']
5898,Phenoxyethanol <ILN32198>.']
5899,Ultramarines (Ci 77007)] <ILN38736>.']
5900,Peg-150
5901,Sodium Hexametaphosphate
5902,Polydodecanamideaminium Triazadiphenylethenesulfonate
5903,Ethylene/Methacrylate Copolymer
5904,Titanium Dioxide (Ci 77891) <ILN37804>.']
5905,Iron Oxides (Ci 77492).']
5906,Iron Oxides (Ci 77491) <ILN41953>.']
5907,['Synthetic Wax
5908,Iron Oxides (Ci 77499)] <ILN41651>']
5909,Bis-Peg-12 Dimethicone
5910,[+/- Yellow 5 (Ci 19140)
5911,Blue 1 (Ci 42090)] <ILN42239>.']
5912,Zinc Laurate
5913,Cetearyl Dimethicone Crosspolymer
5914,Peg-8 Dilaurate
5915,Chlorphenesin <ILN36810>.']
5916,Hydrogenated Polycyclopentadiene
5917,Phenoxyethanol <ILN41974>.']
5918,Centaurium Erythraea (Centaury) Extract
5919,Ursolic Acid
5920,Menthanediol
5921,Clinique Happy Heart Fragrance (Parfum)
5922,Phenoxyethanol <ILN42266>.']
5923,Mica <ILN38240>.']
5924,['Maltodextrin
5925,Disodium Edta <ILN43040>.']
5926,Phenoxyethanol <ILN41782>.']
5927,Tamarindus Indica Seed Extract
5928,Avobenzone 3.0%
5929,Octisalate 5.0%']
5930,Monosodium Citrate
5931,Iron Oxides (Ci 77499) <ILN41516>.']
5932,['Cream Shave:'
5933,Tea-Stearate
5934,Ppg-26 Oleate
5935,Diethylhexyl Adipate
5936,'Anti-Aging Moisturizer:'
5937,'Liquid Face Wash:'
5938,Aluminum Powder (Ci 77000)] <ILN45511>.']
5939,Peg-60 Almond Glycerides
5940,Disodium Nadh
5941,Sodium Dehydroacetate.']
5942,Sodium Coco PG-Dimonium Chloride Phosphate
5943,Aromatics Perfume (Parfum)
5944,Evernia Furfuracea (Treemoss) Extract
5945,Alpha-Isomethyl Ionone <ILN37378>.']
5946,Clinique Happy For Men Fragrance
5947,Geraniol <ILN39227>.']
5948,['Water (Aqua Purificata) Purified
5949,Benzophenone-3 (Oxybenzone)
5950,Hordeum Vulgare (Barley) Extract
5951,Red 33 (Ci 17200) <ILN28028>.']
5952,Blue 1 (Ci 42090) <ILN37007>.']
5953,PEG-5 Glyceryl Triisostearate
5954,['Caprylyl Glycol
5955,Brassica Oleracea Gemmifera (Brussels Sprouts) Extract
5956,Acetyl Carnitine HCL
5957,Brassica Oleracea Acephala (Kale) Leaf Extract
5958,Propylene Glycol Dicaprylate
5959,Yellow 5 (Ci 19140) <ILN40054>.']
5960,Octisalate 3.50%
5961,Titanium Dioxide 1.70%Water
5962,Simmondsia Chinensis (Jojoba) Butter
5963,Potato Starch Modified
5964,Mica <ILN39272>.']
5965,Yellow 10 (Ci 47005) <ILN38070>.']
5966,PPG-15 Stearyl Ether
5967,Chromium Oxide Greens (CI 77288)].']
5968,Yellow 6 (Ci 15985) <ILN40055>.']
5969,['Resculpt:'
5970,'Water\Aqua\Eau
5971,Whey Protein\Lactis Protein\Protéine Du Petit-Lait
5972,Yeast Extract\Faex\Extrait De Levure
5973,'Revolumize:'
5974,Blue 1 (Ci 42090) <ILN31110>.']
5975,['Take The Day Off Cleansing Balm Makeup Remover:'
5976,'All About Clean 2-in-1 Cleansing + Exfoliating Jelly:'
5977,Iron Oxides (CI 77499).'
5978,'Moisture Surge 100HR Auto-Replenishing Hydrator Moisturizer:'
5979,Yellow 5 (CI 19140).'
5980,'All About Eyes Eye Cream:'
5981,'Moisture Surge Face Spray:'
5982,Tea-Palmitate
5983,Tea-Myristate
5984,Isopentane
5985,Propylene Glycol Isostearate
5986,Peg-12 Laurate
5987,Blue 1 (Ci 42090) <ILN36595>.']
5988,Triacetin
5989,Phenoxyethanol <ILN47666>.']
5990,Octisalate 3.5%
5991,Titanium Dioxide 1.7%Water
5992,Phenoxyethanol <ILN41738>.']
5993,['All About Shadow Palette:'
5994,Bismuth Oxychloride (Ci 77163)].'
5995,'Take the Day Off Makeup Remover For Lids
5996,Lashes & Lips:'
5997,Red 4 (Ci 14700) <ILN41876>
5998,Phenoxyethanol <ILN49662>.']
5999,['Acne Solutions Cleansing Foam:'
6000,'Salicylic Acid 2.0 Percent
6001,Chloroxylenol <ILN41840>.'
6002,'Acne Solutions Clinical Clearing Gel:'
6003,'Salicylic Acid 1.00 Percent
6004,Benzalkonium Chloride <ILN32301>.'
6005,'Dramatically Different Hydrating Clearing Jelly:'
6006,Blue 1 (Ci 42090) <ILN48005>.']
6007,Phenoxyethanol <ILN35042>.']
6008,Beeswax\\Cera Alba\\Cire D?Abeille
6009,Ultramarines (Ci 77007)] <ILN34552>']
6010,Titanium Dioxide 1.5%Water
6011,Phenoxyethanol <ILN41741>.']
6012,['Dramatically Different Moisturizing Lotion+:'
6013,Red 33 (Ci 17200).'
6014,'Clarifying Lotion 2:'
6015,Ext. Violet 2 (Ci 60730).'
6016,'All About Clean Liquid Facial Soap:'
6017,['Moisture Surge 100H Auto-Replenishing Hydrator Moisturizer:'
6018,'Moisture Surge Overnight Face Mask:'
6019,PEG-75
6020,Dipotassium EDTA
6021,Polysilicone-29
6022,Silicone Quaternium-18
6023,DMDM Hydantoin
6024,Iodopropynyl butylcarbamate
6025,Trideceth-7
6026,Chamomilla Recutita (Matricaria) Flower
6027,Extract
6028,Citric Acid FORMULA #703-0.']
6029,'Hydrolyzed Vegetable Protein PG-Propyl Silanetriol
6030,Chlorella Pyrenoidosa Extract
6031,'Chondrus Crispus (Carrageenan) Extract
6032,Oleanolic'
6033,Crambe Maritima (Blue Sea Kale) Leaf Extract
6034,'Chlorphenesin
6035,CI 42090
6036,CI 60730.']
6037,VP
6038,VP/Methacrylamide/Vinyl Imidazole Copolymer
6039,Polyquaternium-22.']
6040,Zea Mays Starch
6041,Ci 19140 (Yellow 5 Lake) Formula #707-0.']
6042,PEG-40/PPG-8 Methylaminopropyl/Hydroxypropyl Dimethicone Copolymer
6043,Citric Acid FORMULA #305-1.']
6044,Hydrolyzed Verbascum Thapsus Flower
6045,Panthenyl Ethylether
6046,Sodiumbenzoate
6047,Potassiumsorbate. FORMULA #312-0 SDS-IL-2096.']
6048,Isobutylene/Ethylmaleimide/Hydroxyethylmaleimide Copolymer
6049,C10-40 Isoalkylamidopropylethyldimonium Ethosulfate
6050,Quaternium-33
6051,['Hydrofluorocarbon 152-A
6052,Linalool FORMULA #302-1.']
6053,Fragrance /Parfum
6054,Crambe Maritima Leaf Extract
6055,BHA
6056,Beta Glucan (Oat)
6057,Behentrimonium methosulfate
6058,Cetyl alcohol
6059,Butylene glycol
6060,Quaternium 33
6061,Coumarin FORMULA #701-0.']
6062,Acrylic Acid/Acrylamidomethyl Propane Sulfonic Acid Copolymer
6063,Cocoamidopropyl Hydroxysultaine
6064,Sodium Phytate FORMULA #308-1.']
6065,Limonene FORMULA #702-3.']
6066,Iodopropynl Butylcarbamate
6067,2-Hexanedoil
6068,Hexyl CinnamalI
6069,Butyphenyl Methylpropional FORMULA #700-1.']
6070,Myristamidopropyl PG-Dimonium Chloride Phosphate
6071,PPG-5- Ceteth-20 Linalool CI 60730 (D&C Violet 2) FORMULA# 502-2.']
6072,Fragrance/Parfum Ceteareth-20
6073,Peg-40/Ppg-8 Methylaminopropyl/Hydroxypropyl Dimethicone Copolymer
6074,Caryocar Brasiliense (Pequi) Fruit  Oil
6075,Ppg-1 Trideceth-6
6076,CI 42090 (FD&C Blue 1)
6077,CI 61570 (D&C Green 5) FORMULA# 501-2.']
6078,Bis-(Isostearoyl/Oleoyl Isopropyl) Dimonium Methosulfate
6079,Quaternium-33.']
6080,Ppg-2 Hydroxyethyl Cocamide
6081,Acetamide Mea
6082,Vp/Methacrylamide/Vinyl Imidazole Copolymer
6083,['SD Alcohol 40-B (Alcohol Denat.)
6084,['SD-Alcohol 40-B (Alcohol Denat.)
6085,['Book- Personal:'
6086,'SD Alcohol 40-B (Alcohol Denat.)
6087,'Paper- Personal:'
6088,Aqua/Water/Eau.'
6089,'Gold Expressive:'
6090,'Milk Expressive:'
6091,'SD-Alcohol 40-B (Alcohol Denat.)
6092,'Velvet+ Bold:'
6093,'Moss+ Bold:'
6094,['Book Expressive:'
6095,'Book- Personal:'
6096,'Book+ Bold:'
6097,'Gold- Personal:'
6098,'Gold+ Bold:'
6099,'Velvet Expressive:'
6100,'Velvet- Personal:'
6101,'Moss Expressive:'
6102,'Moss- Personal:'
6103,'Paper Expressive:'
6104,'Paper+ Bold:'
6105,'Milk- Personal:'
6106,'Milk+ Bold:'
6107,['TSD-Alcohol 40-B (Alcohol Denat.)
6108,['Leather:'
6109,'Vetiver:'
6110,'W*****y:'
6111,'Wool:'
6112,'Bergamot:'
6113,'Gin:'
6114,'Magnolia:'
6115,'Mimosa:'
6116,'Nectar:'
6117,['Book+ Bold:'
6118,Alpha-Isomethyl Ionone.']
6119,Aqua/Water/Eau.']
6120,Euphorbia Cerifera (Candelilla) Wax (Candelilla Cera)
6121,Copernicia Cerifera (Carnauba) Wax (Copernicia Cerifera Cera)
6122,Saccharomyces Ferment
6123,Polyurethane-100
6124,Hippophae Rhamnoides Fruit Extract
6125,Anthemis Nobilis Flower Extract
6126,Mentha Viridis (Spearmint) Extract
6127,Pogostemon Cablin Leaf Extract
6128,Zingiber Officinale (Ginger) Extract
6129,Curcuma Longa (Turmeric) Root Extract.']
6130,Glycereth-7 Triacetate
6131,Betula Alba Bark Extract
6132,Boswellia Serrata Extract
6133,Palmitoyl Hexapeptide-14
6134,C11-15-Isoalkanes
6135,Oryza Sativa (Rice) Hull Extract
6136,Ipomoea Batatas RootExtract
6137,Saccharomyces Lysate.']
6138,Cucumis Melo (Kiwano Melon) Fruit Extract
6139,Saccharum Officinarum (Sugar Cane) Extract
6140,Aphanizomenon Flos-Aquae Extract
6141,Akebia Quinata Stem Extract
6142,Saccharomyces Lysate
6143,Sebacic Acid
6144,['Zinc Oxide 13.20 - 14.00 %
6145,Polymethylsilsesquioxane/Trimethylsiloxysilicate
6146,Disteardimonium
6147,Eugenia Caryophyllus (Clove) Bud Extract
6148,Centella Asiatica Extract']
6149,['Avobenzone 3.0%
6150,Octisalate 4.0%
6151,Octocrylene 8.0%
6152,Theobroma Cacao (Cocoa) Seed Extract
6153,Schinus Molle Extract
6154,Fragrance (Natural).']
6155,['Avobenzone 2.8%
6156,Homosalate 3.5%
6157,Octisalate 3.9%
6158,Alcohol (Organic)
6159,Aloe Barbadensis Leaf Extract (Organic)
6160,Algae Extract (Organic)
6161,Citrus Aurantium Dulcis (Organic Orange) Fruit Water
6162,Cucumis Sativus (Organic Cucumber) Fruit Extract
6163,Flavor
6164,Glycerin (Organic)
6165,Juniperus Communis Callus Extract
6166,Paeonia Lactiflora Leaf Cell Extract
6167,Phoenix Dactilyfera (Date) Leaf Cell Extract
6168,Water.']
6169,Aloe Barbadensis Leaf Juice Powder*
6170,Argan Oil
6171,Polyglyceryl-6 Esters
6172,Caprylic/Capric Glycerides Polyglycerin-10 Esters
6173,Citrus Aurantium Bergamia (Bergamot) Fruit Oil*
6174,Alcohol Denat.**
6175,Maris Aqua
6176,Cyamopsis Tetragonoloba (Guar) Gum
6177,['Aloe Barbadensis Leaf Extract (ORGANIC)
6178,Cocos Nucifera (Coconut) Water (ORGANIC)
6179,Delta-Decalactone
6180,Didecyldimonium Chloride
6181,Ethyl Butyrate
6182,Gamma-Octalactone
6183,Heliotropine
6184,Juniperus Mexicana
6185,Nerolidol
6186,Avobenzone 2%
6187,Homosalate 10%
6188,Octisalate 5%
6189,Octocrylene 5.5%']
6190,['Alcohol (Organic)
6191,Algae (Organic) Extract
6192,Aloe Barbadensis (Organic) Leaf Extract
6193,Fragaria Vesca (Organic Strawberry) Fruit Extract
6194,Va/Butyl Maleate/Isobornyl Acrylate Copolymer
6195,['Alcohol (ORGANIC)
6196,Bisabolol (ORGANIC)
6197,Carthamus Tinctorius (Safflower) Seed Oil (ORGANIC)
6198,Decanal
6199,Ethyl Hexanoate
6200,Gamma-Undecalactone
6201,Mauritia Flexuosa (Buriti) Fruit Oil (ORGANIC)
6202,Opuntia Ficus-Indica Flower Extract
6203,Prunus Persica (Peach) Flower Extract
6204,Rubus Idaeus (Raspberry) Seed Oil (ORGANIC)
6205,VA/Butyl Maleate/Isobornyl Acrylate Copolymer
6206,['Avobenzone 1.75% Homosalate 5% Octisalate 2% Octocrylene 5%
6207,Aloe Barbadensis Leaf Juice (Organic)
6208,Carthamus Tinctorius (Safflower) Oleosomes
6209,Carthamus Tinctorius (Safflower) Seed Oil (Organic)
6210,Carthamus Tinctorius (Safflower) Seedcake Extract
6211,Hydrogenated Methyl Abietata
6212,Carthamus Tinctorius (Safflower) Seed Oil*
6213,Glycerin**
6214,Butyrospermum Parkii (Shea Butter)*
6215,Lavandula Angustifolia (Lavender) Flower Extract*
6216,Hydrolyzed Adansonia Digitata Seed Protein
6217,Nephelium Longana Seed Extract
6218,Quillaja Saponaria Extract*
6219,Caprylic Acid
6220,*Alcohol Denat.
6221,*Glycerin
6222,*Aloe Barbadensis Leaf Powder
6223,*Hibiscus Sabdariffa Flower Extract
6224,*Argania Spinosa Kernel Oil
6225,Polyglyceryl-6 Ricinoleate
6226,Polyglyceryl-3 Cocoate
6227,Homosalate 4.0%
6228,Octocrylene 10.0% Adipic Acid/Diglycol Crosspolymer
6229,Polyurethane-79
6230,Tocopheryl Acetate.']
6231,Mauritia Flexuosa (Buriti) Fruit Oil
6232,Fragrance (Natural)
6233,Avobenzone 1.84%
6234,Homosalate 5.25%
6235,Octisalate 2.15%
6236,Octocrylene 5.25%']
6237,Bismuth Oxychloride
6238,Ethylhexyl Hydroxystearate
6239,['Avobenzone: 2.5%
6240,Homosalate: 6.0%
6241,Octisalate: 5.0%
6242,Octocrylene: 7.0%
6243,Elaeis Guineensis (Palm) Fruit Extract
6244,Plumeria Acutifolia Flower Extract
6245,Xylitol.']
6246,['Zinc Oxide 10.5%
6247,Poly C10-30 Alkyl Acrylate
6248,Trimethoxybenzylidene Pentanedione
6249,Oenothera
6250,Biennis (Evening Primrose) Oil
6251,Rosa Canina Seed Oil
6252,Opuntia Vulgaris Extract
6253,Iron Oxides
6254,CI 77891
6255,['Avobenzone 1.75% Homosalate 5.0% Octisalate 2.0% Octocrylene 5.0%
6256,['Avobenzone 1.75%
6257,Homosalate 5.0%
6258,Octisalate 2.0%
6259,Octocrylene 5.0%
6260,['Avobenzone 2.5%
6261,Polyglyceryl-10 Caprylate/Caprate
6262,['Tapioca Starch
6263,Saccharomyces
6264,Persimmon Fruit Juice Ferment Extract
6265,Camellia Japonica (Tsubaki) Seed oil
6266,Isodecylneopentanoate
6267,Camellia Japonica (Tsubaki) Seed Oil
6268,Sodium Laurylglucosides Hydroxypropylsulfonate
6269,Disodium Lauryl Sulfosuccinate
6270,Caprylic/CapricTriglyceride
6271,Citrus Junos (Yuzu) Fruit Extract
6272,Fructooligosaccharides
6273,Potassium Lactate
6274,Orbignya Speciosa (Babassu) Kernel Oil
6275,Hylocereus Undatus (Dragon Fruit) Fruit Extract
6276,Paullinia Cupana (Guarana) Seed Extract
6277,Hydrolyzed Hemp Seed Extract
6278,Ribes Nigrum (Black Currant) Fruit Extract
6279,Lentinus Edodes (Shiitake Mushroom) Extract
6280,Psidium Guajava (Guava) Fruit Extract
6281,Cucurbita Pepo (Pumpkin) Seed Extract
6282,Opuntia Tuna (Prickly Pear) Fruit Extract
6283,['Multi-Tasking Conditioner:'
6284,'Core Strength Shampoo:'
6285,PEG-120 Methyl Glucose Trioleate
6286,'Bond Curl Rehab Hair Salve:'
6287,Lentinus Edodes (Shiitake) Extract
6288,'Shape Up Aqua Gel:'
6289,['Curl Quenching Conditioning Wash:'
6290,Selaginella Lepidophylla (Resurrection Flower) Extract
6291,Carapa Guaianensis (Andiroba) Seed Oil
6292,Ocimum Basilicum (Basil) Leaf Extract
6293,Piper Nigrum (Black Pepper) Seed Extract
6294,'Double Cream Deep Quencher:'
6295,'Hold Me Softly Style Balm:'
6296,'In-Shower Style Fixer:'
6297,Polyquaternium-69
6298,Babassu Oil Polyglyceryl-4 Esters
6299,Chondrus Crispus (Irish Moss) Powder
6300,['Curl Quenching Conditioning Hair Wash:'
6301,'Moisture Memory Reactivator:'
6302,Hydroxyethyl Acrylate/Sodium Acryloyldimethyltaurate Copolymer
6303,'Curl Defining Styling Hair Souffle:'
6304,Lavandula Angustifolia (Lavender) Flower Extract
6305,Thuja Occidentalis (White Cedar) Leaf Extract
6306,Phyllanthus Emblica (Amla) Fruit Extract
6307,['Super Slip Pre-Biotic Primer:'
6308,Saccharomyces/Rice Ferment Filtrate (Fermented Rice Water)
6309,'Wash & Scrub Detox Pro-Biotic:'
6310,Malva Sylvestris (Mallow) Flower Extract
6311,Vinegar (Acetum)
6312,'Post-Biotic Calming Conditioner:'
6313,['Hydrogenated Ethylhexyl Olivate
6314,Hydrolyzed Cicer (Chickpea) Seed Extract
6315,Polyquaternium-110
6316,Hylocereus Undatus Fruit Extract
6317,Cedrus Atlantica (Cedar Wood) Bark Extract
6318,Pisum Sativum (Pea) Sprout Extract
6319,Scutellaria Baicalensis (Chinese Skullcap) Root Extract
6320,['Shine Shampoo:'
6321,Jasminum Officinale (Jasmine) Flower Extract
6322,'Shine Conditioner:'
6323,'Shine Cream:'
6324,'Shine Jelly:'
6325,Larix Europaea (Larch Tree) Wood Extract
6326,Iodopropynyl Butylcarbamate.']
6327,['Butyrospermum Parkii (Shea) Butter
6328,Iron Oxides (CI 77491/Red
6329,CI 77492/Yellow
6330,CI 77499/Black).']
6331,Peg-120 Methyl Glucose Trioleate
6332,Taraxacum Officinale (Dandelion) Extract
6333,Solidago Virgaurea (Goldenrod) Extract
6334,Citrullus Lanatus (Watermelon) Seed Extract
6335,Aspalathus Linearis (Rooibos) Leaf Extract
6336,Fragaria Vesca (Strawberry) Fruit Extract
6337,Opuntia Ficus-Indica Seed Oil (Sweet Prickly Pear)
6338,Argania Spinosa Kernel Oil Ψ Fragrance
6339,Perfluorononyl Dimethicone Ψ Ceteareth-20
6340,Vinyl Caprolactam/VP/Dimethylaminoethyl Methacrylate Copolymer
6341,Cereus Grandiflorus (Cactus)'
6342,Citrus Aurantifolia (Lime) Fruit Extract
6343,Hibiscus Rosa-Sinensis Flower Extract
6344,Phalaenopsis Amabilis Flower Extract
6345,Sodium Hydoxide
6346,Aloe Barbadensis Leaf Juice.']
6347,Citrus Aurantium Dulcis (Orange) Peel Oil Fragrance
6348,Cereus Grandiflorus (Cactus) Extract
6349,Theobroma Cacao (Cocoa)
6350,Seed Butter
6351,Ethanol
6352,Cereus Grandiflorus']
6353,Opuntia Ficus-Indica Seed Oil (Prickly Pear)
6354,Moringa Oleifera Leaf Extract.']
6355,Vitis Vinifera (Grape) Seed Oil Fragrance
6356,Quaternium 91
6357,Opuntia Ficus-Indiea Seed Oil
6358,Ψ Hydrolyzed Quinoa
6359,GuarHydroxypropyltrimonium Chloride
6360,['Monsoon Moisture Milk Hydrating Shampoo:'
6361,Moringa Oleifera Leaf Extract.'
6362,'Monsoon Moisture Hydrating Conditioner:'
6363,'Cactus Fruit 3-in-1 Styling Cream:'
6364,Propanediol Dicaprylate/Caprate
6365,Perilla Ocymoides Leaf/Stem Oil
6366,Mannan
6367,Helianthus Annuus (Sunflower) Seed Oil.']
6368,['Caprylic
6369,Capric Triglyceride
6370,Phytosteryl
6371,Octyldodecyl Lauroyl Glutamate/Tocopherol/Jasminum Officinale (Jasmine) Oil/Citrus Aurantium Amara (Bitter Orange) Leaf
6372,Twig (Cinammon) Oil/Vetiveria Zizanoides Root (Vetivier) Oil/Cocos Nucifera (Coconut) Oil.']
6373,['Bar:'
6374,'Soap Base (Sekken Soji)
6375,Tetrasodium Etidronate.'
6376,'Glove:'
6377,'Sea Salt
6378,Tremella Fuciformis Polysaccharide.']
6379,Polyepsilon-Lysine
6380,Elettria Cardamomum Seed Oil
6381,Salix Alba (Willow) Bark Extract.']
6382,['Nomad’s Cream Purifying Cleanser:'
6383,'Water/Aqua
6384,'Propanediol
6385,'Glucomannan
6386,Phytic'
6387,Cocos'
6388,'Nucifera (Coconut) Oil
6389,Salix Alba (Willow)'
6390,'Bark Extract
6391,'Silk Rice Cleansing Oil:'
6392,Cocoyl'
6393,'Proline
6394,Citrus Grandis'
6395,'(Grapefruit) Peel Oil
6396,'Salix Alba (Willow) Bark Extract.'
6397,'Paradisi Mist Hydrating Essence:'
6398,'Butyrospermum Parkii (Shea) Butter
6399,Propanediol'
6400,'Dicaprylate/Caprate
6401,'Glyceryl Stearate
6402,'Diglycerin
6403,Salix Alba'
6404,'(Willow) Bark Extract
6405,'Mochi Mochi Luminous Cream:'
6406,'Polyglyceryl-10 Diisostearate
6407,Prunus Amygdalus Dulcis
6408,Mentha Piperita Oil (Terpene-free)
6409,Rosmarinus Officinalis
6410,Cinnamomum Zeylanicum
6411,Mixed Tocopherols
6412,Hydroxyethyl Cellulose Naturally derived compound
6413,Zanthoxylum Americanum
6414,Zingiber Officinale
6415,Sucralose (less than 1%)
6416,Natural Flavors.']
6417,Gluconic Acid
6418,['Ashwagandha
6419,Rhodiola
6420,Shatavari
6421,L-Theanine
6422,Mucuna Pruriens
6423,Tapioca Syrup
6424,Sugar
6425,Gellan Gum Strawberry Mango Flavor
6426,Other Natural Flavors
6427,Monk Fruit.']
6428,[+/- (May contain):  Titanium Dioxide (CI 77891)
6429,Iron Oxide (CI 77491
6430,Yellow 6 Lake (CI 15985)]
6431,Copernicia Cerifera (Carnauba) Wax / Cire de carnauba
6432,C30-45 Alkyl Methicone
6433,Dimethiconol.']
6434,['Magnesium Carbonate
6435,Microcrystalline Wax/Cera Microcristallina/Cire Microcrystalline
6436,May Contain/ Peut Contenir (+/-): Titanium Dioxide (Ci 77891)
6437,Triacontanyl PVP
6438,(+/-): Iron Oxides (CI77491)
6439,Titanium Dioxide (CI77891).']
6440,Olive Squalane
6441,Ethylene/ Propylene/ Styrene Copolymer
6442,(+/-): Iron Oxide (CI 77491
6443,['Awakening
6444,Trance
6445,Nirvana
6446,Sixth Sense
6447,Out of Body
6448,Zen
6449,Trippy
6450,Escapism:'
6451,May Contain/ Peut Contenir (+/-): Titanium Dioxide (CI 77891)
6452,Aluminum (CI 77000).'
6453,'Angels:'
6454,Silver (CI 77820).'
6455,'Divinity:'
6456,Tin Oxide (CI 77861).'
6457,'Heaven
6458,Paradise:'
6459,Glycol Montanate
6460,Aluminum (CI77000).'
6461,'Aura
6462,Intuition:'
6463,'Acacia Gum
6464,Ferric Ferrocyanide (CI 77510).']
6465,['Opal
6466,Jade
6467,Morganite
6468,Rose Quartz
6469,Lilac Quartz
6470,Lemon Quartz:'
6471,Paraffin Wax
6472,Titanium Dioxide (CI77891)
6473,May Contain (+/-): Iron Oxides (CI77499)'
6474,'Bronzite
6475,Amethyst
6476,Emerald
6477,Charoite:'
6478,May Contain (+/-):  Iron Oxide (CI77491)
6479,Iron Oxide (CI77499)']
6480,(+/-): Titanium Dioxide (Ci 77891)
6481,Red 28 (Ci 45410)
6482,Butylene/Ethylene/Propylene Copolymer
6483,Euphorbia Cerifera (Candelilla) Wax / Cire de candelilla
6484,[+/- (May contain): Iron Oxides (CI 77491
6485,Red 40 Lake (CI 16035)
6486,Red 6 Lake (CI 15850)
6487,Yellow 6 Lake (CI 15985)].']
6488,['Tridecyl Trimellitate
6489,Microcrystalline Wax/Cera Microcristallina/Cire de candelilla
6490,Copernicia Cerifera (Carnauba) Wax/Copernica Cerifera Cera/Cire de carnauba
6491,3-Butanediol
6492,Punica Granatum Fruit Extract
6493,Fragaria Chiloensis (Strawberry) Fruit Extract
6494,Chicory Root Extract
6495,3-O-Ethyl-Ascorbic Acid
6496,Ammonium Acryloyldimethyltaurate/Beheneth-25 Methacrylate Crosspolymer
6497,Glycerin Stearate
6498,Pvm/Ma Copolymer
6499,['Titanium Dioxide
6500,Linalool (+/-): Iron Oxides (CI 77492
6501,['Polaris:'
6502,'Silicon Dioxide
6503,Cera Microcristallina/ Microcrystalline Wax
6504,'Galaxy
6505,Gaia
6506,Martian
6507,Solar Rain
6508,Aurora:'
6509,May Contain/ Peut Contenir (+/-): Iron Oxides (Ci 77491)
6510,'Sol:'
6511,May Contain/ Peut Contenir (+/-): Iron Oxides (Ci 77491).'
6512,'Strawberry Moon:'
6513,Silicon Dioxide
6514,Busmuth Oxychloride
6515,['Infinite Chrome Flakes in Sparkler:'
6516,Ethyl Acetate
6517,Acrylic Acid
6518,Cyclohexane
6519,Aluminum (Ci 77000).'
6520,'Twin Flames in Show Stopper:'
6521,Triacontanyl Pvp
6522,Aluminum (Ci 77000).']
6523,[+/- (May contain): Titanium Dioxide (CI 77891)
6524,['Neopentyl Glycol Diheptanoate
6525,Perfluorooctyl Triethoxysilane
6526,['Corn Starch Modified
6527,Triethoxycaprylylsilane (+/-): Iron Oxides (CI 77492
6528,Polyester/Dimethicone/IPDI Copolymer
6529,Avena Sativa Kernel Extract
6530,(+/-):  Titanium Dioxide (CI 77891).']
6531,(+/-): Titanium Dioxide (CI 77891)
6532,Iron Oxides (CI 77491).']
6533,Vitis Vinifera (Grape) Sead Oil
6534,Rosa Multiflora Seed Oil.']
6535,['Cuticle Oil:'
6536,'Simmondsia Chinensis (Jojoba) Seed Oil
6537,Huile Minerale/Mineral Oil
6538,Violet 2 (Ci 60725).'
6539,'Cuticle Remover:'
6540,Disodium Edta.'
6541,'The Cure Ultra Nourishing Cuticle Repair Cream:'
6542,Violet 2 (CI 60725).']
6543,['Butyl Acetate
6544,Nitrocellulose
6545,Acetyl Tributyl Citrate
6546,Phthalic Anhydride/Trimellitic Anhydride/Glycols Copolymer
6547,Adipic Acid/Fumaric Acid/Phthalic Acid /Tricyclodecane Dimethanol Copolymer
6548,Stearalkonium Hectorite. Dibutyl Adipate
6549,Trimethyl Pentanyl Diisobutyrate
6550,Copernicia Cerifera Wax
6551,Hydrolyzed Corn/Soy/Wheat Protein Thioglycolamide/ Thiopropionamide
6552,Glycidoxypropyl Trimethoxysilane/ Methacryloyl Propyltrimethoxysilane /Methyltriethoxysilane /Mercaptopropyltrimethoxysilane
6553,Aucoumea Klaineana Resin Extract
6554,(+/-) (May Contain) : Red 34 Lake (Ci 15880)
6555,Titanium Dioxide [Nano] (Ci 77891)
6556,Yellow 5 (Ci 19140 ).']
6557,Adipic Acid/Fumaric Acid/Phthalic Acid/Tricyclodecane Dimethanol Copolymer
6558,Water (And) Camellia Oleifera Leaf Extract
6559,Glycidoxypropyl Trimethoxysilane/Methacryloyl Propyltrimethoxysilane /Methyltriethoxysilane /Mercaptopropyltrimethoxysilane
6560,Aucoumea Klaineana Resin Extract. May contain (+/-): Red 34 Lake (Ci 15880:1)
6561,D&C Black 2 (Ci 77266)
6562,Violet 2 (Ci 60725)
6563,Yellow 10 Lake (Ci 47005).']
6564,Sd Alcohol 40-B (Alcohol Denat.)
6565,Adipic Acid/Neopentyl Glycol/Trimellitic Anhydride Copolymer
6566,Benzophenone-1
6567,Etocrylene
6568,Caprylic/Capric/Succinic Triglyceride
6569,Hydrolized Soy Protein
6570,Violet 2 (Ci 60725).']
6571,['Acetone
6572,Aloe Vera Extract
6573,Lavender Essential Oil
6574,D&C External Violet #2.']
6575,Ceteth-20
6576,Simmondsia Chinensis (Jojoba) Seed  Oil
6577,O-Cymen-5-ol
6578,Morus Nigra Root Extract
6579,Saxifraga Sarmentosa Extract
6580,Ethylhexyl-glycerin
6581,Glycolic Acid.']
6582,['Vacation
6583,Sunny Afternoon
6584,Lovely Day
6585,Catch A Wave
6586,Good Life:'
6587,'Butyl Acetate
6588,Water/Aqua/Eau (And) Camellia Oleifera Leaf Extract
6589,(+/-) (May Contain/Peut Contenir) : Titanium Dioxide (Ci 77891)
6590,D&C Black 2 (Ci 77266).'
6591,'MMMBop:'
6592,Mica (Ci 77019).']
6593,['Ethyl Acetate
6594,Butyl Acetate
6595,Cellulose Acetate Butyrate
6596,Dipropylene Glycol Dibenzoate
6597,Nelumbo Nucifera (Indian Lotus) Flower Extract
6598,['Milk:'
6599,D-Alpha-Tocopherol (Vitamin E)
6600,Extracts of Officinalis (Borage) Extract
6601,Sambucus Nigra (Elder) Flower Extract
6602,Aloe Barbadensis (Aloe Vera) Leaf Extract
6603,Ginkgo Biloba Leaf Extract
6604,Rosa Canina Fruit (Rose Hip) Extract
6605,Chamomilla Recutita (Matricaria) Flower Extract (Chamomile)
6606,Daucus Carota Sativa (Carrot) Extract
6607,Ilex Paraguariensis Leaf (Yerba Mate) Extract
6608,Fucus Vesiculosus (Bladderwrack) (Seaweed) Extract
6609,Porphyra Yezoensis (Red Algae) Extract.'
6610,'Fragrance 01 &quot;Taunt&quot;:'
6611,Extracts of Borago Officinals (Borage)
6612,Camellia Sinesis (White Tea) Leaf Extract
6613,Ginkgo Biloba Extract
6614,Panax (Ginseng) Root Extract
6615,Illex Paraguensis Leaf (Yerba Mate) Extract
6616,and Porphyra Yezoensis (Seaweed) Extract
6617,'Fragrance 02:'
6618,d-Limonene.'
6619,'Fragrance 03 &quot;Blonde&quot;:'
6620,'Madonna Lilly:'
6621,Piper Nigrum (Black Pepper) Seed Oil
6622,Borago Officinalis (Borage)
6623,Porphyra Yezoensis (Seaweed) Extract
6624,D-Alpha-Tocopherol
6625,Hydroxyisohexyl 3-Cyclohexene Carboxaldehyde.'
6626,'Red Dakota:'
6627,Officinalis (Borage) Extract
6628,Porphyra Yezoensis (Red Algae) Extract.']
6629,['Fragrance (Parfum)
6630,Soft Water
6631,Alcohol Ethoxylate
6632,Preservative.']
6633,['Scented Recycled Paper Alcohol Denat.
6634,d-Limonene.']
6635,['Soy Bean Wax
6636,Soy Bean Oil
6637,Apricot Oil
6638,Coconut Oil
6639,Aloe Vera Oil
6640,Vitamin E Oil
6641,Jojoba Oil.']
6642,['Salicylic Acid
6643,Papaya Enzymes
6644,Willow Bark
6645,Witch Hazel.']
6646,Witch Hazel']
6647,['Microcrystalline Cellulose
6648,Colloidal Oatmeal
6649,Hydrogenated Coconut Acid
6650,Populus Tremuloides Bark Extract
6651,Lauryl Methacrylate/Glycol Dimethacrylate Copolymer
6652,Melaleuca
6653,Alternifolia (Tea Tree) Leaf Oil
6654,Hydrolyzed Corn Starch Hydroxyethyl Ether
6655,['Caprylic/Capric Triglycerides
6656,Solanum Lycopersicum (Tomato) Extract
6657,Aleurites Moluccana Seed Oil
6658,Poria Cocos Polysaccharide
6659,Ascorbyl Methylsilanol Pectinate
6660,Phytosteryl Oleate
6661,Inositol
6662,Quillaja Saponaria Bark Extract
6663,Cymbopogon Nardus (Citronella) Oil
6664,Sodium Cocoamphoacetate
6665,Sodium Benzoate']
6666,Sophora Japonica Flower Extract
6667,Sorbitan Isostearate']
6668,['Sodium CocoylIsethionate
6669,ZeaMays (Corn) Starch
6670,Sodium CocoylGlutamate
6671,AvenaSativa (Oat) Kernel Protein
6672,Camellia Oleifera Seed Extract
6673,Cassia HydroxypropyltrimoniumChloride
6674,Lauryl Methacrylate/Glycol DimethacrylateCrosspolymer
6675,AvenaSativa (Oat) Kernel Extract
6676,AvenaSativa (Oat) Bran Extract
6677,AnibaRosodora(Rosewood) Wood Oil
6678,Chamomilla Recutita(Matricaria) Flower Oil
6679,Cucurbita Pepo (Pumpkin) Fruit Extract
6680,Perilla OcymoidesLeaf Extract
6681,Juniperus Virginiana Oil
6682,CastorylMaleate
6683,LauroylLysine
6684,Sodium LauroylGlutamate
6685,Hydroxypropyl Bis-Hydroxyethyldimonium Chloride
6686,Fucus Vesiculosus Extract
6687,Allium Sativum (Garlic) Bulb Extract
6688,Melissa Officinalis Flower/Leaf/Stem Extract
6689,Angelica Archangelica Extract
6690,Echinacea Angustifolia Leaf Extract
6691,Benzyl PCA
6692,Aloe Barbadensis Extract
6693,Vitis Vinifera (Grape) Seed Extract Saccharide Isomerate
6694,Arnica Montana Flower Extract
6695,Hedera Helix (Ivy) Extract
6696,Parietaria Officinalis Extract
6697,Sambucus Nigra Flower Extract
6698,Citrus Aurantium Amara (Bitter Orange) Flower Extract
6699,HexanediolPentylene Glycol
6700,Palmitoyl Hydroxypropyltrimonium
6701,Amylopectin/Glycerin Crosspolymer
6702,Aminomethyl
6703,Propanol
6704,Arctium Lappa Root Extract
6705,Citrus Aurantium Bergamia (Bergamot) Fruit Extract
6706,Lavandula Hybrida Flower Extract
6707,['Precleanse:'
6708,'Special Cleansing Gel:'
6709,'Daily Microfoliant:'
6710,'Microcrystalline Cellulose
6711,'Skin Smoothing Cream:'
6712,Hexanediol
6713,Palmitoyl Hydroxypropyltrimonium Amylopectin/Glycerin Crosspolymer
6714,Citrus Medica Limonum (Lemon) Peel Extract
6715,Symphytum Officinale Root Extract
6716,Arctium Majus Root Extract
6717,PPG-15 Stearyl Ether Benzoate
6718,Annatto (CI 75120).']
6719,Lavandula Spica (Lavender) Flower Oil
6720,Jasminum Sambac (Jasmine) Flower Extract
6721,Gigartina Stellata Extract
6722,Cistus Ladaniferus Leaf/Stem Extract
6723,Rosmarinus Officinalis (Rosemary) Flower/Leaf/Stem Extract
6724,Tagetes Minuta Flower Oil
6725,Rosa Damascena Flower
6726,Lysine HCl
6727,Peg-6']
6728,Olive Oil Decyl Esters
6729,Cornus Officinalis Fruit Extract
6730,Hydrolyzed Wheat Flour
6731,Sodium Mannose Phosphate
6732,Phytosteryl Macadamiate
6733,Hydrolyzed Beta-Glucan
6734,Mimosa'
6735,'Tenuiflora Bark Extract
6736,Ilex Paraguariensis Leaf Extract
6737,Vetiveria Zizanoides Root Oil
6738,Prunus Amygdalus Amara (Bitter Almond) Kernel Oil
6739,Dipteryx Odorata Seed Extract
6740,Lactic'
6741,C12-18 Acid Triglyceride
6742,Sodium Acetylated Hyaluronate
6743,Mannose
6744,Aniba Rosodora (Rosewood) Wood Oil
6745,'Polysorbate 20
6746,Thymol
6747,Citrus Limon (Lemon) Peel Oi
6748,Pentylene  Glycol
6749,Sodium  Hydroxide
6750,lsoamyl Laurate
6751,Acacia Decurrens Extract
6752,Nephelium Lappaceum Branch/Fruit/Leaf Extract
6753,Saccharomyces/Xylinum/Black Tea Ferment
6754,Tremella Fuciformis Extract
6755,Viola Odorata Leaf Extract
6756,Bacillus Ferment
6757,PEG-75 Stearate
6758,Caprylhydroxamic Acid.']
6759,Aurantium Bergamia (Bergamot) Fruit Oil
6760,Cymbopogon Winterianus Herb Oil
6761,Serine Lavandula Angustifolia (Lavender) Oil
6762,Ricinoleth-40
6763,['Coconut Alkanes
6764,Isopropyl Lauroyl Sarcosinate
6765,Retinyl Propionate
6766,Butyl Avocadate
6767,Phenylethyl Resorcinol
6768,Sclareolide
6769,Hydroxymethoxyphenyl Decanone
6770,Propyl Gallate.']
6771,Sapindus Trifoliatus Fruit Extract
6772,Citrus Aurantium Amara (Bitter Orange) Peel Oil
6773,Zingiber Of cinale (Ginger) Root Extract
6774,Camellia Sinensis Leaf
6775,Rosmarinus Of cinalis (Rosemary) Leaf Oil
6776,Salvia Of cinalis (Sage) Oil
6777,Subtilisin
6778,Lipase
6779,Calcium Lactate
6780,Undecylenoyl Glycine
6781,Bixa Orellana Seed Oil
6782,Gondoic Acid
6783,Coleus Forskohlii Root Extract
6784,Helichrysum Italicum Extract
6785,Voandzeia Subterranea Seed Extract
6786,Diosmine
6787,Succinic Acid.']
6788,Jojoba Wax Peg-120 Esters
6789,Verbascum Thapsus Extract
6790,Raspberry Ketone
6791,Cystine
6792,p-Anisic Acid
6793,Benzyl Glycol
6794,Eugenia Caryophyllus (Clove) Leaf Oil
6795,Eugenia Caryophyllus (Clove) Bud Oil
6796,Cupressus Sempervirens Leaf Oil
6797,Pyrus Malus (Apple) Seed Extract
6798,Gardenia Taitensis Flower
6799,Glucosamine HCL
6800,Potassium Sorbate Citric Acid
6801,Hydrogenated Soybean Oil
6802,Flavor/Aroma.']
6803,Salix Alba Bark Extract
6804,Usnea Barbata (Lichen) Extract
6805,Hydroxyphenyl
6806,ropamidobenzoic Acid
6807,Citrus Medica Limonum (Lemon) Fruit Extract
6808,Fumaria Officinalis Flower/Leaf/Stem Extract
6809,Fumaric Acid
6810,Acrylates/ C10-30 Alkyl Acrylate
6811,rosspolymer
6812,Cocamidopropyl PG-Dimonium Chloride Phosphate
6813,Tropaeolum Majus Flower/Leaf/Stem Extract
6814,Spilanthes Acmella Flower/Leaf/Stem Extract
6815,Lavandula Spica (Lavender) Flower/Leaf/Stem Extract
6816,Ligustrum Lucidum Seed Extract
6817,Rosmarinus'
6818,'Officinalis (Rosemary) Flower/Leaf/Stem Extract
6819,Litsea Cubeba Fruit Oil
6820,Mentha Piperita (Peppermint) Flower/Leaf/Stem Extract
6821,Luffa Cylindrica Root Extract
6822,Glycogen
6823,Evodia Rutaecarpa Fruit Extract
6824,Lavandula Hybrida Abrial Herb Oil
6825,Tamarindus Indica Seed Polysaccharide
6826,Fusanus Spicatus Wood Oil
6827,Pogostemon Cablin Leaf Oil
6828,Polyurethane Crosspolymer-1
6829,Ophiopogon Japonicas Root Extract
6830,Boerhavia Diffusa Root Extract
6831,Salvia Officinalis (Sage) Oil
6832,Cetyl Caprylate
6833,['Lifting Phase:'
6834,'Isoamyl Laurate
6835,Pseudozyma Epicola/Camellia Sinensis Seed Oil Ferment Extract Filtrate
6836,Melia Azadirachta Leaf
6837,Eclipta Prostrata Leaf Extract
6838,Melia Azadirachta Bark Extract
6839,'Firming Phase:'
6840,Cistus Monspeliensis Flower/Leaf/Stem Extract
6841,Myrciaria Dubia Fruit Extract
6842,Synthetic Sapphire
6843,Acer Rubrum Extract
6844,Caffeyl Glucoside
6845,Tamarindus Indica Seed Gum
6846,Dimethyl Capramide
6847,CaprylylGlycol
6848,['PreCleanse:'
6849,'Caprylic/Capric Triglycerides
6850,Oryza Sativa (Rice) Bran
6851,Hexylene Glycol.']
6852,['Titanium Dioxide (4%)
6853,Zinc Oxide (14%) Cyclopentasiloxane
6854,Palmitoyl Dipeptide-5 Diaminobutyroyl Hydroxythreonine
6855,Palmitoyl Dipeptide-5 Diaminohydroxybutyrate
6856,Lavendula Spica (Lavender) Flower Oil
6857,PEG/PPG-20/15 Dimethicone
6858,Iron Oxides (CI77491)
6859,(CI77492)
6860,(CI77499).']
6861,Tephrosia Purpurea Seed Extract
6862,Diglucosyl Gallic Acid
6863,Citrus Reticulata (Tangerine) Leaf Oil
6864,Maris Aqua (Sea Water)
6865,Aniba Rosaeodora (Rosewood) Wood Oil
6866,Methyl Lactate
6867,['Daily Glycolic Cleanser:'
6868,PEG-6 Cocamide
6869,'BioLumin-C Face Serum:'
6870,'BioLumin-C Gel Moisturizer:'
6871,Rose Damascena Flower Oil
6872,Eugenia Caryophyllus (Clove) Flower Oil
6873,Citrus Medica Limonum (Lemon) Peel Oil
6874,Eucalyptus Citriodora Oil.']
6875,Sodium Astrocaryum Murumuruate
6876,Bioflavonoids
6877,CI 77891.']
6878,Methylheptyl Isostearate
6879,Glyceryl Stearate PEG-100 Stearate
6880,Glycerinm
6881,Dunaliella Salina Extract Panthenol
6882,Medicago Sativa (Alfalfa) Seed Extract
6883,Fraxinus Excelsior Bark Extract
6884,Caprylic/Capric Triglycerides
6885,Caprylic/Capric Triglyceride. Sodium Cocoyl Isethionate
6886,Citrus Aurantium Dulcis (Orange) Flower Oil
6887,Guaiacum Officinale Wood Oil
6888,Equisetum Arvense Extract
6889,Pinus Sylvestris Cone Extract
6890,Sodium
6891,Isethionate
6892,['Palmitoyl Oligopeptide
6893,Allantoin Decylene Glycol
6894,Schlerotium Gum
6895,Luffa Cylindrica Seed Oil
6896,Prunus Avium (Sweet Cherry) Seed Oil
6897,[+/- :Ci 12085 (Red 36
6898,Red 36 Lake)
6899,Ci 45380 (Red 21
6900,Red 21 Lake
6901,Red 22
6902,Red 22 Lake)
6903,Red 28
6904,['Polyglyceryl-2 Triisostearate
6905,Hydrogenated Castor Oil Dimer Dilinoleate
6906,Polyglyceryl-2 Isostearate/Dimer Dilinoleate Copolymer
6907,Behenyl Behenate
6908,[+/- Ci 77891 (Titanium Dioxide)
6909,Ci 45380 (Red 21)
6910,Ci 15850 (Red 7)
6911,Ci 42090 (Blue 1 Lake)]']
6912,Polyurethane-35
6913,[+/- :Ci 15850 (Red 6
6914,['Shade 1:'
6915,'Alumina
6916,Tocopherol. May Contain (+/-):  Ci 15850 (Red 6
6917,Ci 75470  (Carmine)
6918,Ci 77891 (Titanium Dioxide).'
6919,'Shade 2:'
6920,'Polyglyceryl-2 Triisostearate
6921,Isostearyl Hydroxystearate
6922,[+/- :Ci 19140 (Yellow 5
6923,Ci 75470 (Carmine) )
6924,Ci 77000 (Aluminum Powder)
6925,'Shade 3:'
6926,'Shade 4:'
6927,'Shade 5:'
6928,'Shade 6:'
6929,C10-30 Cholesterol/Lanosterol Esters
6930,Calcium Carbonate
6931,Paeonia Officinalis Flower Extract
6932,Glucomannan [+/- :Ci 12085 (Red 36
6933,Trimethyl Pentaphenyl Trisiloxane
6934,Octisalate 4.50%
6935,Titanium Dioxide 4.23%'
6936,'[May Contain : Ci 77491
6937,].']
6938,Rosa Multiflora Fruit Extract
6939,Titanium Dioxide 0.94%'
6940,['C9-12 Alkane
6941,Bis-Hydroxypropyl Dimethicone/SMDI Copolymer
6942,[+/- CI 77491
6943,CI 15850 (Red 7)
6944,CI 42090 (Blue 1 Lake)].']
6945,Hydroxypropyl Starch
6946,Betula Alba Juice
6947,[+/- Ci 77499 (Iron Oxides)
6948,['Methyl Hydrogenated Rosinate
6949,Jasminum Grandiflorum (Jasmine) Flower Extract
6950,[+/- Ci 15985 (Yellow 6 Lake)
6951,Ci 42090 (Blue 1 Lake)].']
6952,Decyloxazolidinone
6953,Saponins
6954,Aframomum Angustifolium Seed Extract
6955,Jasminum Officinale (Jasmine) Flower Extract.']
6956,Capsicum Frutescens Fruit Extract
6957,[+/- CI 77891 (Titanium Dioxide)
6958,CI 15985 (Yellow 6)
6959,Ci 60730 (Ext.Violet 2)
6960,Peg-12 Carnauba
6961,Gossypium Herbaceum (Cotton) Extract
6962,Lilium Candidum Bulb Extract
6963,Pyrus Cydonia Seed Extract
6964,Biosaccharide Gum-2
6965,Pinus Pentaphylla Seed Oil
6966,Ci 77000  (Aluminum Powder)
6967,Ethylhexyl Isononanoate
6968,Peg-6 Caprylic/Capric Glycerides
6969,'#14881/A Talc
6970,Ci 75470 (Carmine)].']
6971,Peg-2 Hydrogenated Castor Oil
6972,Citrus Aurantium Amara (Bitter Orange) Flower Oil. May Contain (+/-): Red 36/Red 36 Lake (Ci 12085)
6973,Red 6/Red 7/Red 7 Lake (Ci 15850)
6974,Blue 1/Blue 1 Lake (Ci 42090)
6975,Red 21/Red 21 Lake/Red 22/Red 22 Lake (Ci 45380)
6976,Red 27/Red 27 Lake/Red 28/Red 28 Lake (Ci 45410)
6977,Fluorescent Brightener 367
6978,Ci 15850  (Red 7 Lake)
6979,Sucrose Acetate Isobutyrate
6980,Ci 42090 (Blue 1).']
6981,Ormenis Multicaulis Flower Wax
6982,Carbomer.']
6983,Rosa Centifolia Flower Wax
6984,CI 77499 (Iron Oxides)].']
6985,Acrylates/Stearyl Acrylate/Dimethicone Methacrylate Copolymer
6986,Pentaerythrityl Tetrabehenate
6987,Ci 77742 (Manganese Violet)].']
6988,['Octinoxate 7.00%
6989,Titanium Dioxide 4.15%
6990,Zinc Oxide 9.80%
6991,Aframomum Angustifolium Seed Extract [May Contain: Ci 77491
6992,Yeast Ferment Extract
6993,['Mini Rouge Dior Lipstick in 999 Velvet:'
6994,'Hydrogenated Polydecene
6995,'Mini Rouge Dior Lipstick in 100 Nude Look:'
6996,'Mini Rouge Dior Lipstick in 720 Icone:'
6997,'Mini Rouge Dior Lipstick in 760 Favorite:'
6998,Ci 77510 (Ferric Ammonium Ferrocyanide)
6999,Ci 77491 (Iron Oxides)].']
7000,Schisandra Chinensis Fruit Extract
7001,[+/- Ci 19140 (Yellow 5
7002,Benzyl Cinnamate.']
7003,Ascorbyl Palmitate. May Contain (+/-): Yellow 5/Yellow 5 Lake (Ci 19140)
7004,Pentaerythrityl Tetra-Di-T-Butyl
7005,Hydroxyhydrocinnamate
7006,Ascorbyl Dipalmitate.']
7007,Benzyl Alcohol. May Contain (+/-): Yellow 5/Yellow 5 Lake (Ci 19140)
7008,[+/- Ci 77491
7009,['Dior Addict Lip Glow Pink 001:'
7010,[+/- Ci 15850 (Red 6
7011,Ci 73360 (Red 30 Lake)
7012,'Miss Dior Nourishing Rose Hand Cream:'
7013,Ci 60730 (Ext. Violet 2) #16611 Aqua (Water)
7014,Ascorbyl Dipalmitate #15567 Polyglyceryl-2 Triisostearate
7015,'Miss Dior Blooming Bouquet Eau de Toilette:'
7016,'#12103/A Alcohol
7017,['Diorshow 24H Buildable Volume Mascara:'
7018,'Diorshow Maximizer 3D Triple Volume Plumping Lash Primer:'
7019,Diethylhexylcyclohexane
7020,Potassium Lauryl Sulfate
7021,Butyrospermum Parkii (Shea Butter) Oil
7022,['Propylene Glycol Dicaprylate/Dicaprate
7023,Solanum Lycopersicum (Tomato) Fruit/Leaf/Stem Extract
7024,Ci 47005 (Yellow 10)
7025,[+/- Ci 77891 (Titanium Dioxide)].']
7026,['Miss Dior Eau de Parfum
7027,Miss Dior Eau de Parfum Pre-filled
7028,Refillable Travel Spray:'
7029,'Benzyl Salicylate
7030,Butyrospermum Parkii (Shea Butter) Extract
7031,Methylsilanol Tri-Peg-8 Glyceryl Cocoate.']
7032,Benzyl Salcylate
7033,Benzyl Benzonate
7034,Tris(Tetramethylhydroxypiperidnol) Citrate
7035,CI 47005 (Yellow 10)
7036,Faex (Yeast Extract)
7037,Dimethylmethoxy Chromanol
7038,Hydrogenated Palm Kernel Glycerides
7039,Peg-75 Stearate
7040,Citrus Madurensis Fruit Extract
7041,Oenothera Biennis (Evening Primrose) Root Extract
7042,Kluyveromyces Extract
7043,Hydrogenated Palm Glycerides Citrate.']
7044,Polysorbate 60 [+/- Ci 77491
7045,Tris (Tetramethylhydroxypiperidnol) Citrate
7046,Caprylic/capric/succinic Triglyceride
7047,Acrylates/c10-30 Alkyl Acrylate Crosspolymer
7048,Paeonia Suffruticosa Root Extract
7049,Siegesbeckia Orientalis Extract
7050,Caprylic/capric Triglyceride
7051,Ci 15985 / Yellow 6 Lake
7052,Ci 15850 / Red 7
7053,Parfum / Fragrance.']
7054,Ruscus Aculeatus Root Extract
7055,['#17627:'
7056,Ci 77499 (Iron Oxides)].'
7057,'#17676:'
7058,[+/- Ci 75470 (Carmine)
7059,'#17681:'
7060,'#17541:'
7061,'#17673:'
7062,'#17628:'
7063,'#17675:'
7064,'#17629:'
7065,'#17515:'
7066,'#17650:'
7067,['Sauvage Eau de Toilette:'
7068,'Sauvage Deoderant Stick:'
7069,'Sauvage After Shave Balm:'
7070,Soybean Glycerides
7071,Bis Behenyl/Isostearyl/Phytosteryl Dimer Dilinoleyl Dimer Dilinoleate
7072,Glucomannan.']
7073,Alpha-glucan Oligosaccharide
7074,Jasminum Officinale (Jasmine) Flower Water
7075,Hydroxylated Lecithin
7076,Alpinia Galanga Leaf Extract
7077,Butylene Glycol.']
7078,Vinyl Dimethicone/methicone Silsesquioxane Crosspolymer
7079,Methylsilanol Tri-peg-8 Glyceryl Cocoate.']
7080,Ammonium Acryloyldimethyltaurate/Vp Copolymer.']
7081,Aluminum Zirconium Tetrachlorohydrex Gly 15.00%']
7082,Ppg-26-buteth-26
7083,Dimethicone/vinyl Dimethicone Crosspolymer
7084,Aphanothece Sacrum Polysaccharides
7085,Calophyllum Inophyllum Seed Oil
7086,Acrylates/C10-30 Alkyl Acrylate Crosspolymer.']
7087,Peg-60 Hydrogenated Castor Oil.']
7088,Bht']
7089,Ci 60730 (ext. Violet 2)
7090,Ci 19140 (Yellow 5)']
7091,['Que Linda:'
7092,Talc. May Contain (+/-): Titanium Dioxide (CI 77891)
7093,Mica (CI 77019)
7094,CI77491
7095,'Grateful:'
7096,Caprycilic/Capric Triglyceride
7097,Talc. May Contain (+/-): Mica (CI 77019)
7098,Ferric Ferrocyanide (CI 77510).'
7099,'True Self:'
7100,Kaolin. May Contain (+/-): Iron Oxides (CI 77492)
7101,'Fearless:'
7102,Kaolin. May Contain (+/-): Iron Oxides (CI 77499)
7103,'Pretty Kind:'
7104,'Positivity:'
7105,Kaolin. May Contain (+/-): Titanium Dioxide (CI 77891)
7106,'Compassion:'
7107,'Confident:'
7108,Iron Oxides (CI 77492).'
7109,'Me Amo:'
7110,Kaolin. May Contain (+/-): Manganese Violet (CI 77742)
7111,'Affirmation:'
7112,Caprylic/Capric Triglyceride. May Contain (+/-): Mica (CI 77019)
7113,Ppg-14 Butyl Ether
7114,Cashmere Mist Fragrance
7115,Peg-8 Distearate
7116,Emulsifying Wax Nf
7117,Emu Oil
7118,Lactobacillus/Portulaca Oleracea Ferment Extract
7119,\rGlycerin
7120,\rGlyceryl Stearate
7121,Zea Mays (Corn) Germ Oil
7122,Baicalin
7123,Ascorbic Acid.']
7124,Sodium Lauryl Glucose Carboxylate
7125,Glycerine
7126,Styrene/Acrylate Copolymer
7127,Mpolysorbate 20
7128,Cassia Alata Leaf Extract.']
7129,['Sodium Lauroyl Glutamate
7130,Lipase.']
7131,Theobroma Cacao (Cocoa) Seed Extract.']
7132,Magnesium Carboxymethyl Beta-Glucan
7133,Onopordum Acanthium Flower/Leaf/Stem Extract
7134,Senna Alata Extract
7135,Phragmites Kharka Extract
7136,Glutathione.']
7137,Sodium Phytate.']
7138,'Lactobacillus/Portulaca Oleracea Ferment Extract
7139,C12\xad-15 Alkyl Benzoate
7140,Echium Plantagineum Seed Oil
7141,Unsaponifiables
7142,Cardiospermum Halicacabum Flower/Leaf/Vine Extract
7143,['Water Prunus Amygdalus Dulcis (Sweet Almond) Oil
7144,Albatrellus Ovinus Extract
7145,['Ginger
7146,Bisabolol and Panthenol: Help moisturize and calm irritated areas of skin.'
7147,Coco- Caprylate
7148,Pistacia Vera Seed Oil
7149,Sodium Poly Acrylate
7150,Melaleuca Alternifolia Ethylhexylglycerin
7151,Maclura Cochinchinensis Leaf Prenylflavonoids
7152,Lactobacillus/ Portulaca Oleracea
7153,Ferment Extract Glycerin
7154,Terminalia Catappa Leaf Extract
7155,Phanthenol
7156,Tannic Acid
7157,Leontopodium Alpinum Flower/ Leaf Extract Potassium Sorbate
7158,Leuconostoc/ Radish Root Ferment Filtrate Hydrolyzed Cicer Seed Extract
7159,Lactitol
7160,Sea Water (Maris Aqua)
7161,Chlorella Vulgaris/Lupinus Albus Protein Ferment
7162,Garcinia Mangostana Peel Extract
7163,Gymnema Sylvestre Leaf Extract
7164,Maltodextrin.']
7165,Ethylhexyl- Glycerin
7166,Pantolactone.']
7167,['Enzyme Cleanser:'
7168,'Sodium Lauroyl Glutamate
7169,Lipase.'
7170,'Hyaluronic Serum:'
7171,'Face Cream:'
7172,'Glow Drops:'
7173,Soy Isoflavones
7174,Decyloleate
7175,Maris Aqua/Sea Water (Maris Aqua)
7176,Teprenone
7177,Leuconostoc/RadishRoot Ferment Filtrate
7178,Glyceryl Oleate.']
7179,Leuconostoc/ Radish Root Ferment Filtrate
7180,Iron Oxides  (CI 77491)
7181,Aesculus Hippocastanum (Horse Chestnut) Extract
7182,Hydrolyzed Rhizobian Gum
7183,Alcohol']
7184,Butyrospermum Parkii (Shea)Butter
7185,Lactobacillus/ Portulaca Oleracea Ferment Extract
7186,Maris Aqua/ Sea Water (Maris Aqua)
7187,Persea Gratissima (Avocado) Fruit Extract
7188,Nonapeptide-1
7189,Disodium Phosphate.']
7190,Capryloyl Salicylic Acid
7191,Iron Oxide (Ci 77492
7192,Dimethicone Peg-10/15 Crosspolymer
7193,Yogurt Powder
7194,Lavandula Angustifolia (Lavender)  Oil
7195,Cetylhydroxyproline Palmitamide
7196,Honey Extract
7197,Chlorophyllin-copper Complex
7198,Aspalathus Linearis (Rooibos) Extract
7199,Saccharomyces Polypeptides.']
7200,Perfluorohexane
7201,Perfluoroperhydrophenanthrene
7202,Perfluorodecalin
7203,Magnesium Gluconate
7204,Prolinamidoethyl Imidazole
7205,Glutamylamidoethyl Imidazole
7206,Palmitoyl Heptapeptide-18
7207,Gyceryl Caprylate
7208,P-anisic Acid
7209,Helianthus Annus (Sunflower) Seed Oil
7210,Silanediol Salicylate
7211,Lactobacillus/Pumpkin Fruit Ferment Filtrate
7212,Sodium Oxide.']
7213,['Iron Powder
7214,Tourmaline Powder
7215,Cermide Ng
7216,Hdi/Trimethylol Hexyllactone Crosspolymer.']
7217,Methyl Nonafluorobutyl Ether
7218,Methyl Nonfluoroisobutyl Ether
7219,Saccharide Isomarate
7220,Dipropylne Glycol
7221,Saccharide Hydrolyase
7222,C12-14 Pareth-12
7223,Lavendula Augustifolia (Lavender) Oil
7224,Vaccinium Myrtillus Fruit/Leaf Extract
7225,Saccharum Officianrum (Sugarcane) Extract
7226,Amaranthus Caudatus Seed Extract
7227,Ulmus Davidiana Root Extract
7228,Anemarrhena Asphodeloides Root Extract
7229,Polyglyceryl-2 Dipolyhydroxystearate
7230,Palmitoyl Pentapeptide-4
7231,Disodium Stearoyl Glutamate.']
7232,Rosa Multiflora (Rose) Fruit Extract
7233,Ci 77120 (Barium Sulfate).']
7234,Trimethylolpropane Tricaprylate/Tricaprate
7235,Trifluoromethyl C1-4 Alkyl Dimethicone
7236,Triethoxycaprylylsilame
7237,Ci77499 Iron Oxides)
7238,['Zinc Oxide 17%
7239,Polymethylsilesquioxane
7240,Hexylresorcinol
7241,Chlorogenic Acids
7242,Methylsilanol Hydroxyproline Aspartate
7243,Octyldodecyl Stearate
7244,Bis-Hydroxyethoxypropyl Dimethicone
7245,Polyglyceryl-3-Stearate
7246,Acetyl Citrull Amido Arginine
7247,Sunflower Seed Oil
7248,Grape Fruit Extract
7249,Ophiopogon Japonicus Root Extract
7250,Yogurt
7251,Maslinic Acid
7252,Aluminium Hydroxide
7253,Glucosyl Hesperidin
7254,Tocopherol Acetate
7255,Methyl Glucose Caprate/Caprylate/Oleate
7256,Chlorophyllin-Copper Complex.']
7257,Zinc Sulfate
7258,Diatomaceous Earth
7259,Tin Oxide (Ci77861).']
7260,Canola Oil
7261,Pelargonium Graveolens Flower Extract
7262,Calcium Hydroxymethionine
7263,3-aminopropane Sulfonic Acid
7264,Simethicone']
7265,Cetyl Babassuate
7266,Geranium Maculatum Oil
7267,Lavandula Hybrida (Lavandin) Oil
7268,Pogostemon Cablin (Patchouli) Oil
7269,Glucosyl Ceramide
7270,Potassium Azeloyl Diglycinate
7271,Tasmannia Lanceolata Fruit/Leaf Extract
7272,Tetrahydrodiferuloylmethane
7273,Disodium C12-14 Pareth-3 Sulfosuccinate
7274,Peg-150 Pentaerythrityl Tetrastearate
7275,Stearamide Amp
7276,Geranium Maculatum Extract.']
7277,Copernicia Cerifera (Carnauba) Wax/ Cire De Carnauba
7278,Rhus Verniciflua Peel Wax
7279,Punica Granatum Pericarp Extract.']
7280,Caprylic /Capric Triglyceride
7281,Geranylgeranylisopropanol
7282,Dimethylsilanol Hyaluronate
7283,Decapeptide-22
7284,Oligopeptide-78
7285,Palmitoyl Decapeptide-21
7286,Zinc Palmitoyl Nonapeptide-14
7287,['AM'
7288,Moringa Oil/Hydrogenated Moringa Oil Esters
7289,Simmondsia Chinensis Seed Wax
7290,Vitis Vinifera Seed Oil
7291,Phytosteryl Sunflowerseedate
7292,Isopulegol
7293,Olea Europaea Husk Oil
7294,Vanillyl Butyl Ether
7295,Iron Oxides  (Ci 77491)
7296,Palmitoyl Tripeptide-1.'
7297,'PM'
7298,Phenoxethanol
7299,Caprylyl Capryl Glucoside
7300,Glycine (Soybean) Soja Extract
7301,Calcium Pantetheine Sulfonate
7302,Cysteic Acid
7303,Carnatine
7304,Shea Butter Cetyl Esters
7305,PEG-40
7306,Acrylates/C10 30 Alkyl Acrylate Crosspolymer
7307,Trisodium Ethylenediamine'
7308,'Disuccinate
7309,Propylene Glycol Alginate
7310,['Helianthus Annuus Seed Oil
7311,Punica Granatum Pericarp Extract
7312,Yeast Extract/Extrait De Levure
7313,['Dr. Brandt Microdermabrasion:'
7314,Sd Alcohol 40-a
7315,'Needles No More Wrinkle Smoothing Cream:'
7316,'Needles No More No More Baggage:'
7317,Sodium Magnesium Silicate
7318,Synthetic
7319,Fluorphlogopite
7320,Acetyl Glutamine
7321,Sh-Oligopeptide-1
7322,Sh- Oligopeptide-2
7323,Sh-Polypeptide-1
7324,Sh- Polypeptide-9
7325,Sh-Polypeptide-11
7326,Bacillus/Soybean/Folic Acid Ferment
7327,'Pores No More Pore Refiner Primer:'
7328,['Step 1:'
7329,Salicylic Acid*
7330,Potassium Sorbate (* - exfoliant)'
7331,'Step 2:'
7332,Octoxynol-9
7333,Carnitine HCl
7334,Adipic Acid
7335,Siraitia Grosvenorii Fruit Extract
7336,Isopropyl Jojobate
7337,Prunus Persica (Peach) Fruit Extract
7338,Coriandrum Sativum (Coriander) Fruit/Leaf Extract
7339,Jasminum Officinale (Jasmine) Flower/Leaf Extract
7340,Potassium Sorbate (* - exfoliant).'
7341,Disteareth-75 IPDI
7342,Glycereth-7 Caprylate/Caprate
7343,Tremella Fuciformis (Mushroom) Extract
7344,Eugenia Caryophyllus (Clove) Flower Extract
7345,Tetrapeptide-21
7346,PVM/MA Decadiene Crosspolymer
7347,CI 77492)']
7348,Potassium Sorbate']
7349,Olive Oil Glycereth-8 Esters
7350,Benzoic Acid.']
7351,Carnitine
7352,Elettaria Cardamomum Seed Extract
7353,Cananga Odorata Flower Extract
7354,Santalum Album (Sandalwood) Wood Extract
7355,Silybum Marianum Extract
7356,Citrus Auranitum Bergamia (Bergamot) Fruit Extract
7357,Morus Alba Fruit Extract
7358,Potassium Gluconate
7359,Smilax Aristolochiifolia Root Extract
7360,Disodium Rutinyl Disulfate
7361,Tin Oxide (CI 77861)
7362,Rehmannia Glutinosa Root Extract
7363,Sodium Olivate
7364,C13-16 Isoparafﬁn
7365,Citrus Sinensis (Orange) Fruit Extract
7366,Saccharum Ofﬁcinarum (Sugar Cane) Extract
7367,Caprylyl Caprylate/Caprate
7368,Tetrahydropiperine
7369,Ilomastat
7370,['Oenothera Biennis (Evening Primrose) Flower/Leaf/Stem Extract
7371,Yucca Aloifolia Leaf/Root Extract
7372,Quercetin Caprylate
7373,Cocos Nucifera (Coconut) Fruit Juice
7374,Symphytum Officinale Extract
7375,3-OEthyl Ascorbic Acid
7376,Lavandula Angustifolia (Lavender) Flower/ Leaf/Stem Extract
7377,Sanguisorba Officinalis Root Extract
7378,Cinnamomum Cassia Bark Extract
7379,Zingiber'
7380,'Officinale (Ginger) Root Extract
7381,Cucumis'
7382,'Sativus (Cucumber) Fruit Extract
7383,Mica (CI 77019).']
7384,Lithium Magnesium Sodium Silicate [nano]
7385,Oryza Sativa (Rice) Powder
7386,Conchiolin Powder
7387,Hyroxycitronellal
7388,Blue 1 Lake (CI 42090).'
7389,'Glucose
7390,Tetrasodium Pyrophosphate
7391,['Alpha Beta Universal Daily Peel:'
7392,'Step 1:'
7393,Potassium Sorbate. *Exfoliant.'
7394,'Alpha Beta AHA/BHA Daily Cleansing Gel:'
7395,'Alpha Beta Daily Moisturizer:'
7396,['Alpha Beta Extra Strength Daily Peel:'
7397,Santalum Album (Sandalwood) Wood'
7398,['Vitamin C Lactic 15% Vitamin C Firm & Bright Serum:'
7399,'Vitamin C Lactic Oil-Free Radiant Moisturizer:'
7400,'Alpha Beta Extra Strength Daily Peel:'
7401,'Step 1: Water/Aqua/Eau
7402,'Step 2: Water/Aqua/Eau
7403,Centella asiatica Leaf Water
7404,Beeswax/Cire d’abeille
7405,Pan-Thenol
7406,Dimethicone/Vinyl Dimethi- Cone Crosspolymer
7407,Chromium Oxide Greens
7408,Fragaria Vesca (Strawberry) Leaf Extract
7409,Aden- Osine
7410,Asiatic Acid
7411,Madecassic Acid
7412,Houttuynia Cordata Extract
7413,Centella asiatica Extract
7414,Gentiana Lutea Root Extract
7415,Artemisia Absinthium Extract
7416,Sodium Glycerophosphate
7417,Selaginella Lepidophylla Extract
7418,Potassium Magnesium Aspartate
7419,Centella asiatica Meristem Cell Culture
7420,Zinc Oxide.']
7421,Centella Asiatica Leaf Water
7422,Vinyl Dimethicone
7423,Eryngium Maritimum Callus Culture Filtrate
7424,Ilex Aquifolium (Holly) Leaf Extract
7425,Streptococcus Thermophilus Ferment
7426,DNA
7427,Centella Asiatica Extract.']
7428,Saccharum Officinarum (Sugarcane) Extract/Extrait de canne a sucre
7429,Magnesium Sulfate.']
7430,Vinyle Dimethicone
7431,Eryngium Maritimum Callus Culture Diltrate
7432,Fusidium Coccineum Ferment Filtrate
7433,Diethiconol
7434,Methylpropanedoil
7435,Melisa Azadirachta Leaf Extract
7436,Bamboo Vinegar
7437,Glycine Soja (Soybean) Peptide
7438,Ethylhexlglycerin
7439,Solanum Meaongena (Eggplant) Fruit Extract
7440,Carallina Officinalis Extract
7441,Moringa Olefiera Seed Oil
7442,['Melaleuca Alternifolia (Tea Tree) Leaf Extract
7443,Water/Eau
7444,Laminaria Japonica Extract
7445,Gloiopeltis Furcata Extract
7446,Glycyrrhiza Glabra (Licorice) Rhizome/Root
7447,Melaleuca Alternifolia (tea Tree) Leaf Oil
7448,Cinnamomum Zeylanicum Bark Extract
7449,Pinus Pinaster Bark Extract
7450,Fructooligosacchadrides
7451,Camphor Silica
7452,Sarcosine
7453,4-Terpineol
7454,Methyl Methacrylate Crosspolymer.']
7455,Pinus Sylvestris (Pine) Leaf Oil
7456,Citrus Aurantium Dulcis (Orange) Peel
7457,Eucalyptus
7458,Globulus Leaf Oil
7459,Iron Oxides (Ci 77499)']
7460,['Sodium Hyaluronate
7461,Clitoria Ternatea Flower Extract
7462,Oligopeptide-76
7463,['Step 1 Dr.Jart Hyaluronic Acid 1000 ppm Ampoule:'
7464,PEG-240/HDI Copolymer Bis-Decyltetradeceth-20 Ether
7465,Corallina Ofﬁcinalis Extract
7466,Undaria Pinnatiﬁda Extract
7467,Brassica Oleracea Capitata (Cabbage) Leaf Extract
7468,Asparagus Ofﬁcinalis Extract
7469,Allium Cepa (Onion) Bulb Extract.'
7470,'Step 2 Dr.Jart Cryo Rubber Moisturizing Mask:'
7471,Ceratonia Siliqua (Carob) Gum
7472,Hydroxya- cetophenone
7473,Titanium Dioxide/CI 77891
7474,Laminaria Japonica Extract*
7475,Diatomaceous Earth.']
7476,Saccharum Officinarum (Sugarcane) Extract/Extrait de canne à sucre
7477,Melaleuca Alternifolia (Tea Tree) Lead Oil
7478,Lauryl Polyglyceryl-3 Polydimethylsiloxyethyl Dimethicone
7479,Diphenysiloxy Phenyl Trimethicone
7480,Lauryl PEG-10 Tris (Trimethysiloxy) Silylethyl Dimethicone
7481,Dipentaerythrityl Hexahydroxystearate / Hexastearate / Hexarosinate
7482,Zein
7483,Anastatica Hierochuntica Extract
7484,Leuconostoc / Radish Root Ferment Filtrate
7485,Madecassic Acid.']
7486,['Anthemis Nobilis Flower Extract
7487,Camellia Sinesis Leaf Extract
7488,Cinnamomum Zelanicum Bark Extract
7489,Octylododeceth-16
7490,Carthamus Tinctorius (Sunflower) Seed Oil
7491,Salicylic Acid.']
7492,Ceramide AS
7493,Ceramide NS
7494,Ceramide EOP.']
7495,Schizandra Chinensis Fruit Extract
7496,Coptis Japonica Root Extract
7497,Citrus Grandis (Grapefruit) Seed Extract
7498,Acorus Calamus Root Extract
7499,PEG-10 Dimethicone/Vinyl Dimethicone Crosspolymer
7500,Pelargonium Graveolens Flower Oil.']
7501,Glycoproteins
7502,Disodium Edta .']
7503,Ceramide Np(0.2%)
7504,Pelargonium'
7505,'Graveolens Flower Oil
7506,Spent Grain Wax
7507,Benzotriazolyl Dodecyl p-Cresol
7508,Hydroxypropyl Methylcellulose Stearoxy Ether
7509,Calcium Pantothenate
7510,Sodium Starch Octenylsuccinate
7511,PEG-14M
7512,Butylene Gycol
7513,Artemisia Vulgaris (Mugwort) Oil
7514,Gycerin
7515,Glyoproteins
7516,Polygylyceryl-10 Laurate
7517,['Cicapair Tiger Grass Serum:'
7518,Magnesium Sulfate.'
7519,'Cicapair Tiger Grass Cream:'
7520,Centella Asiatica Extract.'
7521,'Cicapair Tiger Grass Color Correcting Treatment SPF 30:'
7522,BIS-Hydroxyethoxypropyl Dimethicone
7523,Polyme- thylsilsesquioxane
7524,Iron Oxides(CI 77492)
7525,Iron Oxides(CI 77491)
7526,Asiatic Acid.']
7527,Pinus Densiflora Leaf Extract
7528,Thuja Orientalis Extract
7529,Chamaecyparis Obtusa Leaf Extract
7530,Hydroxyethyl Acrylate/Sodium
7531,Acryloyldimethyl Taurate Copolymer
7532,Thymus Vulgaris (Thyme) Flower/Leaf Oil.']
7533,Adenosine.']
7534,Honey\\Mel\\Miel
7535,PhenoxyethaNol
7536,Pinus Sylvestris Leaf Oil
7537,Hibiscus Esculentus Fruit Extract
7538,Repagermanium
7539,Salvia Ofﬁcinalis (Sage) Oil
7540,Cetyl-PG Hydroxyethyl Palmitamide
7541,['STEP 01: Peeling Essence:'
7542,Saccharum Offlcinarum (Sugarcane) Extract
7543,Maltose
7544,Polyglceryl-10 Oleate
7545,Polyglyceryl-2 Oleate
7546,Beewax/Cire d’abelle
7547,Copernicia Cerifera (Carnauba) Wax/Cire de carnauba
7548,Carbon Dioxide
7549,Betaine Saliculate
7550,Papin
7551,Glucose.'
7552,'STEP 02: pH Balancing Mask:'
7553,Citrus Aurantifolia (Lima) Fruit Extract
7554,Ethlhexylglycerin
7555,Ceratonia Siliqua Gum
7556,Palmitoyl Oligopeptide.']
7557,Althaea Rosea Flower Extract
7558,Prunus Persica (Peach) Resin Extract
7559,Madecassoside.']
7560,['Step 1 Dr.Jart Collagen 1000 ppm Ampoule:'
7561,'Step 2 Dr.Jart Cryo Rubber Firming Mask:'
7562,Hydroxyace- tophenone
7563,Ceratonia Siliqua (Carob) Fruit Extract*
7564,['Step 1 Dr.Jart Vitamin C 1000 ppm Ampoule:'
7565,Sorbitan Ses-quioleate
7566,3-O- Ethyl Ascorbic Acid*
7567,Ethyl- hexylglycerin
7568,Allium Cepa (Onion) Bulb Extract
7569,Musa Sapientum (Banana) Fruit Extract.'
7570,'Step 2 Dr.Jart Cryo Rubber Brightening Mask:'
7571,Hippophae Rhamnoides Fruit Extract**
7572,['Step One Dr.Jart Allantoin 1000 PPM Ampoule:'
7573,'Step Two Dr.Jart Cryo Rubber Soothing Mask:'
7574,Gl- Ycerin
7575,Hydroxy- Acetophenone
7576,Dipotassium Glycyrr- Hizate
7577,Xylitylg- Lucoside
7578,Centella Asiatica Extract*
7579,Diatomaceous Earth/Terre De Diatomées.']
7580,['Homosalate 15.0% Octinoxate 7.5% Octisalate 5.0% Avobenzone 3.0%
7581,Stevia Rebaudiana Leaf/Stem Powder
7582,Yucca Schidigera Root Extract
7583,Essential Oil of Spearmint (Mentha Viridis)
7584,Essential Oil of Peppermint (Mentha Piperita)
7585,Flavor']
7586,Methyl Glucoside Phosphate Proline Lysine Copper Complex
7587,Glycosaminoglycans
7588,['L-Ascorbic Acid (Vitamin C) 15 %
7589,dl-Tocopherol (Vitamin E) 1%
7590,Ferulic Acid 0.5%
7591,Deionized Water
7592,Sodium Metabisulfite.']
7593,Phytonadione
7594,Trifolium Pratense/Clover Flower Extract
7595,['Sugar Cane Extract
7596,Lemon Fruit Extract
7597,Apple Fruit Extract
7598,Green Tea Leaf Extract
7599,Saccharum Officinarum Sugar Cane Extract
7600,Citrus Medica Limonum Lemon Extract
7601,Pyrus Malus Apple Extract
7602,Camellia Sinensis Green Tea Leaf Extract
7603,Salix Nigra (Willow) Bark Extract
7604,Yucca Glauca Root Extract
7605,Stevia Rebaudianna Leaf/Stem Powder
7606,Mentha piperita Leaf/Stem Oil.']
7607,['Beeswax
7608,Brazilla Palmitate
7609,Cyclopentadimethylsiloxane
7610,Polyvinylpyrrolidone
7611,Acrylic Acid (Ester) Copolymer
7612,Hydroxypropyl Ester
7613,Carbon Black Cl 77266.']
7614,['Isopentyldiol
7615,Camellia Sinensis (Green Tea) Polyphenols
7616,Camellia Sinensis (Black Tea) Leaf Extract
7617,Glycerin.']
7618,PEG-150 Pentaerythrityl Tetrastearate
7619,Cucumis Sativus Fruit Extract
7620,Kaempferia Galanga Root Extract
7621,Salvia Sclarea Extract
7622,Citrus Aurantium Dulcis Peel Oil
7623,Prunus Amygdalus Dulcis Oil
7624,Citrus Grandis Peel Oil
7625,Citrus Aurantifolia Oil
7626,Zingiber Officinale Root Oil
7627,Citrus Aurantium Bergamia Fruit Oil
7628,Mentha Piperita Oil
7629,Methylisothiazolinone.']
7630,['Purified Water
7631,Genistein
7632,Punica Granatum Sterols
7633,Ceramide 2
7634,Caffeine USP
7635,['Benzoyl Peroxide 10.0%
7636,Camellia Sinensis (Green Tea) Leaf Polyphenols
7637,Stearic Acid USP
7638,Glycerin USP
7639,Lauramide DEA
7640,['10% Benzoyl Peroxide Acne Cleanser:'
7641,'Benzoyl Peroxide 10.0%
7642,Tocopheryl Acetate.'
7643,'5% Benzoyl Peroxide Acne Spot Treatment:'
7644,'Benzoyl Peroxide 5.0%
7645,Sodium Hydroxymethylglycinate
7646,'Aloe Vera Blemish Soothing Moisturizer:'
7647,'Purified Water
7648,['Benzoyl Peroxide 5.0%
7649,PurifiedWater
7650,Polysorbate 20.']
7651,HEA/Sodium Acryloyldimethyltaurate /Stearath-20 Methacrylate Copolymer
7652,C13-C14 Isoparaffin
7653,Camellia Sinensis (Green Tea) Extract
7654,['Salicylic Acid 2.0%
7655,SD Alcohol 40B
7656,Bakuchoil
7657,Glyceryl Dilaurate
7658,Acrylates/Steareth-20 Methacrylate Copolymer
7659,Glyceryl Acrylate/Acrylic Acid polymer
7660,Macrocystis Pyrifera (kelp) Extract
7661,Bakuchiol Punica Granatum Sterols
7662,Phytonadione (Vitamin K)
7663,Ascorbic acid
7664,Arnica Montana Powder
7665,Butylated PVP
7666,Bacillus/ Folic Acid Ferment Filtrate Extract
7667,sh-Oligopeptide-1
7668,sh-Oligopeptide-2
7669,sh-Polypeptide-1
7670,sh-Polypeptide-9
7671,sh-Polypeptide-11
7672,Symphytum Officinale Callus Culture Extract.']
7673,Opuntia Ficus-Indica Extract
7674,Aesculus Hippocastanum (Horse Chestnut) Seed Extract
7675,Buddleja Davidii Meristem Cell Culture
7676,Cucumis Melo Cantalupensis Fruit Extract
7677,Polylysine.']
7678,Berberis Vulgaris Root Extract
7679,Silybum Marianum Seed Extract
7680,Camellia Sinensis Leaf Powder
7681,Cicer Arietinum Seed Powder
7682,Glyceryl Oleate Citrate
7683,Acetyl Tetrapeptide-17
7684,Colloidal Platinum [Nano]
7685,Sodium C14-16 Olefin Sulfonate.']
7686,Pseudozyma Epicola/Camellia Sinensis Seed Oil/Glucose/Glycine Soja (Soybean) Meal/Malt Extract/Yeast Extract Ferment Filtrate
7687,Schinziophyton Rautanenii Kernel Oil
7688,Polyglyceryl-6 Ximenia Americana Seedate
7689,Copernicia Cerifera (Carnauba) Wax/Cera Carnauba/Cire de carnauba
7690,Dictyopteris Membranacea Extract
7691,Schinziophyton Rautanenii (Mongongo) Kernel Oil
7692,['100% Unrefined Sclerocraya Birrea (Marula) Kernel Oil.']
7693,Tetrahydrobisdemethoxydiferuloylmethane
7694,Tetrahydrodemethoxydiferuloylmethane
7695,Fragaria Ananassa (Strawberry) Seed Extract
7696,Ceteareth-6 Olivate
7697,Morus Alba Leaf Extract
7698,Thioctic Acid
7699,['Zinc Oxide 20%
7700,Haematococcus Pluvialis Extract
7701,Raspberry Seed Oil/Tocopheryl Succinate Aminopropanediol Esters
7702,Xanthophylls
7703,Physalis Pubescens Fruit Juice
7704,Oryza Sativa (Rice Bran) Extract
7705,Carthamus Tinctorium (Safflower) Seed Oil
7706,Sclerocarya Birrea Seed Butter
7707,Opuntia Tuna Fruit Extract
7708,Hydroxytyrosol
7709,Ceramide EOS
7710,Magnesium PCA
7711,Caprooyl Phytosphingosine
7712,Caprooyl Sphingosine
7713,Pentylene Glycol / Ethylhexylglycerin.']
7714,Glycine Max (Soybean) Seed Extract
7715,Camellia Sinesis Seed Oil
7716,Sh-Oligopeptide-2
7717,Sh-Polypeptide-9
7718,Bacillus/Folic Acid Ferment Filtrate Extract
7719,Symphytum Officinale Callus Culture Extract
7720,Galactomyces Ferment Filtrate
7721,['Pekee Bar:'
7722,'Sodium Coco-Sulfate
7723,Triticum Vulgare (Wheat) Starch
7724,Vaccinium Angustifolium (Blueberry) Fruit Extract.'
7725,'Juju Bar:'
7726,Heilmoor Clay
7727,Lycium Barbarum Fruit Extract.']
7728,Adansonia Digitata Seed Extract
7729,Musa Sapientum (Banana) Pulp Extract
7730,Mangifera Indica (Mango) Pulp Extract
7731,Maranta Arundinacea Root Powder
7732,['Sclerocarya Birrea Seed Oil
7733,Ceramide NP.']
7734,['Sodium Coco-Sulfate
7735,Vaccinium Angustifolium (Blueberry) Fruit Extract.']
7736,Ellagic Acid
7737,Phenylalalnine
7738,Adansonia Digitata Seed
7739,['T.L.C. Sukari Babyfacial AHA + BHA Mask:'
7740,'Virgin Marula Luxury Face Oil:'
7741,'100% Unrefined Sclerocraya Birrea (Marula) Kernel Oil.']
7742,Pseudozyma Epicola/Prunus Amygdalus Dulcis (Sweet Almond) Oil/Camellia Japonica Seed Oil/Argania Spinosa Kernel Oil/Helianthus Annuus (Sunflower) Seed Oil/Camellia Sinensis Seed Oil Ferment Extract Filtrate
7743,Cassia Hydroxypropyltrimonium Chloride
7744,Sodium Acetate.']
7745,Sweet Almond Oil Polyglyceryl-6 Esters
7746,CoconutAlkanes
7747,Prunus AmygdalusDulcis (Sweet Almond) Oil
7748,SodiumLactate
7749,Pseudozyma Epicola/PrunusAmygdalus Dulcis (Sweet Almond) Oil/Camellia Japonica Seed Oil/Argania SpinosaKernel Oil/Helianthus Annuus (Sunflower) Seed Oil/Camellia Sinensis Seed OilFerment Extract Filtrate
7750,Polyester-37
7751,Prunus Amygdalus Dulcis (SweetAlmond) Seed Extract
7752,Gluconolactone.']
7753,Tin Oxide. [+/- (May Contain/Peut Contenir): Mica
7754,CI 77491 (Iron Oxides)].']
7755,['Blueberry Extract: Potent antioxidant with soothing and anti-glycation properties.'
7756,'Pekee Bar:'
7757,Lycium Barbarum Fruit Extract.'
7758,'Juju Bar is vegan.']
7759,['T.L.C. Framboos Glycolic Resurfacing Night Serum:'
7760,'Lala Retro Whipped Moisturizer with Ceramides:'
7761,Vitis Vinifera (Grape) Seed Oil']
7762,Shea Butter Glycerides
7763,Sunflower Seed Oil Glycerides
7764,Disunfloweroylethyl Dimonium Chloride
7765,Acrylates/Stearyl Methacrylate Copolymer
7766,['C-Firma Fresh Day Serum:'
7767,'B-Hydra Intensive Hydration Serum:'
7768,'T.L.C. Framboos:'
7769,'BesteNo.9 Jelly Cleanser:'
7770,Polylysine.'
7771,'Umbra Sheer Daily Defense SPF 30:'
7772,'Zinc Oxide 20%
7773,'Virgin Marula Luxury Facial Oil:'
7774,'100% Unrefined Sclerocraya Birrea (Marula) Kernel Oil.'
7775,'Protini Polypeptide Cream:'
7776,['Protini Powerpeptide Resurf Serum:'
7777,Symphytum Officinale Callus Culture Extract.'
7778,AMP- Isostearoyl Hydrolyzed Wheat Protein
7779,Citrus Junos Seed Extract
7780,Prunus Insititia Seed Oil
7781,Acrylate Copolymer
7782,CI 77491/77492/77499 (Iron Oxides).']
7783,Trideceth- 12
7784,Amodimethicone/Morpholinomethyl Silsesquioxane Copolymer
7785,Cetrimonium Chloride (as an anti-static agent
7786,en tant qu’agent anti-statique)
7787,Propylene Glycol Dibenzoate
7788,Spathodea Campanulata Flower Extract
7789,['Aqua (Water
7790,Cetyl Triethylmonium Dimethicone PEG-8 Succinate
7791,Cetrimonium Chloride (as a hair conditioning agent
7792,en tant qu’agent capillaire hydratant)
7793,Parfum(Fragrance)
7794,Pelvetia Canaliculata Extract
7795,Linoleamidopropyl PG-Dimonium Chloride Phosphate
7796,Silicone Quaternium-2 Panthenol Succinate
7797,Equisetum Hyemale Extract
7798,Dimethiconol Panthenol
7799,Polyquaternium-53
7800,Linoleamidopropyl PG-Dimonium Chloride Phosphate Dimethicone
7801,Aqua (Water
7802,Octadecyl Di-T-Butyl-4-Hydroxyhydrocinnamate
7803,Behentrimonium Chloride (as a hair conditioning agent
7804,Coriandrum Sativum (Coriander) Fruit Oil
7805,CI 77891 (Titanium Dioxide).']
7806,Dimethy-Limidazolidinone Rice Starch
7807,Methyl Methacrylate Cross-Polymer
7808,Vp/va Copolymer
7809,Ethylhexyl Metho-Xycinnamate
7810,Amp Isostearoyl Hydrolyzed Wheat Protein
7811,Rhodiola Rosea (Golden Root) Extract
7812,Citrus Junos Seed Extract.']
7813,Solanum Tuberosum (Potato) Starch
7814,en tant quagent capillaire hydratant)
7815,PEG-90M
7816,Carbocysteine
7817,Ext Violet 2/CI 60730
7818,Red 33/CI 17200
7819,Ferric Ferrocyanide/CI 77510
7820,Titanium Dioxide/CI 77891.']
7821,Artocarpus Heterophyllus Fruit Extract
7822,Polyquaternium-16
7823,Cyclotetrasiloxane
7824,Dihydroxypropyltrimonium Chloride
7825,(3-Hydroxypropenyl) Trimethylammonium Chloride
7826,3-Epoxypropyltrimonium Chloride
7827,PPG-3 Isostearyl Methyl Ether
7828,['Micro-Polymer Adhesion Complex: Forms a protective barrier for long-lasting color protection for up to four washes.'
7829,Sodium Caseinate
7830,Behentrimonium Chloride (as a hair conditioning agent)
7831,Cetrimonium Chloride (as a hair conditioning agent)
7832,Guar-Hydroxypropyltrimonium Chloride
7833,Maltol
7834,PEG-7 Hydrogenated Castor Oil
7835,Ammonium Acryloyldimethyltaurate/Carboxyethyl Acrylate Crosspolymer
7836,Nephelium Lappaceum Seed Extract
7837,Sodium Lauroyl Methyl Isethinoate
7838,['Tetrafluoropropene
7839,Pogostemon Cablin Leaf/Stem Extract
7840,['Prep Rally Prime & Prep Detangler:'
7841,'Aqua (Water
7842,Hippophae Rhamnoides Seed Oil
7843,Trideceth-5
7844,Butyene Glycol.'
7845,'Detox Dry Shampoo:'
7846,'Isobutane
7847,AMP-Isostearoyl Hydrolyzed Wheat Protein
7848,CI 77499 (Iron Oxides).'
7849,'Triple Sec 3-in-1 Texturizing Finishing Spray:'
7850,'Hydrofluorocarbon 152A
7851,Astrocaryum Vulgare Kernel Oil
7852,Shorea Stenoptera Seed Butter
7853,Ceramide Eop.']
7854,Citrus Aurantium Dulcis Peel Oil Expressed
7855,Citrus Bergamia Peel Oil
7856,Lime Oil Terpenes
7857,Thuja Occidentalis Leaf Oil
7858,Hydrolyzed Gardenia Florida Extract
7859,Gardenia Jasminoides Fruit Extract
7860,Tetrahydroxypropyl Ethylene Diamine
7861,Alpha-Isomethyl-ionone
7862,['MYTH:'
7863,'SALT:'
7864,Alpha-Isomethyl-Ionone
7865,Benzyl Cinnamate.'
7866,'SWEET:'
7867,'SCI FI:'
7868,'SD Alcohol 40B (Alcohol Denat.)
7869,CI 60730 (Ext. Violet 2)
7870,CI 61570 (Green 5)
7871,CI 17200 (Red 33).'
7872,'WEST:'
7873,'BEE:'
7874,'APRES:'
7875,Citric Acid Tetrahydroxypropyl Ethylene Diamine
7876,'SUPER AMBER:'
7877,'Alcohol denat.
7878,Parfum (fragrance)
7879,Water (Aqua/Eau).'
7880,'SUN FRUIT:'
7881,alpha-Isomethyl Ionone
7882,Benzyl Cinnamate']
7883,['Sd Alcohol 40b (Alcohol Denat.)
7884,Water (Aqua/Eau).']
7885,['SALT:'
7886,Ci 61570 (Green 5)
7887,benzyl salicylate
7888,Yellow6 (CI 15985)
7889,alpha-isomethylionone
7890,farnesol
7891,anise alcohol
7892,hydroxycitronellal
7893,amyl cinnamal
7894,benzyl alcohol
7895,benzyl benzoate
7896,isoeugenol.']
7897,['Prunus Amygdalus Dulcis (Sweet Almond) Oil
7898,Pelargonium Graveolens Leaf Oil
7899,Activated Hemp Extract
7900,Pinus Pinaster Leaf Extract
7901,Isomenthone
7902,Citronellyl Formate
7903,Geranyl Formate
7904,Dihydrogeranyl Tiglate
7905,Geranyl Butyrate
7906,Geranyl Tiglate
7907,Beta-Pinenes
7908,Alpha-Pinenes
7909,['Myth:'
7910,'Salt:'
7911,'Sweet:'
7912,'Bee:'
7913,'West:'
7914,Amyl cinnamal
7915,Benzyl alcohol
7916,Benzyl salicylate
7917,Yellow 6 (CI 15985))']
7918,['APRES Eau de Parfum:'
7919,'BEE Eau de Parfum:'
7920,'MYTH Eau de Parfum:'
7921,'SALT Eau de Parfum:'
7922,'SUN FRUIT Eau de Parfum:'
7923,Limonene Linalool
7924,['Alcohol denat.
7925,Parfum (fragrance).']
7926,Theobroma Cacao Seed Butter
7927,Persea Gratissima Oil
7928,Amyris Balsamifera Bark Oil Citrus Grandis Peel Oil Pelargonium Graveolens Flower Oil Rosmarinus Officinalis Leaf Oiloil
7929,Citrusgrandispeeloil
7930,Pelargoniumgraveolensfloweroil
7931,Rosmarinusofficinalisleafoil
7932,Cannabis Sativa Leaf Extract
7933,Pinus Pinaster Leaf/Twig Oil
7934,Ci 75130
7935,['Multi-Task Eye Gel Cream:'
7936,Ammonium Acryloyldimethyltaurate/ Vp Copolymer
7937,Aureobasidium Pullulans Ferment
7938,Bacillus/Soybean Ferment Extract
7939,Codium Tomentosum Extract.'
7940,'Multi-Task Eye Serum Mask:'
7941,'Pore Cleansing Clay Mask:'
7942,Calamine
7943,Octanediol
7944,Crataegus Monogyna Flower Extract
7945,Origanum Vulgare Leaf Extract
7946,'Pore Refining Detox Double Cleanse:'
7947,Garcinia Mangostana Fruit Extract
7948,Litchi Chinensis Fruit Extract
7949,Sea Salt (Maris Salt/Sel Marin)
7950,Passiflora Incarnata Fruit Extract
7951,Ziziphus Jujuba Fruit Extract
7952,['Sea Mud Deep Cleansing Bar:'
7953,Silt (Dead Sea Mud)
7954,'Phelityl Cleansing Bar:'
7955,Ci 77289 (Chromium Hydroxide Green).'
7956,'Brightening Cleansing Bar:'
7957,'Phenylethyl Resorcinol
7958,Sodium Palmate
7959,Water (Aqua/eau)
7960,Vaccinium Myrtillus Fruit/leaf Extract
7961,['Hydra-Therapy Memory Sleep Mask:'
7962,'Hydra-Therapy Memory Sleep Mask:'
7963,Peg-240/Hdi Copolymer Bis-Decyltetradeceth-20 Ether
7964,'Gua Sha Tool:'
7965,'Pink Quartz.']
7966,Hibiscus Sinensis Flower Extract
7967,Narcissus Tazetta Bulb Extract
7968,PEG-32
7969,PEG-6
7970,Bifida Ferment Lysate
7971,Tripeptide-32
7972,Oleth-3 Phosphate
7973,Oleth-3
7974,Choleth-24
7975,Ceteth-24
7976,Hypnea Musciformis Extract
7977,Sodium RNA
7978,Hordeum Distichon (Barley) Extract/Extrait D’orge A Deux Rangs
7979,Iron Oxides (CI 77492).']
7980,Carapa Guaianensis Seed Oil
7981,Copaifera Officinalis (Balsam Copaiba) Resin
7982,Dimethicone/Divinyldimethicone Silsesquioxane Crosspolymer
7983,Phytosteryl Canola Glycerides
7984,Ensulizole 2.7%
7985,Zinc Oxide 3.8% [+/- Mica
7986,Mica].']
7987,Lythrum Salicaria Extract
7988,Hordeum Vulgare Extract\\Extrait D’orge
7989,C24-28 Alkyl Methicone
7990,Octinoxate 2.0%
7991,Titanium Dioxide 2.3%
7992,Iron Oxides (Ci 77499)] <ILN48777>.']
7993,Chromium Oxide Greens (Ci 77288)].']
7994,Hydrolyzed Rice Bran Extract
7995,Artemia Extract
7996,Acrylic Acid/Vp Crosspolymer
7997,Homosalate 2.00%.']
7998,Acrylates/Hydroxyesters Acrylates Copolymer
7999,Yellow 5 Lake (Ci 19140)] <ILN38470>.']
8000,Myrica Cerifera (Bayberry) Fruit Wax
8001,Sucrose Polybehenate
8002,Polyester-5
8003,Bismuth Oxychloride (Ci 77163)] <ILN43549>.']
8004,Methylisothiazolinone <ILN39605>.']
8005,Hydrolyzed Fish (Pisces) Collagen
8006,Zea Mays (Corn) Kernel Extract
8007,Fish (Pisces) Collagen
8008,Sodium Beta-Sitosteryl Sulfate
8009,Titanium Dioxide (Ci 77891) <ILN38704>.']
8010,Beta Vulgaris (Beet) Root Extract\\Beta Vulgaris\\Extrait De Racine De Betterave
8011,Anthemis Nobilis (Chamomile)
8012,Phenoxyethanol <ILN41968>.']
8013,Blue 1 (Ci 42090) <ILN42547>.']
8014,Limonium Vulgare Flower/Leaf/Stem Extract
8015,Yellow 5 (Ci 19140) <ILN41390>.']
8016,Whey Protein\\Lactis Protein\\Proteine Du Petit-Lait
8017,Yellow 5 (Ci 19140) <ILN46063>.']
8018,Mimosa Tenuiflora Bark Extract
8019,Titanium Dioxide (Ci 77891) <ILN42230>.']
8020,Phenoxyethanol <ILN41131>.']
8021,Molasses Extract\\Saccharum Officinarum\\Extrait De Melasse
8022,Myrtus Communis Leaf Extract
8023,Hydrolyzed Prunus Domestica
8024,Ppg-15 Stearyl Ether Benzoate
8025,Octisalate 5.00%']
8026,Paeonia Suffruticosa (Peony) Root Extract
8027,Phenoxyethanol <ILN36349>.']
8028,Echinacea Purpurea (Coneflower) Extract
8029,Peg-8 Glyceryl Isostearate
8030,Glucosamine Hcl
8031,Ci 77499) <ILN43743>.']
8032,Chromium Oxide Greens (Ci 77288)] <ILN46052>.']
8033,Blue 1 (Ci 42090) <ILN43725>.']
8034,['Advanced Night Repair Synchronized Multi-Recovery Complex:'
8035,'Advanced Night Repair Eye Supercharged Gel-Creme Synchronized Multi-Recovery:'
8036,Hordeum Distichon (Barley) Extract\\Extrait D’orge A Deux Rangs
8037,['Potassium Cocoyl Glycinate
8038,Potassium Myristoyl Glutamate
8039,PEG-40 Glyceryl Cocoate
8040,Sodium Coceth Sulfate
8041,['Blackest Black:'
8042,'Iron Oxides (Ci 77499)
8043,C20-24 Olefin.'
8044,'Serenity:'
8045,Carmine (Ci 75470) '
8046,'Risk:'
8047,Zinc Stearate'
8048,'Spontaneous:'
8049,Tin Oxide'
8050,'Nurture:'
8051,Silica'
8052,'Familia:'
8053,Maltodxtrin
8054,'My Dream E/S Palette - Instinct:'
8055,'Mica Dimethicone Squalane Carmine (Ci 75470)
8056,Titanium Dioxide (Ci 77891) Silica Trimethylsiloxysilicate Talc
8057,Hydrogenated Styrene/Isoprene Copolymer Blue 1 Lake (Ci 42090)
8058,Dimethicone/Vinyl Dimethicone
8059,Crosspolymer
8060,Laureth-4'
8061,'Natasha Denona – My Dream E/S Palette - Edgy:'
8062,'Natasha Denona - Eyeshadow Natasha Denona – My Dream E/S Palette - Babies:'
8063,Pentaerythrityl Tetra-Di-T-Butyl Hydroxyhydrocinnamate.'
8064,'Natasha Denona – My Dream E/S Palette - Thrill:'
8065,Hydrogenated Rapeseed Oil
8066,Pentaerythrityl Tetra-Di-T-Butyl Hydroxyhydrocinnamate'
8067,'Natasha Denona – My Dream E/S Palette - Invention:'
8068,Butyl Acrylate/Hydroxypropyl Dimethicone Acrylate Copolymer
8069,Ethylhexylglycerin  Hydrogenated Styrene/Isoprene Copolymer
8070,'Natasha Denona E/S- Duocrome Palette Natasha Denona – My Dream E/S Palette - Vision:'
8071,Tin Oxide.']
8072,Bacopa Monnieri Leaf Extract
8073,Uraria Picta Root Extract
8074,Tribulus Terrestris Root Extract
8075,Stereospermum Suaveolens Root Extract
8076,Solanum Xanthocarpum Root Extract
8077,Solanum Indicum Root Extract
8078,Premna Serratifolia Root Extract
8079,Gmelina Arborea Root Extract
8080,Desmodium Gangeticum Root Extract
8081,Aegle Marmelos Root Extract
8082,Bacopa Monnieri Extract
8083,Eclipta Prostrata (False Daisy) Extract
8084,Oroxylum Indicum Root Extract
8085,Trigonella Foenum-Graecum Seed Extract
8086,Melia Azadirachta (Neem) Seed Oil
8087,Orbignya Speciosa Kernel Oil
8088,Coumarin (Eu Fragrance Allergen)
8089,Citronellol (Eu Fragrance Allergen).']
8090,Psoralea Corylifolia Seed Extract
8091,Melia Azadirachta Extract
8092,Phyllanthus Emblica Fruit Exract
8093,Coumarin (Eu Fragrance Allergen).']
8094,Quillaja Saponaria Extract
8095,Capryloyl/Caproyl Methyl Glucamide
8096,Lauroyl/Myristoyl Methyl Glucamide
8097,Carthamus Tinctorius Oleosomes
8098,Lactobacillus/Arundinaria Gigantea Ferment Filtrate
8099,Oenocarpus Bataua Fruit Oil
8100,Emblica Officinalis (Amla) Fruit Oil
8101,Linum Usitatissimum (Flaxseed) Oil
8102,Methyl Diisopropyl Propionamide
8103,['SahaScalp Amla Soothing Serum:'
8104,'SahaScalp Wild Ginger Purifying Scrub:'
8105,'Sodium Chloride
8106,Sodium Sulfate.'
8107,'SahaScalp Hydrating Cooling Scalp Mud Mask:'
8108,['Electro-Lite Energizing + Brightening Face Cleanser:'
8109,Melissa Officinalis (Lemon Balm) Leaf Extract
8110,Calcium PCA
8111,Hydrogenated Vegetable Glycerides Citrate
8112,'Face Coach Lifting Q10 + Mastic Tree Enzymatically Activated Face Oil:'
8113,Almond/Borage/Linseed/Olive Acids/Glycerides
8114,Avena Sativa Kernel Oil
8115,Arnica Montana Flower
8116,Rubus Idaeus Seed Oil
8117,Rosmarinus Officinalis Leaf Extract.'
8118,'Supreme Restructure Firming EGF Collagen Boosting Moisturizer:'
8119,Hordeum Vulgare (Barley) Seed Extract/Extrait De Semence D’orge
8120,Lysine HCL
8121,Hexapeptide-9
8122,Oligopeptide-1
8123,'Face Ball Tension Release Tool:'
8124,'Made from high-quality PVC (vinyl). Free from harmful chemicals such as phthalates
8125,latex
8126,lead
8127,and BPA.']
8128,['Active Blast Concentrated Collagen Daily Treatment:'
8129,Sh-Polypeptide-123
8130,'Hydro-Bound Hydrating Hyaluronic Acid + Niacinamide Serum:'
8131,Potassium Hydrolyzed Polygamma-Glutamate
8132,Sodium Glucuronate
8133,['Hyaluronic Acid: Improves overall appearance by boosting radiance and moisture levels.'
8134,Lysine Hcl
8135,Hydroxyacetophenone.']
8136,Rosmarinus Officinalis Leaf Extract.']
8137,Cydonia Oblonga (Quince) Leaf Extract
8138,Acacia Senegal (Gum Arabic) Gum
8139,Borago (Borage) Officinalis Seed Oil
8140,Santalum Album (Sandalwood) Wood Oil
8141,Bulnesia Sarmientoi (Palo Santo) Wood Oil
8142,Arnica Montana (Arnica) Flower
8143,Pogostemon Cablin (Patchouli) Leaf Extract
8144,Vanilla Planifolia (Vanilla) Bean Extract
8145,Ethyl Hexanediol
8146,Nicotiana Benthamiana Hexapeptide-40 shPolypeptide-76.']
8147,['Aqua / Water / Eau
8148,Linolenic Acid.']
8149,Palmitoyl Pentapeptide-4.']
8150,Copper tripeptide-1
8151,Acetyl hexapeptide-8
8152,PEG-20 Glyceryl Triisostearate
8153,PEG-10 Isostearate
8154,Echinacea Purpurea Root Extract
8155,Propolis Extract
8156,Royal Jelly Extract
8157,Amaranthus Caudatus Seed Oil
8158,Moringa Oleifera Leaf Water
8159,Anhydroxylitol.']
8160,Bis-Diglyceryl Polyacyladipate-1
8161,Flavor (Aroma)*
8162,Sodium Benzoate (*Natural Flavor / Arome Naturel)']
8163,Vaccinium Corymbosum (Blueberry) Seed Oil
8164,Chamomilla Recutita (Matricaria) Flower Water
8165,['Propanediol
8166,Alpha-Arbutin
8167,Citrus Aurantium Amara (Bitter Orange) Fruit Extract
8168,Citrus Reticulata (Tangerine) Fruit Extract
8169,Citrus Aurantium Sinensis Peel Extract
8170,Eucalyptus Globulus Leaf Water
8171,Chlorella Ferment
8172,Polyglyceryl-6 Dicaprate
8173,Potassium Olivate
8174,Glyceryl Laurate.']
8175,Tridecapeptide-1
8176,Glyceryl Dioleate.']
8177,Hydroxystearic/Linolenic/Linoleic Polyglycerides
8178,Aroma (Flavor)*
8179,Copernicia Cerifera (Carnauba) Wax.']
8180,Sodium Lauroyl Isethionate
8181,Quillaja Saponaria Wood Extract
8182,Citronellal
8183,Saponaria Officinalis Leaf/Root Extract
8184,Pongamia Glabra Seed Oil
8185,Flavor/Aroma
8186,Ormenis Multicaulis Oil
8187,['Honey Grail contains a highly purified version of coconut oil that reduces the risk for comedogenicity. Through a process called fractionation
8188,the coconut oil becomes completely liquid vs solid at room temperature. The result is a light non-greasy texture
8189,enhanced slip
8190,and absorption vs. a standard
8191,unrefined coconut oil.']
8192,['Zinc Oxide 18.23%
8193,Physalis Alkekengi Calyx Extract
8194,Polyglyceryl-3 Lactate/Laurate
8195,Hydrogenated Polydecane
8196,Linalool. *Natural Flavor.']
8197,['Green Clean Makeup Removing Cleansing Balm:'
8198,'Cetyl Ethylhexanoate
8199,'Deep Sweep 2% BHA Pore Cleaning Toner with Moringa + Papaya:'
8200,'Honeymoon Glow AHA Resurfacing Night Serum with Hydrating Honey + Gentle Flower Acids:'
8201,Arachidyl
8202,Glucoside Sodium Benzoate
8203,Gluconolactone 1
8204,2-Hexanediol Ocimum Basilicum (Basil) Flower/Leaf Extract
8205,Calcium
8206,Gluconate
8207,'Honey Halo Ultra-Hydrating Ceramide Moisturizer:'
8208,Vegetable Oil/Olus Oil
8209,Water/Aqua/Eau'
8210,'(*Natural Flavor / Arome Naturel)']
8211,['Green Clean Makeup Removing Cleansing Balm in Blueberry:'
8212,Melia Azadirachta Extract.'
8213,'10% Niacinamide Night Mask:'
8214,Cellulose.']
8215,Polyester-4
8216,Candelilla Cera/Euphorbia Cerifera (Candelilla) Wax/Cire de Candelilla
8217,Tin Oxide. May Contain/Peut Contenir (±): CI 77891 (Titanium Dioxide)
8218,CI 15850 (Red 6)
8219,CI 15850 (Red 7 Lake)
8220,CI 45410 (Red 28 Lake)
8221,CI 19140 (Yellow 5 Lake)
8222,CI 42090 (Blue 1 Lake).']
8223,['Diethylene Glycol Diethylhexanoate/Diisononanoate
8224,Neopentyl'
8225,'Glycol Dicaprylate/Dicaprate
8226,'Polyethylene
8227,Cera Carnauba/Copernicia Cerifera (Carnauba)
8228,Wax/Cire De Carnauba
8229,Bambusa Arundinacea Stem Powder
8230,Curcuma Longa (Turmeric) Root Powder
8231,Camellia Sinensis Leaf Extract. May Contain/Peut Contenir (±): CI 77891 (Titanium Dioxide)
8232,Candelilla'
8233,'Cera/Euphorbia Cerifera (Candelilla) Wax/Cire de Candelilla
8234,C12-15 Alkyl'
8235,'Ethylhexanoate
8236,Oryza Sativa (Rice) Bran Cera/Wax
8237,'Lecithin
8238,Aloe Barbadensis Leaf Extract. May Contain/Peut Contenir (±): CI 77891 (Titanium Dioxide)
8239,Lycopodium Clavatum Extract
8240,Imperata Cylindrica Root Extract
8241,Potassium Sorbate. May Contain/Peut Contenir (±): CI 77491
8242,CI 77007 (Ultramarines).']
8243,CI 77742 (Manganese Violet).']
8244,['Powder:'
8245,Stearoyl Glutamic Acid
8246,Nylon-6/12
8247,Olive Glycerides
8248,Phenoxyethanol. May Contain/Peut Contenir (±): Ci 77491
8249,Ci 15850 (Red 6)
8250,Ci 77742 (Manganese Violet).'
8251,'Cream:'
8252,'C12-15 Alkyl Ethylhexanoate
8253,Phenoxyethanol. May Contain/Peut Contenir (±): Ci 77891 (Titanium Dioxide)
8254,Ci 17200 (Red).']
8255,Glyceryl'
8256,Vinyl Dimethicone/Methicone Silsesquioxane'
8257,'Crosspolymer
8258,'Niacinamide
8259,Citrus Unshiu Peel Extract
8260,Hydroxyethyl Acrylate/Sodium'
8261,'Acryloyldimethyl Taurate Copolymer
8262,Sodium Acrylate/Sodium'
8263,Trisodium'
8264,'Ethylenediamine Disuccinate
8265,'Sorbitan Oleate
8266,Biotin. May Contain/Peut Contenir (±): CI 77891 (Titanium Dioxide)
8267,CI 16035 (Red 40).']
8268,CI 17200 (Red 33 Lake)
8269,Ci 77742 (Manganese Violet).']
8270,Aroma/Flavor
8271,Sorbic Acid. May Contain/Peut Contenir (+/-): Titanium Dioxide (CI 77891)
8272,['Tricaprylin
8273,['Ginger Binge:'
8274,Yellow 5 Lake (CI 19140).'
8275,'Moscow Mule:'
8276,Yellow 5 Lake (CI 19140).']
8277,['Polymethylsilsesquioxane
8278,Lauryl Peg-8 Dimethicone
8279,Combretum Fruticosum Flower Nectar
8280,Camellia Sinensis Leaf Extract. May Contain (+/-): Titanium Dioxide (Ci 77891)
8281,Polypropylsilsesquioxane
8282,Iron Oxides (Ci 77499
8283,Manganese Violet (Ci 77742).']
8284,Citric Acid. May Contain/Peut Contenir (+/-): Iron Oxides (Ci 77491
8285,['Nookie Rookie:'
8286,'Simma Down:'
8287,P-Anisic Acid
8288,'Tequila Nite:'
8289,'Velvet Cuffs:'
8290,'Cumin Get It :'
8291,'Affogato:'
8292,Coral Powder
8293,CI 77492).']
8294,['Olus Oil
8295,C12-15 Alkyl Lactate
8296,Tin Oxide. May Contain/Peut Contenir (+/-): Titanium Dioxide (Ci 77891)
8297,Red 6 (Ci 15850).']
8298,Candelilla Cera/Euphorbia Cerifera (Candelilla) Wax
8299,Red 30 Lake (Ci 73360).']
8300,Magnesium Oxide. May Contain/Peut Contenir (+/-): Titanium Dioxide (Ci 77891)
8301,Ethylhexylglycerin. May Contain/Peut Contenir (+/-): Titanium Dioxide (CI 77891)
8302,Red 28 (CI 45410)
8303,Blue 1 (CI 42090).']
8304,['7daywknd:'
8305,Carmine (Ci 74570)
8306,Ci 77491).'
8307,'Poolside:'
8308,Ferric Ferrocyanide (Ci 77510).']
8309,['Sun Stalk’r Bronzer in Shady Biz:'
8310,'Match Stix Shimmer in Sinamon:'
8311,Tocopheryl Acetate. May Contain/Peut Contenir (+/-): Blue 1 Lake (Ci 42090)
8312,Black 2 (Ci 77266) (Nano).']
8313,['Polyethylene
8314,Chamaecyparis Obtusa Oil
8315,Saccharin
8316,['Gloss Bomb Universal Lip Luminizer in Fuchsia Flex:'
8317,'Polybutene
8318,'Gloss Bomb Heat Universal Lip Luminizer + Plumper in Fenty Glow:'
8319,'Gloss Bomb Cream Color Drip Lip Cream in Cupcakin’:'
8320,Acacia Seyal Gum
8321,Pentaerythrityl Hydrogenated Rosinate
8322,Dextrin Palmitate/Ethylhexanoate
8323,['Pro Filt’r Amplifying Eye Primer:'
8324,'Flyliner Longwear Liquid Eyeliner:'
8325,Eau
8326,Prunus Armeniaca (Apricot) Seed Powder
8327,Carnauba Cera/Copernicia Cerifera (Carnauba) Wax
8328,Sorbic Acid. May Contain (+/-): Titanium Dioxide (CI 77891)
8329,CI77499).']
8330,['Cera Microcristallina/Microcrystalline Wax/Cire Microcristalline
8331,Chamomilla Recutita (Matricaria) Flower/Leaf Extract
8332,Hyacinthus Orientalis (Hyacinth) Extract
8333,Borago Officinalis Extract
8334,Hydrogenated Poly (C6-14 Olefin)
8335,['Sidechick:'
8336,'Honey Hawtie:'
8337,'Hu$tla Baby 2.0:'
8338,'Butta Brownie and Vintage Velour:'
8339,Sodium Benzoate. May Contain/Peut Contenir (+/-): Iron Oxides (Ci 77491
8340,Dipentaerythrityl Hexa C5-9 Acid Esters
8341,['Ethyl Oleate
8342,['Hu$Tla Baby 2.0:'
8343,'Sandy Peach:'
8344,Bht. May Contain/Peut Contenir (+/-): Iron Oxides (Ci 77491
8345,['Fenty Icon Fill Lipstick The MVP:'
8346,'Octyldodecanol
8347,'Wish You Wood Longwear Pencil Eyeliner'
8348,'My Navy:'
8349,Malpighia Punicifolia (Acerola) Fruit Extract
8350,Adansonia Digitata Pulp Extract
8351,Red 33.']
8352,Prunus Avium (Sweet Cherry) Seed Oil*
8353,Malpighia Glabra (Acerola) Fruit Extract*
8354,Prunus Serotina (Wild Cherry) Fruit Extract*
8355,Raphanus Sativus (Radish) Root Extract
8356,Aroma/Flavor.']
8357,Cereus Grandiflorus (Cactus) Flower Extract
8358,Hovenia Dulcis Fruit Extract
8359,Chaenomeles Sinensis Fruit Extract
8360,Yellow 6 (Ci 15985).']
8361,Rheum Palmatum Root Extract
8362,Helianthus Annuus Hybrid Oil (Helianthus Annuus (Sunflower) Seed Oil)
8363,Styrene/Butadiene Copolymer
8364,Persea Gratissima (Avocado) Fruit Powder
8365,['Sodium Palm Kernelate
8366,Potassium Palm Kernelate
8367,Potassium Palmate
8368,Theobroma Cacao (Cocoa) Seed Powder
8369,Plantago Major Leaf Extract
8370,Potassium Carbonate
8371,Manganese PCA
8372,Red 4 (CI 14700).']
8373,['Fat Water Toner Serum:'
8374,'Hydra Vizor SPF Moisturizer:'
8375,Avobenzone 3%
8376,Homosalate 9%
8377,Octisalate 4.5%'
8378,'Total Cleans’r:'
8379,Ethyl Hexanediol.']
8380,Aspalathus Linearis Leaf Extract
8381,Parfum/Fragrance.']
8382,['Buff Ryder Mini Exfoliating Body Scrub:'
8383,'Sucrose
8384,'Butta Drop Mini Whipped Oil Body Cream:'
8385,Sambucus Nigra Seed Oil
8386,Cucumis Sativus (Cucumber) Seed Oil
8387,['Total Cleanser Remove-It-All Cleanser:'
8388,Yellow 6 (Ci 15985).'
8389,'Fat Water Pore-Refining Toner Serum:'
8390,'Hydra Vizor Invisible Moisturizer Broad Spectrum SPF 30:'
8391,'Avobenzone 3%
8392,Dl-Alpha Tocopheryl Acetate
8393,D-Alpha Tocopherol
8394,'Pre-Show Glow:'
8395,['Instant Reset Brightening Overnight Recovery Gel-Cream with Niacinamide:'
8396,Red 33 (CI 17200).'
8397,'Flash Nap Instant Revival Priming Eye Gel-Cream:'
8398,['Colloidal Oatmeal 0.50%
8399,Chrysanthemum Parthenium (Feverfew) Extract
8400,Eucalyptus Globulus Leaf Oil.']
8401,['Pumice
8402,EDTA.']
8403,Cucumis Sativus (Cucumber) Fruit Wa-ter
8404,Chrysanthemum Partheni-um (Feverfew) Extract
8405,Citrus Nobilis (Mandarin Orange) Fruit Extract
8406,Glycyrrhiza Glabra (Lico-rice) Root Extract
8407,Cit-ric Acid
8408,['Cocos Nucifera (Coconut) Fruit Juice
8409,Aqua'
8410,'(Water
8411,Sodi-um Acrylate/Sodium Acryloyldimethyl Taurate Copolymer
8412,Cocos Nucifera (Coconut) Fruit Ex-tract
8413,Prunus Armeniaca (Apricot) Fruit Extract
8414,Sodi-um Hydroxide
8415,CI 77491 (Iron Oxides).']
8416,Alteromonas Ferment Filtrate
8417,Sea Salt (Maris Sal
8418,Sal Marin)
8419,Chrysanthe-mum Parthenium (Feverfew) Extract
8420,Caprylic/Capric Tri-glyceride
8421,Laureth-8
8422,CI 77491 (Iron Oxide).']
8423,Cera Microcristallina (Microcrystalline Wax
8424,Cire Microcristalline)
8425,Sim-Mondsia Chinensis (Jojoba) Seed Oil
8426,Copernicia Cerifera Cera (Copernicia Cerifera (Carnauba) Wax/Cire De Car-Nauba)
8427,Glyceryl Diisostearate
8428,Avena Sativa (Oat) Kernal Flour
8429,To-Copherol
8430,Chrysanthemum Parthenium (Fever-Few) Extract
8431,Leuco-Nostoc/Radish Root Ferment Filtrate
8432,Pentapeptide-34 Trifluoroacetate
8433,Mel (Honey
8434,Miel)
8435,Saccharomyces/Honey Ferment Filtrate
8436,So-dium Hydroxide
8437,Glycyrrhiza Glabra (Licorice) Root Ex-tract
8438,Ribes Nigrum (Black Currant) Seed Extract
8439,Maris Aqua (Sea Water
8440,Eau De Mer)
8441,Bu-Tylene Glycol
8442,Gigartina Stellata/Kappaphycus Alvarezii Extract
8443,Hydroxyethyl Acry-Late/Sodium Acryloyldimethyl Taurate Copolymer
8444,Phenoxy-Ethanol
8445,Ci 77891 (Titanium Diox-Ide)
8446,Ci 77491 (Iron Oxides).']
8447,Acrylates Crosspolymer
8448,'Stearate Citrate
8449,Avena Sativa (Oat) Kernel
8450,Coco-Caprylate/Caprate.']
8451,Undecylenoyl Phenylalanine
8452,Acrylates/Vinyl Isodecanoate Crosspolymer
8453,Hydrogenated Poly(C6-12 Olefin)
8454,Pol-yethylene
8455,Mag-nesium Ascorbyl Phosphate
8456,Steareth-30
8457,Atelocollagen
8458,['Salicylic Acid 2%
8459,'Menthoxypropanediol
8460,'Camellia Sinensis Leaf Extract
8461,DL Panthenol
8462,Glycyrrhiza Glabra (Licorice) Root'
8463,Decyl Alcohol
8464,Caprylyl Al-cohol
8465,So-dium Phosphate
8466,Glucose.']
8467,Dicapry-lyl Carbonate
8468,Hydro-lyzed Wheat Protein
8469,['Face Cleanser:'
8470,SodiumCocoyl Isethionate
8471,Coco Glucoside
8472,'Facial Radiance Pads:'
8473,Phyllanthus Emblica (Indian Gooseberry) Fruit Extract
8474,Polysorbate 20.'
8475,'Ultra Repair Cream:'
8476,'Colloidal Oatmeal
8477,Eucalyptus Globulus
8478,Ceramide 3.']
8479,['Pyrithione Zinc 1.00%
8480,Sodium cocoyl Isethionate
8481,Sodium methyl cocoyl taurate
8482,Glycol distearate
8483,Glycerol
8484,Calendula officinalis flower extract
8485,Pyrus Malus (apple) Fruit Extract
8486,DL-Panthenol
8487,dl-alpha Tocopheryl acetate
8488,Annatto
8489,Ascorbyl palmitate
8490,d-alpha Tocopherol
8491,Butlyene Glycol
8492,Butyl-ene Glycol
8493,Pan-thenol
8494,Potassium Hydroxide.']
8495,Rosmarinus Officinalis (Rosemary) Leaf Essential Oil
8496,Oleanolic Acid.']
8497,'Hydrogenated Jojoba Oil
8498,Iron Oxide (C177491)
8499,Piroctone Olamine.']
8500,['Colloidal Oatmeal 0.5 Percent
8501,['KP Bump Eraser Body Scrub with 10% AHA:'
8502,'Pumice
8503,Chrysanthemum Parthenium (Fever-few) Extract
8504,EDTA.'
8505,'Pure Skin Face Cleanser:'
8506,Tetrasodium EDTA.'
8507,Colloidal Oatmeal (0.5%)']
8508,'Ultra Repair Cream Intense Hydration:'
8509,'Colloidal Oatmeal 0.5%
8510,'KP Smoothing Body Lotion with 10% AHA:'
8511,'Ingrown Hair Pads with BHA & AHA:'
8512,Chrysanthemum Parthenium  (Feverfew) Extract
8513,['Fractionated Coconut Oil
8514,Cannabis Sativa Extract
8515,Cannabis Sativa Seed Oil.']
8516,Cocoa Butter
8517,Cannabis Sativa Terpenes
8518,Cardamon Essential Oil
8519,Cinnamon Essential Oil.']
8520,['Cannabis Hydrosol
8521,Lavender Hydrosol
8522,Cucumber Hydrosol
8523,German Chamomile Hydrosol.']
8524,['Wonderland Peony Eau de Parfum:'
8525,'Electric Rhubarb Eau de Parfum:'
8526,'Neon Rose Eau de Parfum:'
8527,'Arizona Bloom Eau de Parfum:'
8528,'Wild Vanilla Orchid Eau de Parfum:'
8529,'Chypre Sublime Eau de Parfum:'
8530,'Black Lotus Eau de Parfum:'
8531,'Ylang Ylang Espresso Eau de Parfum:'
8532,['Beta-Pinene
8533,Hexyl Salicylate
8534,Alpha-Dimethyl-P-Ethylphenylpropanal.']
8535,['Contains: 1
8536,3a
8537,8a-Octahydro-4
8538,8-Dimethyl-2-(1-Methylethylidene)-6-Azulenol
8539,1-(1
8540,8-Octahydro-2
8541,8-Tetramethyl-2-Naphthalenyl).']
8542,4-Methoxy-Alpha-Methylbenzenepropanal
8543,['2
8544,3-Dihydro-1
8545,1-Dimethyl-1h-Indene-Ar-Propanal
8546,Vetiverol
8547,Vetiveryl Acetate.']
8548,6-Trimethylcyclohexa-1
8549,3-Dienyl Methanal
8550,7-Dihydro-1
8551,3-Pentamethyl-4(5H)-Indanone
8552,Acetyl Cedrene
8553,Acetyl Propionyl
8554,Alpha-Pinene.']
8555,['2-Methyl-3-(P-Isopropylphenyl)Propionaldehyde
8556,2-Phenylpropionaldehyde
8557,Allyl Cyclohexanepropionate
8558,Dimethylcyclohex-3-Ene-1-Carbaldehyde (Isomer Mixture)
8559,Isocyclocitral
8560,Phenylacetaldehyde
8561,Alpha-Pinene
8562,Beta-Pinene
8563,['Serum Serum Serum:'
8564,PEG/PPG-14/7 Dimethyl Ether
8565,Octyldodeceth-16
8566,Gelatin
8567,Raspberry Ketone.']
8568,Crataegus Oxyacantha Fruit Extract
8569,Gelidium Cartilagineum Extract
8570,Panax Ginseng Root Extract.']
8571,Decyl Cocoate
8572,['Acryloyldimethyl Taurate Copolymer
8573,Sodium Acetylated Hyaluronate.']
8574,Hydrogenated Lecithin.']
8575,Pearl Extract
8576,2-Hexanediol']
8577,['We Not Linkin Candle
8578,Grown Folks Business Candle
8579,Skinny Dipped Candle
8580,Hey Big Head Candle:'
8581,'Glass
8582,100% Natural Coconut Soy Wax (No Paraffin)
8583,100% Cotton Wick. Paraben-
8584,Phthalate-
8585,and Cruelty-Free.']
8586,['Glass
8587,100% Natural Coconut Soy Wax (Non Paraffin)
8588,100% Cotton Wick.'
8589,'Paraben
8590,Phthalate and Cruelty-Free.']
8591,Fragrance Oil
8592,100% Natural Coconut Soy Wax ( No Paraffin)
8593,100% Cotton Wick.']
8594,Cruelty-Free.']
8595,And Cruelty-Free.']
8596,Ethyl Acetate/Cyclohexane
8597,Acrylic Acid. May Also Contain: Red 40 (CI 16035)
8598,Arachidic Acid. May Contain: Iron Oxides (CI 77491)
8599,Orchid Extract
8600,Citronellol.  May Contain/Peut Contenir: (+/-) Ci 77891 (Titanium Dioxide)
8601,Ci 77491/Ci 77492/Ci 77499 (Iron Oxides)
8602,Hydrogenated Coco Glycerides
8603,Opuntia Ficus-Indica (Prickly Pear) Seed Oil
8604,Ascophyllum Nodosum (Kelp) Extract
8605,Fragrance/Flavor.']
8606,Candelilla Cera (Euphorbia Cerifera (Candelilla) Wax
8607,Cire de Candelilla)
8608,2-Hexanediol.']
8609,Glycine Soja (Soybean) Oil.']
8610,Copernicia Cerifera Cera (Copernicia Cerifera (Carnauba) Wax
8611,Cire De Carnauba)
8612,Cire De Candelilla)
8613,Ci 77499 (Iron Oxides).']
8614,['The Original Freckle:'
8615,'Water/ Aqua/ Eau
8616,Potassium Sorbate. MAY CONTAIN/PEUT CONTENIR: Blue 1 (CI 42090)
8617,Red 40 (CI 16035)
8618,'LASHROCKET MASCARA with Lash Enhancing Peptides:'
8619,Dioscorea Japonica Root Extract
8620,Rosemary Officinalis (Rosemary) Leaf Extract
8621,['Cera Alba (Beeswax)
8622,Hydrogenated Olive Oil Decyl Esters
8623,Rosa Centifolia Flower
8624,'Bis-Diglyceryl Polyacyladipate-2
8625,Glyceryl Behenate/Eicosadio-'
8626,'ate
8627,Butylene/Ethylene/Styrene Copoly-'
8628,'mer
8629,Vitis Vinifera'
8630,'(Grape) Seed Oil
8631,Mel Extract (Honey Extract)
8632,'Caramel
8633,Ammonium Gly-'
8634,'cyrrhizate
8635,CI 77492 (Iron'
8636,'Oxides)
8637,CI 77499'
8638,'(Iron Oxides)
8639,'Benzyl Alcohol.']
8640,Butylene Glycol Cocoate
8641,Angelica Keiskei Extract
8642,Molasses
8643,Nelumbo Nucifera Extract
8644,Prunus Persica (Peach) Leaf Extract
8645,Hydrogenated Coco-glycerides
8646,Alpinia Speciosa Leaf Extract
8647,Fragaria Ananassa (Strawberry) Fruit Juice
8648,Sapindus Mukorossi Peel Extract
8649,['Gel Essence:'
8650,'Water Cream Mask:'
8651,Passi ora Edulis Seed Oil
8652,Prunus Cerasus (Bitter Cherry) Flower Extract
8653,Hydrogenated Coco- Glycerides
8654,Averrhoa Carambola Leaf Extract
8655,Geraniol']
8656,Pheno Xyethano.']
8657,Rice Ferment Filtrate (Sake)
8658,Caprylic/Capric'
8659,'Triglyceride
8660,Saccharomyces Ferment'
8661,'Filtrate
8662,Vitis Vinif-'
8663,'era (Grape) Seed Oil
8664,Rubus Fruticosus (Blackberry) Leaf'
8665,Tocopheryl Ac-'
8666,'etate
8667,Parfum'
8668,'(Fragrance)
8669,CI'
8670,'77891 (Titanium Dioxide)
8671,Disodium'
8672,'EDTA
8673,Prunus Amygdalus Dulcis (Sweet Almond)Oil
8674,Simmondsia Chinensis(Jojoba) Seed Oil
8675,CitrusLimon (Lemon) Peel Oil
8676,Citrus Grandis(Grapefruit) Peel Oil
8677,LitseaCubeba Fruit Oil
8678,Cymbopogon SchoenanthusOil
8679,Triethyl Citrate.']
8680,Bis-Diglyceryl Poly-acyladipate-2
8681,Ethylene/Propylene/Styrene Co-polymer
8682,Benzo-triazolyl Dodecyl p-Cresol
8683,Pentaerythrityl Tetra-Di-t-Butyl Hydroxyhydrocinna-mate
8684,CI 15985 (Yellow 6 Lake)
8685,Morinda Citrifolia Fruit Juice
8686,Rubus Fruticosus (Blackberry) Leaf Extract
8687,Glyceryl Hydroxystearate
8688,Menthyl PCA
8689,Citral [+/- CI 19140 (Yellow 5 Lake)
8690,'Pentylene Glycol
8691,Lithothamnion Calcareum Powder
8692,Polyacrylate'
8693,'Crosspolymer-6
8694,Cocos Nucifera'
8695,'(Coconut) Shell Powder
8696,Nelumbo Nucifera Seed Powder
8697,Citrus Limon (Lemon)'
8698,'Peel Oil
8699,Ficus Carica (Fig) Fruit'
8700,'Nelumbo Nucifera Flower Extract
8701,Tocopheryl'
8702,'Acetate
8703,Cetearyl'
8704,'Glucoside
8705,'Polyacrylate Starch
8706,'BHT
8707,Mirabilis Jalapa Extract
8708,Oxidized Corn Oil
8709,Kigelia
8710,Africana Fruit Extract
8711,Litichi Chinensis Seed Extract
8712,Ceteareth-12
8713,Steareth-25
8714,Zingiber Officinale (Ginger) Water
8715,Hydrolyzed Rice Bran Protein
8716,Alpinia Galanga Extract
8717,Lycium Chinense Fruit Extract
8718,Benzyl Salicylate']
8719,Lonicera Japonica (Honeysuckle) Leaf Extract
8720,Peg-90
8721,Rhizobian Gum
8722,Olus Oil (Vegetable Oil)
8723,Irvingia Gabonensis Kernel Butter
8724,Jojoba Oil PEG-150 Esters
8725,CI 19140(Yellow 5 Lake)
8726,['Rose Deep Hydration Toner:'
8727,'Rose Deep Hydration Oil-Infused Serum:'
8728,'Rose Deep Hydration Moisturizer:'
8729,'Soy pH-Balanced Hydrating Face Wash:'
8730,Stevioside
8731,['Sugar Recovery Lip Mask Advanced Therapy:'
8732,'Isononyl Isononanoate
8733,'Sugar Lip Treatment Advanced Therapy Original:'
8734,'Cera Alba (Beeswax)
8735,PEG-6 Isostearate
8736,['Solum Fullonum (Fuller’s Earth)
8737,Saccharomyces/xylinum/black Tea Ferment
8738,Pentylene
8739,Artemisia Capillaris Flower Extract
8740,PEG-40 hydrogenated castor oil
8741,Sodium benzoate
8742,Sodium laneth-40 maleate/styrene sulfonate copolymer
8743,Bis-isobutyl PEG/PPG-20/35/amodimethicone copolymer
8744,Cetyl ethylhexanoate
8745,Sodium hydroxide
8746,Thermus thermophillus ferment
8747,Hydrolyzed wheat protein PG-propyl silanetriol
8748,Calcium gluconate
8749,Potassium sorbate
8750,Hexyl cinnamal
8751,Alpha-isomethyl ionone.']
8752,Mirsalehi Honey
8753,CI 47000 (Yellow 11)
8754,CI 26100 (Red 17)
8755,Miel)*
8756,Citral**
8757,Coumarin**
8758,Linalool**
8759,Hexyl Cinnamal**
8760,Limonene**
8761,Mel (Honey/Miel)*
8762,Linalool**.']
8763,Helianthus Annuus Hybrid (Sunflower Seed) Oil
8764,Parfum (Fragrance)*
8765,Ectoine
8766,Mel (Honey/Miel)
8767,Propolis Cera (Propolis Wax/Cire De Propolis)
8768,Ribes Nigrum Seed Oil
8769,Carthamus Tinctorius Seed Oil
8770,Oenothera Biennis Seed Oil
8771,Apium Graveolens Seed Extract
8772,Citrus Aurantium Bergamia Fruit Extract
8773,Daucus Carota Sativa Root Extract
8774,Helianthus Annuus Seed Oil Unsaponifiables
8775,Hydroxypropyltrimonium Inulin
8776,Linalool**']
8777,Mirsalehi Propolis Cera (Wax)
8778,Parfum (Fragrance)&dagger;
8779,Argania Spinosa (Kernel) Oil
8780,Maris Sal (Sea Salt)
8781,Red 4/Cl 14700
8782,Parfum/Fragrances
8783,Red 33/Cl 17200
8784,Yellow 5/Cl 19140
8785,Citronellol Coumarin
8786,['Honey Infused Hair Mask:'
8787,* Sodium Benzoate
8788,'Honey Infused Hair Wash Shampoo:'
8789,* Hydrolyzed Pea Protein
8790,** Hexyl Cinnamal
8791,** Limonene
8792,** Linalool.'
8793,'Honey Infused Conditioner:'
8794,* Propylene Glycol Dicaprylate/Dicaprate
8795,'Honey Infused Leave-in Conditioner:'
8796,** Linalool.**']
8797,Propolis Cera (Propolis Wax
8798,Cire De Propolis)
8799,Tocopherol. May Contain (+/-): Yellow 5 Lake (Ci 19140)
8800,[+/- : Ci 15850 (Red 6 - Red 7 - Red 7 Lake)
8801,['C10-30 Cholesterol/Lanosterol Esters
8802,Schinus Terebinthifolius Seed Extract
8803,Ci 45410 (Red 27)
8804,Ci 15850 (Red 6 - Red 7)].']
8805,Rosa Hybrid Flower Extract
8806,Ci 77491 - Ci 77499 (Iron Oxides)
8807,Ci 19140 (Yellow 5 Lake).']
8808,Ci 77491 - Ci 77492 - Ci 77499 (Iron Oxides)
8809,Ci 15850 (Red 6 - Red 7 - Red 7 Lake)
8810,[+/- : Ci 77891 (Titanium Dioxide)
8811,Ci 15850 (Red 7 - Red 7 Lake)
8812,Pentaerythrityl Tetra-Di-T-Butyl Hydroxyhydrocinnamat
8813,Ci 77491 - Ci 77492 (Iron Oxides)
8814,Ci 15985 (Yellow 6 Lake).']
8815,Polyglyceryl-2 Isostearate
8816,Hdi/Trimethylol Hexyllactone Crosspolyme
8817,Tocopherol. May Contain (+/-) Iron Oxides (Ci 77491)
8818,Hydrogenated Olive Oil Myristyl Esters
8819,Hydrogenated Cotton Seed Oil
8820,Ascorbyl Palmitate. May Contain (+/-): Red 36 (Ci 12085)
8821,Red 21/Red 22 Lake (Ci 45380)
8822,Ci 60730 (Ext. Violet 2)']
8823,['Aqua (Water) C9-12 Alkane
8824,Sorbitan  Sesquiisostearate
8825,Ci 77163 (Bismuth Oxychloride)]']
8826,Butyle-Ne Glycol Dicaprylate/Dicaprate
8827,Citro-Nellol
8828,Gera-Niol
8829,Panthenol .']
8830,['Aqua (Wate+F11:V35R)
8831,Ci 77007 (Ultramarines).']
8832,Dicaprylate/Dicaprate
8833,[+/- Ci 77491 - Ci 77499 (Iron Oxides)
8834,Citral Geraniol
8835,Acrylates/Ethylhexl Acrylate Copolymer
8836,Acrylates/Dimethylaminoethyl Methacrylate Copolymer
8837,Sodium Lignosulfonate
8838,Black 2 [Nano] (Ci 77266).']
8839,Ci 60730 (EXT. VIOLET 2).']
8840,['High-Quality Synthetic Fiber.']
8841,['Ethyl Cyanoacrylate
8842,Red 7 (CI 15850).']
8843,['High Quality Synthetic Fiber.']
8844,['Bond:'
8845,'Seal:'
8846,'Bond Remover:'
8847,['GLO Whitening Gels (GLO Vials):'
8848,'Distilled Water
8849,Polyethylene Glycol
8850,Hydrogen Peroxide
8851,Potassium Nitrate
8852,Edetate Disodium
8853,Sodium Fluoride
8854,Flavor.'
8855,'GLO Vegan Lip Care:'
8856,Myrica Cerifera (Bayberry) Wax
8857,Butyrospermum Parkii (Shea) Nut Butter
8858,Medium Chain Triglyceride
8859,Copernicia Cerifera (Carnauba) Wax *
8860,Monoammonium Glycyrrhizinate
8861,Natural Flavor
8862,Ethyl Alcohol']
8863,['Distilled Water
8864,Hydrogen Peroxide (6%)
8865,Flavor.']
8866,['GLO Brilliant Teeth Whitening Vials:'
8867,'GLO Lip Treatment:'
8868,Beeswax /Cire d’abeille
8869,Mentha Piperita (Peppermint) Leaf
8870,* Vanilla Planifolia Fruit Extract
8871,* Copernicia Cerifera (Carnauba) Wax
8872,['Teeth Whitening Glo Vial:'
8873,'Glo Lip Care:'
8874,Silicone Dioxide
8875,Wintergreen Oil
8876,Natural Cinnamon Flavor
8877,Sodium Tripolyphosphate
8878,Eucalyptus Extract
8879,Thyme Extract.']
8880,Thyme Extract. Made in the USA.']
8881,Euphorbia Cerifera (Candelilla) Wax/Candelilla Cera/Cire de Candelilla
8882,Blue 1 Lake (CI 42090).']
8883,Red 30 Lake (CI 73360).']
8884,Butyrospermum Parkii (Shea) Nut Extract
8885,Red 7 Lake (CI 15850). May Contain/Peut Contenir (±): Titanium Dioxide (CI 77891)
8886,Yellow 6 Lake (CI 15985).']
8887,Copernicia Cerifera (Carnauba) Wax/Cera Carnauba/Cire de Carnauba
8888,Titanium Dioxide (CI 77891). (±) May Contain/Peut Contenir: Iron Oxides (CI 77491
8889,Quercus Suber Bark Extract
8890,['Hydrogenated Polybutene
8891,Red 6 (CI 15850).']
8892,Stearoyl Inulin
8893,C30-45 Alkyl Cetearyl Dimethicone Crosspolymer
8894,Polyalkylene Oxide
8895,Benzyl Alcohol. May Contain/Peut Contenir (±): CI 77891 (Titanium Dioxide)
8896,CI 73360 (Red 30 Lake)
8897,CI 17200 (Red 33 Lake).']
8898,CI 77499). (±) May Contain/Peut Contenir: Titanium Dioxide (CI 77891)
8899,PEG-15 Glyceryl Stearate
8900,Rayon
8901,Black 2 (CI 77266).']
8902,Isoeicosane
8903,['Matte Finish:'
8904,'(±) May Contain/Peut Contenir: Iron Oxides (CI 77492)
8905,'Metallic Finish:'
8906,Tussilago Farfara (Coltsfoot) Leaf Extract
8907,Achillea Millefolium Flower/Leaf/Stem Extract
8908,Tin Oxide [Almond
8909,Bluff
8910,Heather
8911,Jute
8912,Mesa
8913,Mist
8914,Prairie
8915,Rosin]
8916,Silica [Bluff
8917,Prairie]
8918,Calcium Sodium Borosilicate [Heather]
8919,Calcium Aluminum Borosilicate [Heather]
8920,Kaolin [Prairie]
8921,'(±) May Contain/Peut Contenir: Iron Oxides (CI 77492
8922,'Satin Finish:'
8923,Silica [Heather
8924,'(±) May Contain/Peut Contenir: Copper Powder (CI 77400)
8925,Topaz
8926,Aluminum Powder (CI 77000).']
8927,Kaolin [Rococo]
8928,Tin Oxide [Rococo]. (±) May Contain/Peut Contenir: Titanium Dioxide (CI 77891)
8929,Tin Oxide [Flare]
8930,CI 77499). May Contain/Peut Contenir (±): Titanium Dioxide (CI 77891).']
8931,Black 2 (CI 77266)
8932,Olive Oil Polyglyceryl-6 Esters
8933,Polyglyceryl-6 Pentaoleate
8934,Phytosteryl/Behenyl/Octyldodecyl Lauroyl Glutamate
8935,Lactobacillus Ferment Lysate Filtrate
8936,Glycereth-7 Trimethyl Ether
8937,Salicylic Acid 0.5%']
8938,Buddleja Officinalis Flower Extract
8939,Lactic Acid.']
8940,Lonicera Caprifolium (Honeysuckle) Extract
8941,Pseudozyma Epicola/Camellia Japonica Seed Oil Ferment Extract Filtrate
8942,Bis-Ethylhexyl Hydroxydimethoxy Benzylmalonate
8943,Homosalate 6%
8944,Octisalate 5%']
8945,Retinyl Sunflowerseedate
8946,Trisodium Ethylenediamine Disuccinate.']
8947,['Opuntia Ficus-Indica (Cactus) Extract
8948,Melaleuca Alternifolia (Tea Tree) Extract
8949,Lactobacillus/Watermelon Fruit Ferment Extract
8950,Citrullus Lanatus Fruit Extract
8951,['Citrullus Lanatus (Watermelon) Fruit Extract
8952,Citrullus Lanatus (Watermelon) Fruit
8953,Glutamic Acid (Derived from Fermented Grains)
8954,Cetearyl Olivate (Derived from Olive)
8955,Sorbitan Olivate (Derived from Olive)
8956,Apricot Kernel Amino Acid
8957,Alkanna Tinctoria Root Extract
8958,Jasminum Grandiflorum (Jasmine) Flower Wax
8959,Ipomoea Batatas (Sweet Potato) Root Extract
8960,Pleiogynium Timorense Fruit Extract
8961,Podocarpus Elatus Fruit Extract
8962,Acacia Seyal Gum Extract
8963,sr-Spider Polypeptide-1**
8964,Pantothenic Acid
8965,Raphanus Sativus Root Extract
8966,Fragrance/Parfum*.']
8967,Coffea Arabica (Coffee) Fruit Extract
8968,PEI-10
8969,Fructan
8970,CI 75300*
8971,Fragrance/Parfum**
8972,Terminalia Ferdinandiana Seed Oil*
8973,Davidsonia Jerseyana Fruit Extract*
8974,Terminalia Ferdinandiana Fruit Powder*
8975,Podocarpus Elatus Fruit Extract*
8976,Pleiogynium Timoriense Fruit Extract*
8977,Epilobium Fleischeri (Alpine Willowherb) Flower/Leaf/Stem Extract
8978,Fragrance/Parfum**.']
8979,['Papaya Enzymes: Smooth
8980,resurface
8981,and soothe skin.'
8982,Carica Papaya (Papaya) Seed Oil
8983,Fragaria Ananassa (Strawberry) Fruit Extract
8984,Potassium Palmitoyl Hydrolyzed Wheat Protein
8985,Chlorophyllin-Copper Complex (CI 75810)
8986,['Homosalate 8.5%
8987,Octisalate 5.0%
8988,Octocrylene 8.5%
8989,Zinc Oxide 12.1%
8990,Diethylhexyl Syringylidenemalonate
8991,Lactic acid
8992,Copper Gluconate.']
8993,Palm Kernel/Coco Glucoside
8994,Caulerpa Lentillifera (Seaweed) Extract
8995,Vaccinium Angustifolium (Blueberry) Fruit
8996,Physalis Peruviana (Groundcherry) Fruit Extract
8997,Morus Nigra (Mulberry) Fruit Extract
8998,Vaccinium Myrtillus (Bilberry) Fruit Extract
8999,Scutellaria Baicalensis (Skullcap) Root Extract
9000,Macadamia Seed Oil Polyglyceryl-6 Esters Behenate
9001,Coconut Flower Sugar
9002,Opuntia Ficus-Indica (Prickly Pear) Flower Extract
9003,Glucosamine
9004,Fragrance/Parfum*. *100% Naturally Derived.']
9005,Oryza Sativa (Rice) Germ Oil
9006,Natto Gum
9007,Apple Cider Vinegar
9008,Vaccinium Corymbosum (Blueberry) Seed
9009,*Behenyl Alcohol
9010,Psidium Guajava Seed Oil
9011,*Batyl Alcohol
9012,Rubus Idaeus (Raspberry) Fruit Extract.']
9013,Hexanoyl Dipeptide-3 Norleucine Acetate
9014,Sea Water/Maris Aqua/Eau de mer
9015,Glycolic Acid*
9016,Lactic Acid*
9017,Leuconostoc Ferment Filtrate
9018,Cetearyl Alcohol^
9019,Myristamidopropyl Betaine
9020,Caprylyl Glyceryl Ether
9021,Corallina Officinalis Extract.']
9022,['Avocado Ceramide Moisture Barrier Cleanser:'
9023,Jasminum Officinale Flower/Leaf Extract
9024,Cucumis Melo Fruit Extract
9025,Corallina Officinalis Extract.'
9026,'Watermelon Glow PHA +BHA Pore-Tight Toner:'
9027,'Opuntia Ficus-Indica (Cactus) Extract
9028,Fragrance/Parfum'
9029,'Strawberry Smooth BHA + AHA Salicylic Serum:'
9030,Azelamidopropyl Dimethyl Amine
9031,Fragrance/Parfum.*'
9032,'Watermelon Glow Niacinamide Dew Drops:'
9033,'Plum Plump Hyaluronic Cream:'
9034,['Guava Vitamin C Bright-Eye Gel Cream:'
9035,Rubus Idaeus (Raspberry) Fruit Extract.'
9036,['Plum Plump Hyaluronic Acid Moisturizer:'
9037,Terminalia Ferdinandiana Seed Oil
9038,Terminalia Ferdinandiana Fruit Powder
9039,Pleiogynium Timoriense Fruit Extract
9040,Fragrance/Parfum.'
9041,'Plum Plump Hyaluronic Acid Serum:'
9042,SR-Spider Polypeptide-1
9043,Peg 40 Castor Oil
9044,Proplyene Glycol
9045,Laureth 4
9046,Laureth 23
9047,Polyquaternium 6
9048,Citris Bergamina (Bergamot Oil)
9049,Methlchlorisothiazolinone
9050,Extrait D’heliantus Annuus (Tournesol)'
9051,'May Also Contain: Basic Yellow 40
9052,H C Blue 15
9053,Basic Orange 31
9054,Basic Red 51
9055,Basic Violet 16
9056,Basic Violet 2
9057,Basic Yellow 87
9058,H C Blue 2
9059,H C Red 1
9060,H C Yellow 4.']
9061,Sunflower Seed Wax
9062,SDA-40 Alcohol
9063,Cera Alba
9064,Cera Microcrystalline
9065,Synthetic Fluorphhlogopite
9066,AMP-Acrylates'
9067,'Diacetoneacrylamide Copolymer
9068,Essential Oils of Bergamot
9069,Sweet Orange
9070,May also contain: Iron Oxides CI'
9071,'77491
9072,CI77492
9073,D&C (CI 45410
9074,77007
9075,47000)
9076,UV Dayglow Pigments.']
9077,Garnet Powder
9078,Zizyphus Jujuba Seed Extract
9079,Citrus Nobilis (Mandarin Orange) Oil
9080,Lavendula Hybrida Oil
9081,Levan
9082,Spondias Mombin Pulp Extract
9083,Lavendula Angustifolia (Lavender) Oil
9084,Piperonyl Glucose
9085,['Vitamin C
9086,Vitamin E
9087,Grape (Vitis Vinifera) Seed Extract
9088,Coq10
9089,Lutein
9090,Zeaxanthin
9091,Isomalto-Oligosaccharides
9092,Rebaudioside A
9093,Anadenanthera Colubrina Bark Extract
9094,Vegetable Oil (Olus Oil)
9095,Glycosphingolipids
9096,Gossypium Herbaceum Seed Oil
9097,Polyglyceryl-3 Diisosterate
9098,Astrocaryum Murumuru (Palm) Seed Butter
9099,Polygonum Aviculare (Knotweed) Extract
9100,Microcitrus Australascica Fruit Extract
9101,['Water/Aqua/ Eau
9102,Rosmarinus Officinalis (Rosemary) Leaf
9103,Capryloyl Glycerin/ Sebacic Acid Copolymer
9104,Citrus Aurantium Amara (Bitter Orange) Peel Powder
9105,Rubus Chamaemorus Fruit Extract
9106,Annatto/CI 75120.']
9107,Piperonyl Glucoside
9108,Schinus Terebinthifolius Fruit Extract
9109,Sodium Isostearate
9110,Dimethyl Heptenal
9111,Valeriana Officinalis Root Extract
9112,Cyperus Scariosus (Nagarmotha) Oil
9113,['Caryodendron Orinocense Seed Oil
9114,Citrus Aurantium Amara (Bitter Orange) Leaf/Twig Oil
9115,Bidens Pilosa (Black-Jack) Extract
9116,Adansonia Digitata (Baobab) Pulp Extract
9117,Astrocaryum Murumuru (Murumuru) Seed Butter
9118,Potassium
9119,Sorbate
9120,Morus Alba (White Mulberry) Leaf Extract
9121,Citrus Reticulata Peel Extract
9122,Emblica Officinalis (Indian Gooseberry) Fruit Extract
9123,Rosa Moschata Oil
9124,Simmondsia Chinensis Seed Extract
9125,Juniperus Mexicana (Cedarwood) Oil
9126,Juniperus Communis (Juniper) Fruit Oil
9127,Schinus Terebinthifolia Fruit Extract
9128,Allyl Caproate
9129,['Melatonin
9130,L-Tryptophan
9131,Vitamin B6
9132,Organic Tapioca Syrup
9133,Organic Coconut Sugar
9134,Palm Fruit Oil
9135,Cocoa Powder (processed with alkali)
9136,Sunflower Lecithin
9137,Monk Fruit Extract. Contains Tree Nuts (Coconut).']
9138,Citrus Aurantium Dulcis (Sweet Orange) Peel Oil
9139,Rosmarinus Officinalis (Rosemary) Flower/Leaf/Stem Water
9140,Pelargonium Graveolens Flower/Leaf/Stem Water
9141,Citrus Limon Fruit Water
9142,Heptapeptide-7
9143,Bellis Perennis (Daisy) Flower Extract
9144,Helichrysum Italicum (Immortelle) Extract
9145,Hydroxyectoin
9146,and Sodium Benzoate.']
9147,Aspergillus Ferment
9148,Glyceryl Ricinoleate
9149,['Serv. Size 1 Packet (1.5 g)
9150,Amount per Serving: Vitamin C (as ascorbic acid) 100 mg (111% DV)
9151,Pantothenic Acid (as calcium D-pantothenate) 2.5 mg (50% DV)
9152,Magnesium (as magnesium citrate) 40 mg (10% DV)
9153,Zinc (as zinc citrate) 5 mg (45% DV)
9154,Selenium (as selenomethionine) 55 mcg (100% DV)
9155,Silymarin [from milk thistle (Silybum marianum) seed extract] 300 mg *
9156,Resveratrol (from Polygonum cuspidatum root extract) 100 mg*
9157,Glycine 50 mg*.']
9158,'Lauroyl Methyl Isethionate
9159,Abies Balsamea (Balsam Canada) Needle Oil
9160,Abies Balsamea (Balsam Canada) Resin
9161,Angelica Archangelica Root Oil
9162,Cedrol
9163,Cupressus Nootkatensis Wood Oil
9164,Juniperus Communis Fruit Oil
9165,Vetiveria Zizanoides Root Extract
9166,Annatto (Ci 75120).']
9167,Aquilaria Agallocha Wood Oil
9168,['All-in-One Nourishing Eye Cream:'
9169,'All-in-One Nourishing Face Cream:'
9170,'All-in-One Super Nutrient Face Oil:'
9171,'Caryodendron Orinocense Seed Oil
9172,Niacin
9173,Nylon 12
9174,Myristoyl Pentapeptide-17.']
9175,Cetyl Stearate
9176,Portulace Pilosa Extract
9177,Carica Papaya Fruit Extract
9178,Litchi Chinensis (Lychee Fruit) Extract
9179,Beta Glucan
9180,Ethyl Alcohol
9181,D&C Red 28 Lake
9182,D&C Red 7 Lake
9183,FD&C Yellow 5 Lake
9184,Ethylhexyglycerin.']
9185,Helianthus Annuus (Sunflower)Seed Wax/Helianthus Annuus Seed Cera
9186,Oryza Sativa (Rice) Bran Wax/Oryza Sativa Cera
9187,Ricinus Communis (Castor) Seed Oil)
9188,Polyglyceryl-3 Rice Branate
9189,Polyvinyl Stearyl Ether
9190,Cera Microcristallina/Microcrystalline Wax/CireDimethicone
9191,Bis-PEG-12 Dimethicone Beeswax
9192,Methyl Methacrylate
9193,Pentaerythrityl Tetra-dit-butyl Hydroxyhydrocinnamate
9194,[May Contain/Peut Contenir/+/-:Titanium Dioxide (CI 77891)
9195,Red 7 (CI 15850)].']
9196,Cera Microcristallina/Microcrystalline Wax/Cire Microcrystalline
9197,Red 28 Lake (CI 45410)].']
9198,[May Contain/Peut Contenir/+/-:Iron Oxides (CI 77491
9199,Titanium Dioxide(CI 77891)].']
9200,[May Contain +/-:Titanium Dioxide (CI 77891)
9201,Yellow 5 Lake
9202,(CI 19140)
9203,Red 6 Lake (CI 15850)].']
9204,[May Contain/Peut Contenir/+/-: Titanium Dioxide (CI 77891)
9205,[May Contain/Peut Contenir/+/-: Titanium Dioxide (Ci 77891)
9206,'Geraniol
9207,Copernicia Cerifera Cera/Copernicia Cerifera (Carnauba) Wax/Cire de Carnauba
9208,['Flora Gorgeous Jasmine Eau de Parfum:'
9209,'Flora Gorgeous Gardenia Eau de Parfum:'
9210,'Bloom Eau de Parfum For Her:'
9211,'Guilty Pour Femme Eau de Parfum:'
9212,Zinc Oxide (CI 77947)].']
9213,Diethylamino
9214,Hydroxybenzoyl Hexyl Benzoate
9215,Hydroxyisohexyl
9216,3-Cyclohexene Carboxaldehyde
9217,Benzyl Salicyate
9218,Hydroxyhydrocinnamate.']
9219,Polyurethane-1
9220,Di-C12-13 Alkyl Tartrate
9221,Iron Oxides (CI 77491|77492|77499)
9222,Yellow 5 Lake (CI 19140)].']
9223,['Flora Gorgeous Gardenia Eau de Parfum Rollerball:'
9224,Butylphenyl Methylproprional
9225,Ci 60725 (Violet 2)
9226,'Mascara L’Obscur:'
9227,Caprylic/Capric Glyceride
9228,Ci 60725/Violet 2
9229,Ci 19140/Yellow 5
9230,Ci 42090/Blue 1.']
9231,['Hydrogenated Jojoba Oil
9232,Canoil Oil/Huile de colza
9233,Candelilla Cera/ Euphorbia Cerifera (Candelilla) Wax/Cire de candelilla
9234,[May Contain/Peut Contenir +/-:Iron Oxides (CI 77491
9235,Blue 1 (CI 42090)].']
9236,Copernicia Cerifera Cera/Copernicia Cerifera (Carnauba) Wax/Cire De Carnauba
9237,Malva Sylvestris (Mallow) Flower/Leaf Extract
9238,[May Contain/Peut Contenir/+/-: Iron Oxides (CI 77491
9239,Ammonium
9240,Polyacryloyldimethyl Taurate
9241,Gossypium Herbaceum (Cotton) Seed Extract.']
9242,['Silica
9243,Benzophenone 3
9244,Benzyl
9245,Benzoate
9246,['Fiery Orange:'
9247,CI 77499)].'
9248,'Gorgeous Turquoise:'
9249,'Fantastic Violet:'
9250,Indigofera Tinctoria Extract
9251,Carmine (CI 75470)].'
9252,'Silver Sky:'
9253,'Delicate Blush:'
9254,'Magical Amethyste:'
9255,Titanium Dioxide (CI 77891)].'
9256,'Solar Fire:'
9257,Bismuth Oxychloride (CI 77163)].'
9258,'Bright Coral:'
9259,'Sand Shell:'
9260,'Precious Brown:'
9261,'Mauve Jasmine:'
9262,'Sweet Hazel:'
9263,Bismuth Oxychloride (CI 77163)].']
9264,Disodium Edta. Hydroxycitronellal
9265,Styrene/Acrylates/ Ammonium Methacrylate Copolymer
9266,[May Contain/Peut Contenir/+/-:Black 2 [Nano] (CI 77266)].']
9267,['AQUA (WATER)
9268,POLYGLYCERIN-3
9269,ALCOHOL
9270,POLYSORBATE 20
9271,PENTYLENE GLYCOL
9272,MEL (HONEY)
9273,ROYAL JELLY
9274,MANNITOL
9275,CELLULOSE
9276,POLYACRYLATE CROSSPOLYMER-6
9277,PROPANEDIOL
9278,TRISODIUM ETHYLENEDIAMINE DISUCCINATE
9279,SODIUM CITRATE
9280,BIOSACCHARIDE GUM-2
9281,ACRYLATES/AMMONIUM METHACRYLATE COPOLYMER
9282,SYNTHETIC FLUORPHLOGOPITE
9283,COMMIPHORA MUKUL RESIN EXTRACT
9284,TRIETHYL CITRATE
9285,CI 77891 (TITANIUM DIOXIDE)
9286,BIOSACCHARIDE GUM-1
9287,SODIUM METABISULFITE
9288,CI 77492 (IRON OXIDES)
9289,CI 77491 (IRON OXIDES)
9290,HYDROXYPROPYL METHYLCELLULOSE
9291,TIN OXIDE']
9292,Royal Jelly
9293,Tin Oxide']
9294,['All shades contain:'
9295,Meteorite Extract
9296,Aplha-Isomethyl Ionone
9297,Geranoil
9298,CI 15850 (Red 6
9299,CI 77000 (Aluminum Powder)
9300,CI 77742 (Magnesium Violet)].']
9301,Lactobacillus.']
9302,Butyrospermum Parkii (Shea) Seedcake Extract
9303,77492
9304,77499 (Iron Oxides)
9305,Hydrolyzed Soy Flour
9306,Ci 73360 (Red 30 Lake)].']
9307,Anthocyanins
9308,Ci 15850 (Red 7
9309,Euphorbia Cerifera (Candelilla) Wax Extract
9310,Hydrogenated Castor Oil Isostearate
9311,Ci 15985 (Yellow 6 Lake)].']
9312,['Paraffinum Liquidum (Mineral Oil)
9313,Triisocetyl Citrate
9314,Myristyl Lactate
9315,Octyldodecylstearoyl Stearate
9316,Boronitride
9317,Pentaerythrityl Tetraethylhexanoeate
9318,Tocopheryl Linoleate
9319,Benzil Salicylate
9320,CI 77163 (Bismuthoxychloride).']
9321,Skeletonema Costatum Extract
9322,Ascorbyl Palmitate.']
9323,CI 19140 (Yellow 5).']
9324,['Black Bee Repair Technology: Supports the skin’s natural revitalization process.'
9325,['Vitamin C: Provides a source of youthfulness
9326,energy
9327,and radiance.'
9328,CI 47005 (Yellow 10).']
9329,Cassia Alata Leaf Extract
9330,Tulipa Gesneriana Flower Extract
9331,['Guerlain Exclusive Royal Jelly: Provides exceptional nutrients and is a natural source of carbohydrates
9332,proteins
9333,lipids
9334,and vitamins.'
9335,Palmitoyl Hexapeptide-12.']
9336,['Abeille Royale Advanced Youth Watery Oil:'
9337,Tin Oxide.'
9338,'Abeille Royale Anti-Aging Double R Advanced Serum:'
9339,CI 77491 (Iron Oxides).'
9340,'Abeille Royale Anti-Aging Fortifying Lotion Toner:'
9341,Ulex Europaeus Leaf/Root/Stem Extract.']
9342,Vinyl Dimethicone/Lauryl Dimethicone Crosspolymer
9343,CI 77163 (Bismuth Oxychloride)].']
9344,['Faithful To Freedom:'
9345,Squalane. May Contain/Peut Contenir: Blue 1 Lake (Ci 42090)
9346,'I Was in Love:'
9347,Squalane. May Contain/Peut Contenir: Titanium Dioxide (Ci 77891)
9348,Manganese Violet (Ci 77742).'
9349,'Covered in Shells:'
9350,'Obsessed:'
9351,Helianthus Annuus Seed Cera (Helianthus Annuus (Sunflower) Seed Wax)
9352,Fragrance (Parfum). May Contain/Peut Contenir: Titanium Dioxide (Ci 77891)
9353,Tin Oxide. May Contain/Peut Contenir: Ferric Ferrocyanide (Ci 77510)
9354,['Calcium Titanium Borosilicate
9355,Tocopherol. May Contain/Peut Contenir: Iron Oxides (Ci 77491
9356,Tocopherol. May Contain/Peut Contenir: Ultramarines (Ci 77007)
9357,['Jojoba Esters
9358,Tocopherol. May Contain/Peut Contenir: Titanium Dioxide (Ci 77891)
9359,Bis-Hydroxyethoxypropyl Dimethicone/Ipdi Copolymer Ethylcarbamate
9360,Dipentaerythrityl Pentaisononanoate
9361,Dicalcium Phosphate. May Contain/Peut Contenir: Titanium Dioxide (Ci 77891)
9362,Ascorbyl Palmitate. May Contain/Peut Contenir: Titanium Dioxide (Ci 77891)
9363,Candelilla Cera (Euphorbia Cerifera (Candelilla) Wax Extract
9364,Ci 77491/Ci 77492/Ci 77499 (Iron Oxides).']
9365,Homosalate 9.8%
9366,Octisalate 4.9%
9367,Octocrylene 9.5%
9368,Diisooctyl Succinate
9369,Ethyl Ferulat
9370,Rosmarinus Officinalis (Rosemary) Leaf Oil.']
9371,Diisooctyl Succinat
9372,Prunus Amygdalus
9373,Amara (Bitter Almond) Kernel Oil
9374,Avobenzone 2.9% Homosalate 9.8% Octisalate 4.9% Octocrylene 9.5%']
9375,['Shave Pillow:'
9376,Europaea (Olive) Fruit Oil
9377,Opuntia Ficus-Indica Stem Water
9378,Coriolus Versicolor (Mushroom) Extract
9379,Cottonseed Oil Glycereth-8 Esters
9380,Arnica Montana Flower Extract**
9381,Pseudozyma Epicola/Apricot Kernel Oil/Olive Fruit Oil/Sweet Almond Oil/Sunflower Seed Oil/Licorice Root Extract Ferment Extract Filtrate
9382,Pseudozyma Epicola/Apricot Kernel Oil/Olive Fruit Oil/Sunflower Seed Oil/Sweet Almond Oil/(Angelica Gigas/Lithospermum Erythrorhizon) Root
9383,Panax Notoginseng Extract
9384,Pseudozyma Epicola/Sunflower Seed Oil Ferment Extract Filtrate
9385,'Opuntia Ficus-Indica Seed Oil
9386,Sr-Hydrozoan Polypeptide-1
9387,Portulaca Pilosa'
9388,Sebacic'
9389,Potassium Sorbate. May Contain +/-: Ci 45410 (Red 27)
9390,Ci'
9391,'17200 (Red 33 Lake)
9392,Arnica  Montana Flower Extract**
9393,Actinidia Polygama Fruit Extract
9394,Gellen Gum
9395,Calcium  Chloride
9396,Pentaerythrityl Tetra-Di-T-Butyl  Hydroxyhydrocinnamate
9397,Ci 77491 (Iron  Oxides)
9398,Ci 77891 (Titanium Dioxide). **Fermented']
9399,Ci 77491/77492/77499 (Iron Oxides).']
9400,Synthetic  Fluorphlogopite
9401,Ci 77510 (Ferric  Ammonium Ferrocyanide).']
9402,Phenoxyethanol. May Contain/Peut Contenir: (+/-) Ci 19140 (Yellow 5 Lake)
9403,Ci 77491/77492 (Iron Oxides)
9404,Ci 77510 (Ferric Ammonium Ferrocyanide).']
9405,Bis-Hydroxyethoxypropyl  Dimethicone/Ipdi Copolymer Ethylcarbamate
9406,Dipentaerythrityl  Pentaisononanoate
9407,Dicalcium Phosphate. May Contain/Peut Contenir: +/- Ci 77891  (Titanium Dioxide)
9408,Ci 77491/77492/77499 (Iron Oxides)
9409,Ci 15850  (Red 6)
9410,Ci 15985  (Yellow 6 Lake).']
9411,Bht. May Contain/Peut Contenir: +/- Ci 77891 (Titanium Dioxide)
9412,Ci 15850 (Red 7 Lake). **Fermented']
9413,['Hibiscus Haze (17136103)'
9414,C20-24 Alkyl  Dimethicone
9415,Rubus  Idaeus (Raspberry) Leaf Extract
9416,Ci 77891  (Titanium Dioxide)
9417,Ci 77492/77499 (Iron Oxides)
9418,Ci 19140 (Yellow 5  Lake).'
9419,'Acai Sky (17136102)'
9420,Butyrospermum  Parkii (Shea) Butter
9421,Tocopheryl  Acetate
9422,Ci 77491/77499 (Iron Oxides)
9423,Ci 77007  (Ultramarines)
9424,Ci 45410 (Red 28 Lake).'
9425,'Dragon Fruit Daze (17136101)'
9426,Arnica Montana  Flower Extract**
9427,Pseudozyma  Epicola/Sunflower Seed Oil Ferment Extract Filtrate
9428,Pentaerythrityl Tetra Di-T-Butyl Hydroxyhydrocinnamate
9429,Ci  77007 (Ultramarines)
9430,'Pomelo Peach (17136100)'
9431,Ci 19140 (Yellow 5 Lake).'
9432,'Watermelon W/N (17136099)'
9433,Rubus Idaeus  (Raspberry) Leaf Extract
9434,Ci 15850 (Red 6).']
9435,['Nude 02'
9436,Persea Gratissima (Avocado) Butter
9437,Lavandula Angustifolia (Lavender) Flower Wax
9438,'[+/- Titanium Dioxide (Ci 77891)
9439,Iron Oxides (Ci 77492)]'
9440,'Nude 04'
9441,Ci 77499)]'
9442,'Nude 06'
9443,'Nude 08'
9444,Palmitoyl Tripeptide-38'
9445,'Nude Cherry 00'
9446,Red 30 Lake (Ci 73360)]']
9447,Cire de Carnauba)
9448,CI 77491/77492/77499 (Iron Oxides)
9449,Carica Papaya (Papaya) Leaf Extract
9450,Jasminum Sambac Floral Extract.']
9451,Rosa Damascena Flower Extract.']
9452,Tapioca Starch']
9453,Cannabis (Hemp) Sativa Seed Oil
9454,Caprylic/Capric Triglyceride (MCT/Fractionated Coconut Oil)
9455,Withania Somnifera (Ashwagandha) Root Extract
9456,Borago Officinalis
9457,Cannabidiol (CBD)
9458,Cannabis Sativa (Cannabis/ Hemp) Seed Extract
9459,Amino Esters-1 (ex Mimosa Tenuiflora)
9460,Corallina Ocinalis Extract.']
9461,Lentinus Edodes Extract
9462,Helichrysum Stoechas Flower Extract.']
9463,['Capric Triglycerides (Fractionated Coconut Oil)
9464,Prunus armeniaca (Apricot) Kernel Oil
9465,Tocopherol (Vitamin E) Oil
9466,Jasminum Sambac (Jasmine) Absolute
9467,Citrus Bergamia (Bergamot) Essential Oil.']
9468,Rosa Canina Seed Extract
9469,Citrus Aurantium Dulcis (Orange) Flower Oil.']
9470,Elaeis Guineesis (Palm) Kernel Oil
9471,['Sucrose (Sugar)
9472,Magnesium Sulfate (Epsom Salt)
9473,Cocos Nucifera (Virgin Coconut) Oil
9474,Capric Triglycerides
9475,Kaolinite
9476,Jasminum Sambac (Jasmine)
9477,Amino Esters-1 (Ex Mimosa Tenuiflora)
9478,['Jasminum Officinale (Jasmine) Flower Water
9479,Hamamelis Virginiana (Witch Hazel) Flower Water
9480,Camellia Sinensis  (Green Tea) Leaf Extract
9481,Camellia Sinensis  (White Tea) Leaf Extract
9482,Jasminum Grandiflorum Floral Extract
9483,Melia Azadirachta Flower Extract.']
9484,['Adaptogen Deep Moisture Cream:'
9485,'Water/Aqua/Eau (Aqua)
9486,Helianthus Annuus (Sunflower) Oil
9487,Octyl Palmitate
9488,Rhodiola Rosea Extract
9489,Ocimum Tenuiflorum (Holy Basil) Extract
9490,Withania Somnifera (Ashwagandha) Extract
9491,Ganoderma Lucidum (Reishi Mushroom) Extract
9492,Squalane (Olive)
9493,Pentapeptide-59
9494,Borago Officinalis (Borage) Oil
9495,Caramel Color
9496,Xanthan Gum.'
9497,'Adaptogen Activated Mist:'
9498,Terminalia Chebula Fruit Extract
9499,Ananas Sativus (Pineapple) Fruit Juice*
9500,Cymbidium Grandiflorum (Orchid) Flower Extract
9501,Amaranthus Squalane Oil
9502,Jasminum Sambac (Jasmine) Extract.']
9503,Hibiscus Sabdariffa (Hibiscus) Flower Extract
9504,Cellulose Gum Gluconolactone
9505,Moringa Oleifera (Moringa) Seed Oil.']
9506,Hydrolyzed Ganoderma Lucidum (Mushroom) Extract
9507,Ocimum
9508,Sanctum Leaf Extract
9509,Xanthan gum
9510,Garcinia Cambogia Fruit Extract
9511,Diospyros Kaki Leaf Extract
9512,Sophora Japonica Fruit Extract
9513,Artemisia Princeps Extract
9514,Polyglyceryl-6 Dioleate
9515,Gleditsia Triacanthos Seedextract
9516,Silica Dimethyl Silicate
9517,Hydrolyzed Eragrostis Tef Seed Extract
9518,Anigozanthos Flavidus Flower/Leaf Extract
9519,Ginkgo Biloba Nut Extract
9520,Caprylyl/Capryl Glucoside Sclerotium Gum
9521,Musa Sapientum (Banana) Fruit Extract Citrus Aurantium Amara (Bitter Orange) Leaf/Twig Extract
9522,Cinnamomum Camphora Linalooliferum Wood Extract.']
9523,['Aloe Barbadensis Leaf Water
9524,Cocos Nucifera (Coconut) Fruit Powder
9525,Coccinia Indica Fruit Extract']
9526,['Hordeum Vulgare Leaf Juice*
9527,Lavandula Angustifolia (Lavender) Flower/Leaf/Stem Water*
9528,Rosa Damascena Flower Water*
9529,Musa Sapientum Flower Extract
9530,Banksia Serrata Flower Extract
9531,Grevillea Speciosa Flower Extract
9532,Arnica Montana (Arnica) Extract*
9533,Borago Officinalis (Borage) Leaf Extract*
9534,Calendula Officinalis (Calendula) Flower Extract*
9535,Medicago Sativa (Alfalfa) Extract*
9536,Spiraea Ulmaria (Meadowsweet) Extract*
9537,Beet Root Extract
9538,Myrica Cerifera Fruit Wax
9539,Olea Europaea (Olive) Oil*
9540,Aroma**
9541,['Pink Cloud Rosewater + Squalane Makeup Removing Face Wash:'
9542,Tapioca Starch.'
9543,'CLOUD JELLY Plumping Hydration Serum:'
9544,Moringa Oleifera (Moringa) Seed Oil.'
9545,'Pink Cloud Soft Moisture Cream:'
9546,Octyldodecanol. Glyceryl Caprylate
9547,Basilicum (Basil) Flower/Leaf Extract
9548,Rubus Fruticosus (Blackberry) Fruit Extract
9549,Vaccinium Myrtillus (Bilberry) Extract
9550,Lauryl
9551,Glucoside
9552,['Pink Cloud Creamy Jelly Cleanser:'
9553,'Blue Tansy BHA Mask:'
9554,Jasminum Sambac Floral Extract.'
9555,'Aquarius Pore-Purifying Clarity Cream:'
9556,['Non-GMO Sugar Cane Alcohol
9557,Triethyl Citrate (Ester Of Citric Acid From Citrus Fruits/Functional Isolate)
9558,Cedrus Atlantica Oil (Steam-Distilled Atlas Cedar Wood Essential Oil)
9559,Coriandrum Sativum (Coriander Fruit Essential Oil)
9560,Cinnamomum Camphora Linalooliferum (Camphorwood (Ho Wood) Leaf Extract)
9561,Cyperus Scariosus Oil (Cypriol Root Oil)
9562,Vanilla Planifolia (Vanilla Bean Fruit Extract)
9563,Juniperus Virginiana Oil (Steam-Distilled Red Cedar Wood Essential Oil)
9564,Pogostemon Cablin Extract (Patchouli Extract)
9565,Santalum Austrocaledonicum (New Caledonia Sandalwood Oil)
9566,Styrax Benzoin (Styrax Gum Essence)
9567,Vanillin (Vanilla Note/Isolate)
9568,Vetiveria Zizanioides (Vetiver Root Extract).']
9569,['Non-GMO Sugarcane Alcohol
9570,Triethyl Citrate (Ester Of Citric Acid From Citrus Fruits)
9571,Cocos Nucifera (Coconut Fruit CO2 Extract)
9572,Vanillin (Derived From Clove)
9573,Juniperus Mexicana (Cedarwood Essential Oil)
9574,Amyris Balsamifera (Amyris Essential Oil)
9575,Oxacyclohexadec-12-En-2-One (Ambrettolide Musk)
9576,2-Methyl-4-(2
9577,3-Trimethyl-3-Cyclopentenyl)-2-Buten-1-Ol (Sustainable Sandalwood Note)
9578,Santal Austral (Amyris Balsamifera Bark Oil)
9579,Gamma-Octalactone (Fruity Note/Isolate)
9580,Gamma-Decalactone (Fruity Note/Isolate).'
9581,'100% vegan and cruelty free.']
9582,['Coconut Alcohol (Non-Denatured Alcohol Made From Fermented Coconut)
9583,Triethyl Citrate (Ester Of Citric Acid From Citrus Fruits / Functional Isolate)
9584,Juniperus Mexicana (Texas Cedarwood Essential Oil)
9585,Amyris Balsamifera (Amyris Bark Essential Oil)
9586,Oxacyclohexadec-12-En-2-One (Musk Note)
9587,Sandalmysore Core (Sandalwood Note)
9588,Vanillin (Vanilla Note Derived From Clove)
9589,Gamma Octalactone (Fruity Note / Isolate).']
9590,['Organic Sugarcane Alcohol
9591,Citrus Aurantium Bergamia (Cold Pressed Bergamot Fruit) Essential Oil
9592,5-Cyclopentadencen-1-One
9593,3-Methyl (Musk Note/Isolate)
9594,Dipropylene Glycol (Solvent)
9595,Ethylene Brassylate (Musk Note/Isolate)
9596,Benzyl Salicyate (Jasmine Note/Isolate)
9597,Pentadecalatone (Musk Note/Isolate)
9598,Hexyl Cinnamal (Fresh Floral Note/Isolate)
9599,Linalyl Acetate (Fruity Floral Note/Isolate)
9600,Methyl Dihdrojasmonate (Jasmine Note/Isolate).']
9601,['Sugarcane Alcohol (Non-Denatured
9602,Non-Gmo Sugarcane Alcohol)
9603,Juniperus Virginiana (Sustainable Steam-Distilled Red Cedarwood Oil )
9604,Citrus Aurantium Bergamia (Cold-Pressed Bergamot Fruit Oil )
9605,Tetramethyl Acetylocta-Hydronaphthalenes (Woody Note )
9606,Cupressus Sempervirens (Cypress Leaf/Nut/Stem Oil)
9607,Citrus Limon (Cold-Pressed Lemon Peel Essential Oil)
9608,Cedrus Deodara (Sustainable Himalayan Cedar Wood Oil )
9609,Olibanum (Frankincense Extract)
9610,Abies Sibirica (Sustainable Steam-Distilled Siberian Fir Oil )
9611,Ethyl Hydroxypyrone (Caramellic Note )
9612,Beta-Caryophyllene (Spicy Clove Note )
9613,Cedrenyl Acetate (Wood Note )
9614,Cedrus Atlantica (Sustainable Steam-Distilled Atlas Cedarwood Oil)
9615,Boswellia Carterii (Frankincense Gum Extract )
9616,Terpineol (Pine Note )
9617,Myristica Fragrans (Nutmeg Kernel Oil )
9618,Canarium Luzonicum (Elemi Gum Nonvolatiles)
9619,Rosmarinus Officinalis (Rosemary Leaf Oil )
9620,Pelargonium Graveolens (Geranium Essential Oil)
9621,Thuja Occidentalis (Cedar Leaf Oil)
9622,Zanthoxylum Piperitum (Japanese Pepper Fruit Extract)
9623,Artemisia Herba-Alba (Wormwood Oil)
9624,Pimpinella Anisum (Anise Seed Oil)
9625,Elettaria Cardamomum (Cardamom Seed Oil)
9626,Thymus Vulgaris (Thyme Leaf Oil)
9627,Abies Balsamea (Sustainable Balsam Canada Extract )
9628,Propanedioic Acid
9629,1-(3
9630,3-Dimethylcyclohexyl) Ethyl
9631,Ethyl Ester (Fruity White Musk Note)
9632,Dipropylene Glycol (Functional / Solvent)
9633,Pentaerythrityl Tetra-Di-T-Butyl-Hydroxyhydrocinnamate (Functional / Antioxidant)
9634,Isopropyl Myristate (Functional / Solvent).']
9635,['Twilly d’Hermès Eau de Parfum:'
9636,'Eau des Merveilles Eau de Toilette:'
9637,'Un Jardin sur le Nil Eau de Toilette:'
9638,['Un Jardin sur la Lagune
9639,Eau de toilette:'
9640,'Un Jardin sur le Nil
9641,'Un Jardin en Mediterranee Eau de toilette:'
9642,CI 42090 (Blue 1).'
9643,'Le Jardin de Monsieur Li
9644,'Percent alcohol: 75%']
9645,Benzyl Benzoate']
9646,Ci 60730 (Ext Violet 2).']
9647,Disodium Edta'
9648,'.'
9649,'79% alcohol by volume.']
9650,CI 19140 (Yellow 5).'
9651,'Percent alcohol: 79% vol.']
9652,'Percent alcohol: 80% vol.']
9653,'Percent alcohol: 77% vol.']
9654,Evernia Prunastri (Oakmoss) Extract.']
9655,']
9656,Cinnamal.'
9657,'Percent alcohol: 78% vol.']
9658,Ppg-1-Peg-9 Lauryl Glycol Ether
9659,Ceteareth-60 Myristyl Glycol
9660,Illicium Verum Fruit Extract
9661,Triethoxycaprylylsilane. May Contain (+/-): Iron Oxides (Ci 77491
9662,Trimethylsiloxysilicate. May Contain (+/-): Bismuth Oxychloride (Ci 77163)
9663,Hdi/Trimethylol   Hexyllactone   Crosspoly-Mer
9664,Polymethyl   Methacrylate
9665,Sodium   Dehydroacetate
9666,C13-14  Isoparaffin
9667,Benzoic  Acid
9668,Alumina.']
9669,CetylPeg/Ppg-10/1 Dimethicone
9670,VinylDimethicone/Methicone Silsesquioxane Crosspolymer
9671,'Polyacrylamide
9672,Trimethylsiloxysilicate. May Contain (+/-): Red 7 Lake (Ci 15850)
9673,Illicium Verum (Anise) Fruit Extract/Illicium Verum Fruit Extract
9674,Sodium Dehydroacetate. May Contain (+/-): Bismuth Oxychloride (Ci 77163)
9675,Methyl Perfluorobutyl Ether
9676,Dimethicone/Methicone Copolymer
9677,Lavandula Stoechas Extract
9678,Xanthan Gum. May Contain (+/-): Iron Oxides (Ci 77491
9679,Lauryl Peg-10 Tris(Trimethylsiloxy)Silylethyl Dimethicone
9680,'Denat.
9681,Phenoxyethanol. May Contain (+/-): Iron Oxide (Ci 77499).']
9682,'Flavor/Aroma
9683,Butyrospermum Parkii (Shea) Butter/Butyrospermum Parkii Butter
9684,'Calcium Titanium Borosilicate
9685,Palmitoyl'
9686,'Tripeptide-38
9687,Persea Gratissima'
9688,'(Avocado) Oil/Persea Gratissima Oil
9689,Ricinus Communis (Castor) Seed'
9690,'Oil/Ricinus Communis Seed Oil
9691,'Synthetic Wax
9692,Bht. May Contain (+/-): Titanium Dioxide (Ci 77891)
9693,['Ppg-3 Benzyl Ether Myristate
9694,Acrylates/Ethylhexyl  Acrylate  Copolymer
9695,Alcohol  Denat.
9696,Glyceryl  Stearate
9697,Glyceryl  Stearate  Se
9698,Vp/Eicosene  Copolymer
9699,Copernicia  Cerifera  (Carnauba)  Wax/Copernicia  Cerifera  Cera
9700,Stearic  Acid
9701,Butyrospermum  Parkii  (Shea)  Butter
9702,Ricinus  Communis  (Castor)  Seed  Oil
9703,Methylglucamine
9704,Tin Oxide. May Contain'
9705,'Ci 77491 (Iron Oxides)
9706,Ci 75470 (Carmine)']
9707,Geranium (Geranium Maculatum) Oil
9708,Dioctyl Succinate
9709,Panthenyl Triacetate
9710,Vanilla (Vanilla Planifolia) Oil
9711,Clove (Eugenia Caryophyllus) Oil
9712,Orange (Citrus Aurantium Dulcis) Peel Oil
9713,Petitgrain (Citrus Reticulata) Oil
9714,Amyris (Amyris Balsamifera) Oil
9715,Benzoin Siam Absolute
9716,Aniba Rosaeodora Wood Oil
9717,Lemon (Citrus Medica Limonum) Peel Oil
9718,Eucalyptus Globulus Oil
9719,Rosemary (Rosmarinus Officinalis ) Leaf Oil
9720,Bois De Rose (Aniba Rosaeodora) Oil
9721,Cedar (Thuja Occidentalis) Leaf Oil
9722,Ceramide-3
9723,Ylang Ylang (Cananga Odorata) Oil
9724,Lithospermum Officinale Root Extract
9725,Borage (Borago Officinalis) Seed Oil
9726,Cherry (Prunus Avium) Pit Oil
9727,Evening Primrose Oil
9728,Green Tea (Camellia Sinensis) Oil
9729,Hazelnut (Corylus Americana) Oil
9730,Jojoba (Simmondsia Chinensis) Oil
9731,Kukui (Aleurites Moluccana) Nut Oil
9732,Olive (Olea Europaea) Oil
9733,Rose Hips Seed Oil
9734,Sweet Almond (Prunus Amygdalus Dulcis) Oil
9735,Rose Geranium (Pelargonium Roseum) Oil
9736,Water/Aqua
9737,Prunus Amygdalus Dulcis (Sweet Almond) Oil/Prunus Amygdalus Dulcis Oil
9738,Aleurites Moluccana Seed Oil/Aleurites Moluccanus Seed Oil
9739,Aniba Rosaeodora (Rosewood) Wood Oil/Aniba Rosaeodora Wood Oil
9740,Citrus Aurantium Dulcis (Orange) Peel Oil/Citrus Aurantium Dulcis Peel Oil
9741,Citrus Limon (Lemon) Peel Oil/Citrus Limon Peel Oil
9742,Citrus Reticulata (Tangerine) Leaf Oil/Citrus Reticulata Leaf Oil
9743,Corylus Avellana (Hazel) Seed Oil/Corylus Avellana Seed Oil
9744,Eugenia Caryophyllus (Clove) Leaf Oil/Eugenia Caryophyllus Leaf Oil
9745,Helianthus Annuus (Sunflower) Extract/Helianthus Annuus Extract
9746,Helianthus Annuus (Sunflower) Seed Oil /Helianthus Annuus Seed Oil
9747,Lavandula Angustifolia (Lavender) Oil/Lavandula Angustifolia Oil
9748,Oenothera Biennis (Evening Primrose) Oil/Oenothera Biennis Oil
9749,Olea Europaea (Olive) Fruit Oil/Olea Europaea Fruit Oil
9750,Oryza Sativa (Rice) Bran Extract/Oryza Sativa Bran Extract
9751,Prunus Avium (Sweet Cherry) Seed Oil/Prunus Avium Seed Oil
9752,Rosmarinus Officinalis (Rosemary) Leaf Extract/Rosmarinus Officinalis Leaf Extract
9753,Rosmarinus Officinalis (Rosemary) Leaf Oil/Rosmarinus Officinalis Leaf Oil
9754,Simmondsia Chinensis (Jojoba) Seed Oil/ Simmondsia Chinensis Seed Oil
9755,Styrax Benzoin Gum
9756,['Methyl Trimethicone
9757,Trimethylpentanediol/Adipic
9758,Acid/Glycerin Crosspolymer
9759,Hydrogenated Sunflower Seed Oil
9760,Silica. May Contain (+/-): Red 7 Lake (Ci 15850)
9761,Bronze Powder (Ci 77400).']
9762,Red 6 Lake (Ci 15850).']
9763,Euphorbia Cerifera (Candelilla) Wax/Euphorbia Cerifera Cera
9764,['I Cherish:'
9765,'You Inspire:'
9766,Copernicia Cerifera (Carnauba) Wax/Copernicia Cerifera Wax
9767,Ci 77491).']
9768,Helianthus Annuus Seed Wax
9769,['Slip 125:'
9770,'Rouse 180:'
9771,Lecithin.']
9772,Hdi/Trimethylol  Hexyllactone  Crosspolymer
9773,Polymethyl  Methacrylate
9774,Magnesium     Aluminum Silicate
9775,Sorbitan  Sesquioleate
9776,Tin  Oxide
9777,Sodium  Dehydroacetate
9778,Titanium Dioxide (Ci  77891)
9779,Iron  Oxides (Ci 77491
9780,Phoenix Dactylifera (Date) Seed Extract
9781,Phosphatidylglycerol
9782,Agastache Mexicana Flower/Leaf/Stem Extract
9783,Carbon Black (Ci 77266).']
9784,Red 33 Lake (CI 17200).']
9785,['Avobenzone 2%
9786,Homosalate 9.9%
9787,Octinoxate 7.5%
9788,Octisalate 3.0%
9789,Glyceryl Cocoate
9790,Polyglyceryl-10 Mono/Dioleate
9791,Polyglyceryl-3 Oleate
9792,Red 33 Lake (Ci 17200).']
9793,['Equilibrium Rebalancing Cream Cleanser:'
9794,Bht.'
9795,'Equilibrium Restorative Hydrating Cream:'
9796,Dipentaerythrityl Hexahydroxystearate/ Hexastearate/ Hexarosinate
9797,Lecithin.'
9798,'Equilibrium Intensive Hydrating Eye Balm:'
9799,Dipentaerythrityl Hexahydroxystearate/ Hexastearate/Hexarosinate
9800,'Restoring Essence:'
9801,Calcium Pca
9802,'Biomimetic Skin Active Serum:'
9803,Angelica Polymorpha Sinensis Root Extract
9804,Glycine Soja Sterols
9805,['Synthetic Fibers
9806,Cotton Nylon Band.']
9807,['Methyl Methacrylate Crosspolymer
9808,Sodium Acrylate Copolymer
9809,Methylacrylate-Acid
9810,Eau).']
9811,Oryza Sativa Starch/Oryza Sativa (Rice) Starch
9812,['crave
9813,fantasy
9814,daydream
9815,charmed'
9816,'mica
9817,calcium sodium borosilicate
9818,dimethicone
9819,diisostearyl malate
9820,c20-24 alkyl dimethicone
9821,zinc stearate
9822,octyldodecyl stearoyl stearate
9823,trimethylsiloxysilicate
9824,pentylene glycol
9825,glyceryl caprylate
9826,tin oxide
9827,glyceryl undecylenate
9828,[+/- ci 77891 (titanium dioxide)
9829,ci 77491 (iron oxides)
9830,ci 75470 carmine].'
9831,'bare
9832,play
9833,tease
9834,tickle
9835,teddy
9836,secret
9837,lace
9838,raw
9839,love bite
9840,spanked'
9841,zea mays (corn) starch
9842,silica
9843,magnesium myristate
9844,octyldodecanol
9845,c30 45 alkyl dimethicone
9846,bis-diglyceryl polyacyladipate-2
9847,decylene glycol
9848,aloe barbadensis leaf extract
9849,cocos nucifera (coconut) oil
9850,simmondsia chinensis (jojoba) seed oil
9851,diethylhexyl syringylidenemalonate
9852,caprylic/capric triglyceride
9853,[+/- titanium dioxide (ci 77891)
9854,red 40 lake (ci 16035)
9855,blue 1 lake (ci 42090)
9856,yellow 5 lake (ci 19140)
9857,iron oxides (ci 77491)
9858,iron oxides (ci 77499)
9859,iron oxides (ci 77492)
9860,carmine (ci 75470)
9861,manganese violet (ci 77742)
9862,ultramarines (ci 77007)]. kinky: mica
9863,cetearyl ethylhexanoate
9864,acacia decurrens/jojoba/sunflower seed cera/polyglyceryl 3 esters
9865,titanium dioxide (ci 77891)
9866,ferric ferrocyanide (ci 77510).'
9867,'infatuated'
9868,'polyethylene terephthalate
9869,mica
9870,polybutene
9871,vp/hexadecene copolymer
9872,dimethiconol
9873,stearyl dimethicone
9874,polyurethane-11
9875,acrylates copolymer
9876,ci 77510 (ferric ferrocyanide)
9877,ci 16035 (red 40 lake)
9878,ci 77000 (aluminum powder).'
9879,'concealed'
9880,'octyldodecanol
9881,cera microcristallina/microcrystalline wax/cire microcristalline
9882,magnesium carbonate
9883,sorbitan sesquioleate
9884,synthetic beeswax
9885,cera alba/beeswax/cire d’abeille
9886,polyhydroxystearic acid
9887,stearyl stearate
9888,cetyl palmitate
9889,stearyl palmitate
9890,cetyl stearate
9891,stearic acid
9892,cera carnauba/copernicia cerifera (carnauba) wax/cire de carnauba
9893,ci 77891 (titanium dioxide)
9894,hydrogenated polyisobutene
9895,synthetic wax
9896,behenic acid
9897,helianthus annuus (sunflower) seed oil
9898,oryza sativa (rice) bran wax
9899,nylon-12
9900,beta-sitosterol
9901,ci 77492 (iron oxides)
9902,squalene
9903,ci 77491 (iron oxides). [+/- ci 77499 (iron oxides)
9904,ci 16035 (red 40 lake)].'
9905,'excite'
9906,ci 77000 (aluminum powder).']
9907,['Tan Matte (1):'
9908,OctyldodecylStearoyl Stearate
9909,'Gold Shimmer (2):'
9910,EthylhexylPalmitate
9911,'Chestnut Brown Matte (3)
9912,Warm Coral Matte (4)
9913,Dark Brown Matte (6):'
9914,Caprylyl Glycol May Contain (+/-) Titanium Dioxide (Ci 77891)
9915,'Copper Shimmer (5):'
9916,'Pink Shimmer (7):'
9917,'Terracotta Matte (8):'
9918,'Dark Brown Shimmer (9):'
9919,TitaniumDioxide (Ci 77891)
9920,['Room Service:'
9921,Ci 42090 (Blue 1 Lake).'
9922,'Do Not Disturb:'
9923,'Water / Aqua / Eau
9924,Pentaerythrityl Tetra-Di-T-Butyl Hydroxyhydrocinamate
9925,Ci 15985 (Yellow 6 Lake).]']
9926,'Glycyrrhiza Glabra (Licorice) Leaf Extract
9927,Dictyopteris Polypodioides Extract
9928,Pentaerythrityl Tetra-Di-T-Butyl'
9929,Silica. May Contain (+/-): Yellow 5 Lake (Ci 19140)
9930,Iron Oxides/Ci 77491
9931,Iron Oxides/Ci 77492
9932,Iron Oxides/Ci 77499
9933,Titanium Dioxide/Ci 77891.']
9934,['Dubai:'
9935,'Fling
9936,#Blessed:'
9937,Tin Oxide (Ci 77861). May Contain (+/-): Iron Oxides (Ci 77491
9938,'Trust Fund:'
9939,'Rose Gold:'
9940,'Pink Diamond:'
9941,'24K:'
9942,'Bronze Powder (Ci 77400)
9943,'Bubbly:'
9944,'Black Truffle:'
9945,'Moon Dust:'
9946,Acacia Decurrens/Jojoba/Sunflower Seed Cera/Polyglyceryl-3 Esters (Acacia Decurrens/Jojoba/Sunflower Seed Wax Polyglyceryl-3 Esters)
9947,'Sandalwood
9948,Henna
9949,Demure
9950,Doll Face
9951,Coco
9952,Suede
9953,Maneater
9954,Risqué:'
9955,Zea Mays Starch (Zea Mays (Corn) Starch)
9956,Simmondsia Chinensis Seed Oil (Simmondsia Chinensis (Jojoba) Seed Oil)
9957,Ci 77499
9958,Ci 42090 (Blue 1 Lake).']
9959,May Contain (+/-) Iron Oxides (Ci 77491
9960,Lycopene. May Contain (+/-) Iron Oxides (Ci 77491
9961,['Filthy
9962,Hypnotic
9963,Untamed
9964,Rough
9965,Spicy
9966,Arouse
9967,Naughty
9968,Juicy:'
9969,Bisdiglyceryl Polyacyladipate-2
9970,Dimethicone/Vinyl Dimethicone Crosspolymer.'
9971,'Passion:'
9972,Hydrogenated Soy Polyglycerides
9973,Coco Caprylate/Caprate
9974,Squalene.'
9975,'Shameless:'
9976,Simmondsia Chinensis Seed Oil.'
9977,'Please Me:'
9978,'Hard:'
9979,Cetyl Peg/Ppg10/1 Dimethicone
9980,'Irresistible:'
9981,Ethylhexyl'
9982,'Polyhydroxystearate
9983,'Flower Power:'
9984,'Slippery:'
9985,Pentaerythrityl'
9986,'Tetraisostearate
9987,Polymethylsesquioxane
9988,'Tantric:'
9989,HydrogenatedOlive Oil Unsaponifiables
9990,'Desire:'
9991,'May Contain (+/-) Ci 77891 (Titanium Dioxides)
9992,Ci 77510 (Ferric  Ferrocyanide)
9993,Ci 16035 (Red 40 Lake)
9994,Ci 77492 (Iron Oxides).']
9995,Trimethylsiloxysilicate. May Contain (+/-): Titanium Dioxide (Ci 77891)
9996,['Trimethylsiloxyphenyl Dimethicone
9997,Ci 19140 (Yellow 5 Lake)].']
9998,['Grape Matte (1)
9999,Violet Matte (9):'
10000,Ethylhexylglycerin. [+/-Iron Oxides (Ci 77491)
10001,Manganese Violet (Ci 77742)].'
10002,'Violet Shimmer (2)
10003,Lavender Shimmer (3)
10004,Coral Shimmer (4):'
10005,Ethylhexylglycerin [+/-Titanium Dioxide (Ci 77891)
10006,Iron Oxides (Ci 77491)].'
10007,'Peach Violet Swirl (6):'
10008,'Lavender Matte (7):'
10009,'Dusty rose matte (5)
10010,Peach Matte (8):'
10011,Ethylhex.']
10012,Cetyl
10013,Peg/Ppg-10/1 Dimethicone
10014,Sorbitan'
10015,'Sesquioleate
10016,Bambusa Arundinacea
10017,Stem Powder
10018,Alcohol. May Contain (+/-) Mica
10019,Titanium Dioxide (Ci 77891). Soft Pink Matte (2)
10020,Espresso Matte (4)
10021,Khaki Matte (5)
10022,Milk Chocolate Matte (7)
10023,Camel Matte (9): Mica
10024,Ethylhexylglycerin. May Contain (+/-) Iron Oxides (Ci 77491)
10025,Ultramarines (Ci 77007). Pink Green Duo-Chrome (3): Synthetic Fluorphlogopite
10026,Titanium Dioxide (Ci 77891). Olive Gold Shimmer (6): Mica
10027,Titanium Dioxide (Ci 77891). Copper Shimmer (8): Calcium Aluminum Borosilicate
10028,Butyl Stearate
10029,Tin Oxide. May Contain (+/-) Mica
10030,['Quartz:'
10031,Gratitude
10032,Precious
10033,Happiness
10034,Mantra
10035,Serenity
10036,Radiate:'
10037,'Cosmic Love:'
10038,C15-23 Alkane.'
10039,'Empowered:'
10040,'Joy:'
10041,Decylene Glycol.'
10042,'Energized:'
10043,Simmondsia Chinensis (Jojoba) Seed Oil.'
10044,'Love Stone:'
10045,Ascorbyl Palmitate.'
10046,'Cherished:'
10047,Dimethiconol Stearate
10048,'Blissful:'
10049,'Abundance:'
10050,Tin Oxide. Moon Magic - Calcium Aluminum Borosilicate
10051,'Self Love:'
10052,'All - May Contain (+/-) Ci 16035 (Red 40 Lake)
10053,['Purpose (1):'
10054,'Cocoglycerides
10055,'Courageous (2):'
10056,Caprylhydroxamic Acid.'
10057,'Limitless (3):'
10058,'Confident (4):'
10059,'Charisma (5):'
10060,'Keep Going (6)
10061,Power (11)
10062,Get It! (12)
10063,Best Self (17)
10064,Legacy (18):'
10065,'Big Dreams (7)
10066,Rebel (14)
10067,Winner (15):'
10068,'Manifest It! (8):'
10069,'Bold Moves (9):'
10070,'Do It! (10):'
10071,'Worthy (13):'
10072,'Visionary (16):'
10073,Squalene. May Contain (+/-) Red 40 Lake/Ci 16035
10074,Yellow 5 Lake/Ci 19140
10075,Blue 1 Lake/Ci 42090
10076,Carmine/Ci 75470
10077,Aluminum Powder/Ci 77000
10078,Ultramarines/Ci 77007
10079,Copper Powder/Ci 77400
10080,Manganese Violet/Ci 77742
10081,Capsicum Annuum Extract
10082,['Volume:'
10083,Stearyl Palmitate
10084,Laureth-20
10085,Black 2 (Ci 77266).'
10086,'Curl and Length:'
10087,Cetyl Dimethicone/Bis-Vinyldimethicone Crosspolymer
10088,Titanium Dioxide/Ci 77891
10089,Bismuth Oxychloride/Ci 77163
10090,Iron Oxides/Ci 77499.']
10091,Carthamus Tinctorius (Safflower) Seed Oil [Carthamus Tinctorius Oil]
10092,Tin Oxide. May Contain (+/-) Titanium Dioxide/Ci 77891
10093,Red 6/Ci 15850
10094,Red 7/Ci 15850
10095,Red 28 Lake/Ci 45410
10096,Yellow 5 Lake/Ci 19140.']
10097,Ammonium Trideceth-6 Phosphate
10098,Tbutyl Alcohol.']
10099,Bisbehenyl/Isostearyl/Phytosteryl Dimer Dilinoleyl Dimer Dilinoleate
10100,Iron Oxides/Ci77499
10101,Iron Oxides/Ci 77491.']
10102,Butyl Ester Ofpvm/Ma Copolymer
10103,Isopropyl Ester Of PVM/Ma Copolymer
10104,N-Butylalcohol
10105,Citronellyl Methylcrotonate. May Contain (+/-) Red 6/Ci 15850
10106,Red 6 Lake/Ci 15850
10107,Red 7 Lake/Ci 15850
10108,['Bright Orange
10109,Purple Matte
10110,Purple Brown Matte
10111,Orange Matte
10112,and Punchy Pink Matte:'
10113,'Orange & Purple Shimmer:'
10114,Triethoxycaprylylsilane.'
10115,'Orange Shimmer and Purple Shimmer:'
10116,Calcium Sodium Borosilicate.'
10117,'3D Gold Shimmer:'
10118,Chondrus Crispus(Carrageenan)
10119,PEG-26-PPG-30 Phosphate
10120,Tin Oxide. May Contain (+/-) Red 40 Lake (CI 16035)
10121,Sodium Salicylate. May Contain (+/-) Iron Oxides/Ci 77491
10122,Opuntia Tuna Fruit (Prickly Pear) Extract
10123,Red 33/Ci 17200.']
10124,Cotton Band.']
10125,Cellulose Gum.']
10126,['Power Bullet Matte Lipstick:'
10127,'Liquid Matte Liquid Lipstick:'
10128,'Lip Contour 2.0 Automatic Lip Pencil:'
10129,['Blood Orange Matte:'
10130,'Eggplant Matte:'
10131,'Orange Matte:'
10132,'Purple Metallic:'
10133,'Duo Metallic - Purple:'
10134,'Duo Metallic - Orange:'
10135,'Purple Cake Liner:'
10136,'Lilac Matte:'
10137,'Bright Orange Matte:'
10138,'Purple & Orange Flakes:'
10139,'May Contain (+/-) Red 40 Lake / Ci 16035
10140,Yellow 5 Lake / Ci 19140
10141,Blue 1 Lake / Ci 42090
10142,Carmine / Ci 75470
10143,Ultramarines / Ci 77007
10144,Iron Oxides / Ci 77492
10145,Iron Oxides / Ci 77499
10146,Bismuth Oxychloride / Ci 77163
10147,Ferric Ferrocyanide / Ci 77510
10148,Manganese Violet / Ci 77742
10149,Titanium Dioxide / Ci 77891.']
10150,Ppg-2-Deceth-30
10151,Black 2/Ci 77266 (Nano).']
10152,['Deep Brown Matte:'
10153,'Warm Brown Matte:'
10154,'Swirl Pearl:'
10155,Candelilla Wax Hydrocarbons
10156,'Beige Matte
10157,Brown Matte
10158,Salmon Pink Matte:'
10159,'Purple Shimmer:'
10160,'Pink Shimmer:'
10161,Phenoxyethanol. May Contain (+/-) Red 40 Lake/CI 16035
10162,Yellow 5 Lake/CI 19140
10163,Carmine/CI 75470
10164,Black 2 [Nano]/CI 77266
10165,Iron Oxides/CI 77491
10166,Iron Oxides/CI 77492
10167,Iron Oxides/CI 77499
10168,['Muted Pink:'
10169,May Contain (+/-) Red 40 Lake/CI 16035
10170,Ultramarines/CI 77007
10171,Titanium Dioxide/CI 77891.'
10172,'Light Purple Cream
10173,Medium Purple Cream:'
10174,'Purple:'
10175,'Muted Pink:'
10176,'Rich Purple:'
10177,'Light Pink:'
10178,'Beige:'
10179,'Mauve:'
10180,Glycyrrhiza Glabra (Licorice) Leaf Extract
10181,Blue 1 Lake/Ci 42090.']
10182,Cocos Nucifera (Coconut) Liquid Endosperm /Cocos Nucifera (Coconut) Water
10183,Benzyl Salicylate.M10']
10184,['Rubber Latex
10185,Iron Oxide/CI 77499.']
10186,['Hydrogenated Castor Oil/Sebacic Acid Copolymer
10187,Zanthoxylum Bungeanum (Sichuan Pepper) Fruit Extract
10188,Red 40 Lake/Ci 16035
10189,Black 2/CI 77266 (Nano)
10190,Ferric Ammonium Ferrocyanide/CI 77510.']
10191,['Biotin
10192,B-12
10193,PABA
10194,Zinc
10195,Fo-Ti Extract
10196,Evaporated Cane Juice
10197,Organic Fruit Powder Blend (Organic Strawberry
10198,Organic Raspberry
10199,Organic Blueberry
10200,Organic Tart Cherry
10201,Organic Pomegranate
10202,Organic Cranberry
10203,Organic Orange
10204,Organic Lemon)
10205,Natural Flavor (Mixed Berry)
10206,Natural Color
10207,Vegetable Oil
10208,Carnauba Wax.']
10209,['Konjac Root Extract (Amorphophallus Konjac)
10210,Proprietary Formula Containing: Bacillus Subtilis De111
10211,Lactobacillus Acidophilus (La-14)
10212,Bacillus Coagulans (Snz1969)
10213,Lactobacillus Paracasei (Lpc-37)
10214,Bifidobacterium Lactis Hn019
10215,Bifidobacterium Lactis (Bi-07)
10216,Lactobacillus Salivarius (Ls-33)
10217,Lactobacillus Rhamnosus Hn001
10218,Bifidobacterium Lactis (Bi-04)
10219,Rice Dextrin
10220,Vegetable Capsule (Hypromellose
10221,Water)
10222,Mct (Medium-Chain Triglycerides).']
10223,['Zinc
10224,Selenium
10225,Copper
10226,Manganese
10227,Chlorella
10228,Spirulina
10229,MSM
10230,Beet Root Powder
10231,Red Clover Extract
10232,Dandelion Leaf
10233,Oregon Grape Root
10234,Milk Thistle Extract
10235,Matcha Green Tea
10236,Alpha Lipoic Acid.']
10237,['Protease 3.0
10238,Protease 4.5
10239,Protease 6.0
10240,Peptidase
10241,Neutral Bacterial Protease
10242,Papain; To Break Down Fats: Lipase; To Break Down Carbs: Amylase
10243,Glucoamylase
10244,Alpha-Galactosidase
10245,Invertase
10246,Diastase; To Break Down Fiber: Hemicellulase
10247,Cellulase An
10248,Beta-Glucanase
10249,Phytase; To Break Down Milk Sugar: Lactase. Herbal Blend: Ginger (Rhizome)
10250,Fennel (Seed)
10251,Peppermint (Leaf)
10252,Vegetable Capsule (Cellulose & Water)
10253,Rice Bran
10254,Sulfites.']
10255,['Blackcurrant Seed Oil (containing GLA and ALA)
10256,Vitamin E (from Sunflower Seed)
10257,Food Starch
10258,Carrageenan (from Edible Seaweed)
10259,Annatto.']
10260,['Cranberry PACs
10261,Lactobacillus Acidophilus
10262,Lactobacillus Rhamnosus
10263,Lactobaciilus Reuteri
10264,Microcrystalline Celluose
10265,Bamboo Extract (Bambusa Vulgaris)(Shoots).']
10266,['Red Carpet:'
10267,'Black Currant Seed Oil containing GLA and ALA
10268,Vitamin E from Sunflower Seed
10269,Carrageenan from Edible Seaweed
10270,Annatto.'
10271,'Killer Nails:'
10272,'Biotin
10273,Rice Flour
10274,Magnesium Stearate from Vegetable Source
10275,['Vitamin C (Ascorbic Acid)
10276,Potassium Bicarbonate
10277,Sunflower Oil
10278,Stevia
10279,Beet Powder
10280,Acacia
10281,Magnesium Stearate (Vegetable Source)
10282,['Evaporated Cane Juice
10283,Vegetable Glycerin
10284,Natural Orange Flavor
10285,Natural Annatto Color
10286,['Tapioca Syrup
10287,Cane Sugar
10288,Medium Chain Triglycerides (MCT)
10289,Sodium Malate
10290,Organic Tapioca Starch
10291,Vegetable Juice (Color).']
10292,Collagen Peptide Hydro-Matrix Blend (Includes Types I and III Collagen)
10293,Skin Repair and Protection Blend (Chondroitin Sulfate
10294,Red Wine Extract
10295,Grape Seed Extract)
10296,Gelatin Capsule
10297,Magnesium Stearate (Vegetable Source).']
10298,['L-Theanine
10299,Ashwagandha (Withania Somnifera) Root And Leaf Extract
10300,Locust Bean Gum; Less Than 2% Of: Citric Acid
10301,Natural Cherry Flavor
10302,Grape Juice Color
10303,Monk Fruit Extract
10304,Sunflower Oil.']
10305,['Ceramosides Oil
10306,Valerian Extract
10307,Passion Flower Extract
10308,Hops Extract
10309,Ubiquinol
10310,Trans-Ferulic Acid
10311,Vegetarian Capsule (Modified Starch
10312,Purified Water and Carmel)
10313,Peppermint Oil and Candelilla Wax.']
10314,['Forskolin
10315,Seaweed Extract
10316,Chromium
10317,Rice Flour.']
10318,['Pea Protein
10319,Hemp Seed Protein
10320,Pumpkin Seed Protein
10321,Flax Seed Powder
10322,Amylase
10323,Protease
10324,Lactase
10325,Cellulase
10326,L. Acidophilus
10327,Guar Gum
10328,['Grape seed extract
10329,lactobacillus plantarum DR7
10330,ERr731
10331,vegetarian capsule (hypromellose
10332,water).']
10333,['Chasteberry Tree Extract
10334,Dong Quai
10335,['Prenatal:'
10336,'Vitamin A
10337,Vitamin C
10338,Vitamin D3
10339,Vitamin K
10340,Vitamin
10341,K1
10342,Vitamin K2
10343,Vitamin B1
10344,Vitamin B-2
10345,Vitamin B3
10346,Vitamin B-6
10347,Vitamin B12
10348,Folate
10349,Iron
10350,Iodine
10351,Magnesium
10352,Molybdenum
10353,Choline
10354,Baron.'
10355,'DHA:'
10356,'Algal Oil
10357,Docosahexaenoic Acid (DHA).']
10358,['Rhodiola Rosea Root Extract
10359,Magnesium Stearate (vegetable source).']
10360,['Omega 3 Fish Oil (with EPA and DHA)
10361,['Vitamin B5
10362,L-Tyrosine
10363,Eleuthero
10364,Ashwagandha
10365,Ginger
10366,Licorice
10367,Astragalus
10368,Gotu Kola
10369,Schizandra
10370,['Milk Thistle Extract
10371,Dandelion Root
10372,Artichoke Leaf
10373,Cellulose Powder
10374,Magnesium.']
10375,['Vitamin D3
10376,Olive Oil
10377,Tapioca
10378,Skin-Nurturing Complex Proprietary Blend (Polypodium Leucotomos Extract
10379,ALA
10380,Green Tea Extract
10381,Turmeric
10382,Lutein)
10383,Vegetarian Capsule
10384,['Lingonberry Seed Oil containing Omega-3 Alpha Linolenic Acid
10385,Omega-6 Linoleic Acid
10386,Omega-9 Oleic Acid
10387,Vitamin E from Gamma-Tocotrienol
10388,Vitamin A from Beta Carotene
10389,Modified Non-GMO Maize Starch
10390,Carrageenan from Red Algae
10391,Rosemary Extract.']
10392,3-0-Ethyl Ascorbic Acid (Vitamin C)
10393,Kojic Acid
10394,Ocimum Basilicum (Basil) Flower Leaf Extract
10395,Arbutin
10396,Chamomilla.']
10397,Arctostaphylos Uva-Ursi (Bearberry) Leaf Extract
10398,Hippophae Rhamnoides (Sea Buckthorn) Oil
10399,Lactobacillus Papaya Fruit Ferment Extract
10400,Salix Alba (Willow Bark) Extract
10401,['Hyper Even Gentle Brightening Cleansing Gel:'
10402,Tocopherol (Vitamin E).'
10403,'Hyper Even Brightening Dark Spot Vitamin C Serum:'
10404,['Hydrogenated Didecene Isododecane Hydrogenated Polyisobutene Mica Hydrogenated Polycyclopentadiene Hydrogenated Styrene/Isoprene Copolymer Triethoxycaprylylsilane 1
10405,2-Hexanediol Caprylyl Glycol May Contain: CI 77491 (Iron Oxides) CI 77891 (Titanium Dioxide).']
10406,Cetyl Peg/Ppg 10/1 Dimethicone
10407,Polysilicone 11
10408,Citric Acid. May Contain +/ +/--: CI 77 891 (Titanium Dioxide)
10409,['Glitter:'
10410,Ci 77491 (Iron Oxides).'
10411,'Crayon:'
10412,Theobroma Cacao Extract (Theobroma Cacao (Cocoa) Extract)
10413,Butyrospermum Parkii Butter Unsaponifiables (Butyrospermum Parkii (Shea) Butter Unsaponifiables)
10414,Tripeptide-3
10415,Palmitoyl Tetrapeptide-10. May Contain (+/-): Ci 77891 (Titanium Dioxide)
10416,PEG-40 Hydrogenated castor oil
10417,Chamomilla Recutita Flower Extract
10418,PEG-20 Glyceryl Laurate
10419,Chlorophenesin
10420,Diethylhexyl Syringlylidenemalonate
10421,Dimethicone/Vinyl Dimethicone'
10422,Magnesium'
10423,'Sulfate
10424,Prunus Persica Flower Extract (Prunus Persica (Peach)'
10425,'Flower Extract)
10426,Pisum Sativum Extract'
10427,'(Pisum Sativum (Pea) Extract)
10428,Camellia'
10429,'Sinensis Leaf Extract
10430,Citric Acid. May Contain (+/-): Ci 77891 (Titanium Dioxide)
10431,'77499 (Iron Oxides).']
10432,Glutathione. May Contain (+/-): Ci 77891 (Titanium Dioxide)
10433,['C21-28 Alkane
10434,['Blusher:'
10435,Cocos Nucifera (Coconut) Oil (Cocos Nucifera Oil)
10436,Sodium Hydroxide. May Contain (+/-): Ci 77891 (Titanium Dioxide)
10437,Ci 73360 (Red 30 Lake).'
10438,'Highlighter:'
10439,['Prep-Set-Glow:'
10440,Potassium Sorbate'
10441,'Illuminator:'
10442,'Hydrogenated Didecene Isododecane Hydrogenated Polyisobutene Mica Hydrogenated Polycyclopentadiene Hydrogenated Styrene/Isoprene Copolymer Triethoxycaprylylsilane 1
10443,2-Hexanediol Caprylyl Glycol May Contain: CI 77491 (Iron Oxides) CI 77891 (Titanium Dioxide)']
10444,['Powder: Synthetic Fluorphlogopite
10445,'Cream: Polymethylsilsesquioxane
10446,Helianthus Annuus Seed Oil (Helianthus Annuus (Sunflower) Seed Oil)
10447,Tocopherol. May Contain (+/-): CI 77891 (Titanium Dioxide)
10448,CI 19140 (Yellow 5 Lake).']
10449,['Hydrogenated Didecene
10450,Pentaerythrityl Tetra-Di-T-Butyl Hydroxyhydrocinnamate. (May Contain +/-): Ci 77891 (Titanium Dioxide)
10451,Euphorbia Cerifera (Candelilla) Wax [Euphorbia Cerifera Cera]
10452,Acacia Senegal Gum [Acacia Senegal]
10453,Butyrospermum Parkii (Shea) Butter [Butyrospermum Parkii Butter]
10454,Simmondsia Chinensis (Jojoba) Seed Oil [Simmondsia Chinensis Seed Oil]
10455,Copernicia Cerifera (Carnauba) Wax [Copernicia Cerifera Wax]
10456,Oligopeptide-2.']
10457,Peg-20 Glyceryl Laurate
10458,Cl 77891 (Titanium Dioxide)
10459,Cl 77491 (Iron Oxides).']
10460,Disodium Deceth-6 Sulfosuccinate
10461,Laureth-30
10462,Brassica Campestris Seed Oil (Brassica Campestris (Rapeseed) Seed Oil)
10463,Linum Usitatissimum Seed Oil (Linum Usitatissimum (Linseed) Seed Oil)
10464,Tocopherol. May Contain (+/-): Ci 77492 (Iron Oxides)
10465,SD Alcohol 40-B (Alcohol Denat.)
10466,Butyl Ester of PVM/MA Copolymer
10467,Cetearamidoethyldiethonium Succinoyl Hydrolyzed Pea Protein
10468,sr-Spider Polypeptide-1
10469,Aloe Barbadensis (Aloe Vera) Flower Extract
10470,Rosa Canina (Rose Hip) Fruit Extract
10471,Achillea Millefolium (Yarrow) Extract
10472,Geranium Maculatum (Cranesbill) Extract
10473,Hamamelis Virginiana (Witch Hazel) Bark/Leaf/Twig Extract
10474,Melissa Officinalis (Balm Mint) Leaf Extract
10475,Quercus Alba (Oak) Bark Extract
10476,Sambucus Nigra Flower Water
10477,Macrocystis Pyrifera Extract
10478,Steartrimonium Chloride
10479,PEG-6 Methyl Ether Dimethicone
10480,Aminopropyl Dimethicone
10481,Hydrolyzed Pea Protein PG-Propyl Silanetriol
10482,Bis-PEG/PPG-20/5 PEG/PPG-20/5 Dimethicone
10483,Methoxy PEG/PPG-25/4 Dimethicone
10484,PEG-150/Decyl Alcohol/SMDI Copolymer
10485,Hydroxyethyl Cetearamidopropyldimonium Chloride
10486,Elaeis Guineensis (Palm) Butter
10487,Hedychium Coronarium (Ginger) Root Extract
10488,Passiflora Incarnata (Passion Flower) Extract
10489,Rheum Rhaponticum Root Extract
10490,PPG-1-PEG-9 Lauryl Glycol Ether
10491,Rice Oil Glycereth-8 Esters
10492,CI 77499 (Iron Oxide).']
10493,Eriophorum Spissum Flower/Stem Extract
10494,Methacryloyl Ethyl Betaine/Acrylates Copolymer
10495,Camellia Sinensis (Matcha Tea) Leaf Extract
10496,Aminopropyl Phenyl Trimethicone
10497,Geranium Robertianum Extract
10498,Disodium Cocoamphodipro-pionate
10499,Formic Acid
10500,Butyl Methoxy- dibenzoylmethane
10501,Trisodium HEDTA
10502,Bismuth Oxychloride (CI 77163).']
10503,Citrulline
10504,Dimethicone PG-Diethylmonium Chloride
10505,Isopropanolamine
10506,Dimethyl Stearamine
10507,Sea Water (Maris Aqua/Eau de mer)
10508,Lactobacillus/Date Fruit Ferment Extract
10509,Polyperfluoroethoxymethoxy Difluoroethyl PEG Phosphate
10510,['Mistress Hydrating Hair Balm:'
10511,'Mixed Feelings Leave In Blonde Toning Drops:'
10512,['Vitis Vinifera (Grape) Seed Oil
10513,Aristotelia Chilensis Seed Oil
10514,['Zinc Oxide 12%
10515,Polyglyceryl-3 Ricinoleate
10516,Niacinamide**
10517,Hydrolyzed Sodium Hyaluronate**
10518,Polyhydroxystearic Acid. May Contain/Peut Contenir (±): CI 77491
10519,Beeswax*
10520,Cera Carnauba/Copernicia Cerifera (Carnauba) Wax *
10521,Iron Oxide (Ci 77499).']
10522,Citrus Aurantium Dulcis (Orange) Peel Cera/Wax
10523,CI 45410 (Red 28)
10524,['Niacinamide: Visibly smooths and refines uneven texture and tone.'
10525,'Allantoin: Soothes the look of irritation and redness while supporting skin’s health.'
10526,'Aloe: Calms
10527,nourishes
10528,hydrates
10529,and adds a featherweight feel.'
10530,'Aloe Barbadensis Leaf Juice
10531,Oryza Sativa (Rice) Hull Powder
10532,Bisabolol. May Contain (+/-): CI 77891 (Titanium Dioxide)
10533,Acacia Decurrens Flower Cera/Wax
10534,Salicornia Herbacea Extract. May Contain/Peut Contenir (±): CI 15850 (Red 7 Lake)
10535,CI 16035 (Red 40 Lake).']
10536,Aesculus Hippocastanum (Horse Chestnut) Extract*
10537,Citric Acid. May Contain (+/-): CI 77891 (Titanium Dioxide)
10538,Hexadecane
10539,Phenethyl Alcohol. May Contain/Peut Contenir (±): CI 77891 (Titanium Dioxide)
10540,Citrus Tangerina (Tangerine) Peel Extract
10541,Citrus Junos Peel Extract
10542,Citrus Clementina Fruit Extract
10543,Hedychium Spicatum Extract
10544,Limonene. May Contain/Peut Contenir (±): CI 77891 (Titanium Dioxide)
10545,CI 73360 (Red 30 Lake). The following types of Styrene (Bromostyrene
10546,Deastyrene/acrylates/dvbcopolymer
10547,sodium styrene/divinylbenzene copolymer
10548,styrene oxide
10549,styrene)
10550,4 Dioxane in final formulas must comply with the thresholds as follows: (10 or < ppm for products that are meant to be rinsed off
10551,wiped off or removed
10552,3ppm or < for products that are meant to remain on the skin).']
10553,['Grace:'
10554,Malic Acid. May Contain/Peut Contenir (±): CI 77891 (Titanium Dioxide)
10555,CI 16035 (Red 40 Lake)
10556,CI 19140 (Yellow 5 Lake).'
10557,'Cocoon:'
10558,'1979:'
10559,'Unite:'
10560,'Hunter
10561,Lineup:'
10562,['Undecane
10563,Balanites Roxburghii Seed Oil*
10564,Magnesium Oxide. May Contain (+/-): Titanium Dioxide (Ci 77891)
10565,Linalool. May Contain (+/-): Titanium Dioxide (Ci 77891)
10566,['Zea Mays (Corn) Starch*
10567,Passiflora Incarnata (Passionfruit) Steam/Leaf
10568,Rosemary (Rosmarinus Officinalis) Leaf*
10569,Aloe Barbadensis Leaf Powder*
10570,['Zinc Oxide 10%
10571,Hydrogenated Lecithin. May Contain (+/-): CI 77491
10572,Cera Carnauba/Copernicia Cerifera (Carnauba) Wax/Cire de Carnauba
10573,Tocopherol. May Contain/Peut Contenir (±): CI 77499 (Iron Oxide).']
10574,Mango Butter Dimer Dilinoleyl Esters/Dimer Dilinoleate Copolymer
10575,Polyglyceryl-10 Decaoleate
10576,Polyglyceryl-10 Eicosanedioate/Tetradecanedioate
10577,Oryza Sativa (Rice) Starch*
10578,Maris Sea Water
10579,['(Castor) Seed Oil
10580,Jojoba Oil/Macadamia Seed Oil Esters
10581,['Aloe Barbadensis Leaf Juice*
10582,Maltose*
10583,Agave Tequilana Leaf Extract*
10584,Chondrus Crispus Extract*
10585,Pistacia Lentiscus (Mastic) Gum*
10586,Mica*
10587,Lithothamnion Calcareum Extract*
10588,Beta- Glucan*
10589,Titanium Dioxide (Ci 77891)*.']
10590,Beeswax (Cera Alba)*
10591,Sesamum Indicum (Sesame) Seed Oil*
10592,Citrus Aurantium Dulcis (Orange) Peel Wax
10593,Tocopherol. May Contain: Mica
10594,Iron Oxide (Ci77499
10595,Ci77491)
10596,Polyglyceryl-10Isostearate
10597,Polyglyceryl-10Laurate
10598,Trimethylpentanediol/Adipic Acid/Glycerin Crosspolymer
10599,CI 77499 (Iron Oxide)
10600,CI 77510 (Ferric Ammonium Ferrocyanide. DUSK:Dimethicone
10601,Dimethicone. May Contain/Peut Contenir (±): CI 77891 (Titanium Dioxide)
10602,CI 77491 (Iron Oxide)
10603,CI 77163 (Bismuth Oxychloride).']
10604,Calcium Gluconate. May Contain (+/-): Titanium Dioxide (Ci 77891)
10605,Aloe Barbadensis (Aloe Vera) Leaf Juice*
10606,Coco-caprylate
10607,Rosa Canina (Rosehip) Seed Oil*
10608,Vanilla Planifolia (Vanilla) Bean*
10609,Rosmarinus Officinalis (Rosemary) Leaf*
10610,Arnica Montana*
10611,Matricaria Chamomilla (Chamomile) Flowers*
10612,Phenethyl alcohol
10613,Oryza Sativa (Rice Bran) Cera
10614,Persea Gratissima (Avocado) Oil. (+/-) Yellow Ci 47005
10615,Blue No.1 Ci 42090
10616,Red No.28 Ci 45410.']
10617,Red 27 (Ci 45410).']
10618,Ci 15850 (Red 7 Lake).']
10619,Aluminum Benzoate. (+/-) Ci 77891
10620,Ci 77742
10621,Ci 45410
10622,Ci 15850
10623,Ci 15850:1
10624,Ci 73360.']
10625,['You Glow Girl Iridescent Jelly Highlighter in Cosmic Blur:'
10626,Red Iron Oxide (Ci 77491).']
10627,['Polyisobutene
10628,Triethylhexyl Trimellitate
10629,C30-45 Olefin
10630,D&C Red No.7 ( Ci 15850).']
10631,Chondrus Crispus (Seaweed) Extract
10632,Nephrite Powder
10633,Silver
10634,Ci 77000 (Aluminum)
10635,Polyurethane-11
10636,Quaternium-18 Hectorite
10637,['Red Jelly:'
10638,Perseagratissima (Avocado) Oil
10639,Perfume.'
10640,'Inner-Gold:'
10641,Candelilla Cera
10642,Copernicia Cerifera Cera
10643,Perfume.']
10644,Palmitoyl Tripeptide-1. (+/-): Titanium Dioxide (Ci 77891)
10645,Black Iron Oxide (Ci 77499).']
10646,Methylpropanediol Chondrus Crispus Extract
10647,Sodium Hyaluronate Crosspolymer. Hydrolyzed Glycosaminoglycans
10648,Cellulosé Gum
10649,Peg-60 Hydrogenated Castor Oil Nìacinamide
10650,2 Hexanediol Parfum (Fragrance)
10651,Cì'
10652,'42090 (Blue 1).']
10653,['Juicy Bits Boob Mask:'
10654,Rosa Canina (Rosehip) Seed Extract
10655,'Feeling Cheeky Bum Mask:'
10656,Sodium Borosilicate
10657,Parfum* (Fragrance)
10658,Ammonium Bicarbonate
10659,Hydrogenated vegetable oil
10660,Citrus Junos (Yuzu) Seed Oil
10661,Phosphatidylcholine
10662,Docosahexaenoic Acid
10663,Eicosapentaenoic Acid
10664,Citrus Junos (Yuzu) peel
10665,Sodium phytate
10666,Monascus Extract
10667,Isosorbide Dicaprylate
10668,Chenopodium Quinoa Seed Oil
10669,XanthanGum
10670,Crithmum Maritimum Callus Culture Filtrate
10671,Punica Granatum (Pomegranate) Seed Extract
10672,Ocimum Sanctum (Holy Basil) Leaf Extract
10673,Origanum Vulgare (Oregano) Oil
10674,Thymus Vulgaris (Thyme) Oil
10675,Curcuma Longa (Turmeric) Leaf Extract
10676,Pinus Pinaster (Pine) Bark Extract
10677,C18-36 Acid Triglyceride.']
10678,Sulfur
10679,Thymus Vulgaris (Thyme) Flower/Leaf Oil
10680,Origanum Vulgare (Oregano) Leaf Oil
10681,Cinnamomum Camphora Bark Oil
10682,Genipa Americana Extract
10683,N-Prolyl Palmitoyl Tripeptide-56 Acetate
10684,Centella asiatica Leaf Extract
10685,['Erythrorhizon Root Oil Ferment Filtrate
10686,Polyglyceryl-2 Isostearate/dimer Dilinoleate Copolymer
10687,Malus Domestica (Apple fruit extract)
10688,Water/ Aqua
10689,'2-Hexanediol.']
10690,Nicotiana Benthamiana Hexapeptide-40 sh-Polypeptide-76
10691,¬Glycyrrhiza Glabra (Licorice) Root Extract
10692,Cedrus Atlantica Bark Extract
10693,Silica Dimethyl Silylate. May Contain +/-: Titanium Dioxide CI 77891
10694,Pelargonium Graveolens Extract
10695,Alpha-Glucan
10696,Vaccinium Myrtillus (Bilberry) Fruit/Leaf Extract
10697,Arctium Lappa (Burdock) Root Extract
10698,Citrus Aurantifolia (Lime) Peel Extract
10699,Citrus Paradisi (Grapefruit) Peel Extract
10700,Impatiens Balsamina Flower Extract
10701,Glyceryl Olivate
10702,['KEEP IT CLEAN Hydrating Gel Cleanser:'
10703,Sodium Phytate.'
10704,'GREEN MACHINE Vitamin C Serum:'
10705,'SLUSHY Serum Moisturizer Crush:'
10706,'10+10 MORE-STURIZER:'
10707,Rosa Damascena (Damask Rose) Extract
10708,Rubius Idaeus (Raspberry) Fruit Extract
10709,Prunus Perscia (Peach) Fruit Extract
10710,Vanila Planifolia Fruit Extract
10711,Lauryl Glucoised
10712,Potassium Azeloyl Digyclinate
10713,Camellia Oleifera (Green Tea) Leaf Extract
10714,Sea Water Extract
10715,Spirulina Maxima (Spirulina) Extract
10716,['Water / Aqua / Eau
10717,Fragrance / Parfum
10718,Opuntia Coccinellifera Fruit Extract
10719,Camellia Japonica Leaf Extract
10720,Cetearylalcohol
10721,Polysorbate60
10722,Hydrogenated Vegetableoil
10723,Juglans Regia (Walnut) Shell Powder
10724,Lactic Acid/Glycolic Acidcopolymer
10725,Camellia Sinensis Seed Extract
10726,Poloxamer 235
10727,Tocophersolan
10728,Prunus Yedoensis Leaf Extract
10729,Ppg-13-Decyltetradeceth-24
10730,Lithium Magnesium Sodium Silicate (Nano)
10731,Colloidal Sulfur
10732,Polyquaternium-10.']
10733,Torreya Nucifera Seed Oil
10734,Sodium Cocoyl Alaninate
10735,Lauryl Hydroxysultaine
10736,Cyanocobalamin.']
10737,Rosa Centifolia Flower Extract.']
10738,Laurylhydroxysultaine
10739,Amellia Sinensis Leaf Extract
10740,Acrylates/Stearyl Methacrylate Opolymer
10741,Acorus Calamus Root Extract.']
10742,['Green Tea Hyaluronic Acid Hydrating Serum:'
10743,Sodium Acetylated Hyaluronate.'
10744,'Green Tea Hyaluronic Acid Hydrating Cream:'
10745,'Green Tea Seed Hyaluronic Acid Hydrating Toner:'
10746,'Water/Aqua/ Eau
10747,Ceramide Np.'
10748,'Green Tea Amino Acid Face Cleanser:'
10749,Ceramide Np.']
10750,['Triethylhexanoin
10751,* Utylene Glycol
10752,Peg100 Stearate
10753,Onsen-Sui
10754,Disodium Edta']
10755,'Pore Clearing Clay Mask:'
10756,Tocopheryl Acetate (Vitamin E Acetate)
10757,Methoxyphenyl t-Butylphenyl Propanediol
10758,Triethylene Glycol.']
10759,Aloe Barbadensis Extract*
10760,Citrus Grandis (Grapefruit) Peel Oil*
10761,Eucalyptus Globulus Leaf Oil*
10762,Salvia Hispanica Seed Oil*
10763,Salvia Officinalis (Sage) Oil*
10764,Triethylene Glycol
10765,CI 19140 (FD&C Yellow No.5)
10766,CI 42090 (FD&C Blue No.1)
10767,CI 16035 (FD&C Red No.40).']
10768,Cocos Nucifera (Coconut) Oil *
10769,Eucalyptus Globulus Leaf Oil *
10770,Mentha Piperita (Peppermint) Oil *
10771,Persea Gratissima (Avocado) Oil *
10772,CI 16035 (FD&C Red No.40)
10773,CI 19140 (FD&C Yellow No.5).']
10774,Salvia Hispanica (Chia) Seed Oil*
10775,Eucalyptus Globulus (Eucalyptus) Leaf Oil* Tropaeolum Majus Flower/Leaf/Stem Extract
10776,Aloe Barbadensis (Aloe Vera) Extract*
10777,['Medium Self-Tanning Water:'
10778,CI 16035 (FD&C Red No.40).'
10779,'Medium Self-Tanning Drops:'
10780,Agave Tequilana
10781,CI 17200 (D&C Red No.33)
10782,CI 15985 (FD&C Yellow No.6)
10783,CI 14700 (FD&C Red No.4).']
10784,Cananga Odorata (Ylang-Ylang) Flower Oil
10785,Lavandula Angustifolia (Lavender) Herb Oil
10786,CI 16035 (Red 40)
10787,Phenoxyethano
10788,['Light:'
10789,CI 19140 (FD&C Yellow No.5).'
10790,'Medium:'
10791,'Dark:'
10792,CI 42090 (FD&C Blue No.1).']
10793,PEG-40 Hydrogenated Caster Oil
10794,Retinyl Acetate
10795,Euphorbia Cerifera (Candelilla) Cera (Wax)
10796,Polyurethane-62
10797,CI 26100 (Red 17).']
10798,Alcohol Denat. (Alcohol)
10799,['Aqua (Water)Dihydroxyacetone
10800,CI 14700 (FD&C Red No.4)']
10801,Butyrospermum Parkii Butter / Shea Butter
10802,Hydroxypalmitoyl Sphinganine
10803,'Cetyl Alcohol
10804,Silica Dimethyl Silylate [Nano] / Silica Dimethyl Silylate
10805,Cera Microcristallina / Microcrystalline Wax / Cire Microcristalline
10806,'Magnesium Ascorbyl Phosphate
10807,'Aqua / Water / Eau
10808,'Chlorhexidine Digluconate
10809,'Sodium Citrate
10810,'Citric Acid
10811,[May Contain'
10812,'Ci 77891 / Titanium Dioxide Ci 77491
10813,Ci 77499 / Iron Oxides]']
10814,Snail Secretion Filtrate
10815,Silk Extract
10816,Titanium Dioxide 9%
10817,Zinc Oxide 6.3%
10818,[May Contain] Mica
10819,Titanium Dioxide V283863/1']
10820,Canadian Colloidal Clay
10821,Melaleuca Alternifolia (Tea Tree) Flower/Leaf/Stem Extract
10822,Palmitoyl Tetrapeptide- 7
10823,Titanium Dioxide 7.4%
10824,Zinc Oxide 6.3% [May Contain] Titanium Dioxide
10825,Iron Oxide V282466/1']
10826,'[May Contain / Peut Contenir: Ci 77491
10827,Ci 77499 / Iron Oxides Ci 77891 / Titanium Dioxide]']
10828,Citrus Aurantium Bergamia (Bergamot) Fruit Oi 1
10829,Biotin [May Contain]: Titanium Dioxide
10830,Theobroma Cacao Seed Butter / Cocoa Seed Butter
10831,Peg-20 Stearate
10832,Peg/Ppg/Polybutylene Glycol-8/5/3 Glycerin
10833,Ci 77007 / Ultramarines
10834,Ci 42090 / Blue 1
10835,['Lauroyl Lysine
10836,Serica Powder / Silk Powder / Poudre De Soie
10837,Glycine Soja Oil / Soybean Oil
10838,Aqua / Water / Eau
10839,Chamomilla Recutita Flower Extract / Matricaria Flower Extract
10840,Palmitoyl Tetrapeptide-7 [May Contain / Peut Contenir Mica
10841,Ci 19140 / Yellow 5 Lake]']
10842,[May Contain Ci 77891 / Titanium Dioxide Ci 77491
10843,Rosa Canina Flower Extract
10844,Cholesteryl Oleyl Carbonate
10845,Cholesteryl Nonanoate
10846,Cholesteryl Chloride
10847,[+/-: Titanium Dioxide (Ci 77891)
10848,Magnolia Acuminata Bark Extract
10849,Lithospermum Officinale Extract
10850,Agaricus Bisporus (Mushroom) Extract
10851,Octyldodecanolsynthetic Wax
10852,Biotin.']
10853,[+/-: Ci 77891/Titanium Dioxide
10854,Ci 15850/Red 7].']
10855,Copernicia Cerifera Cera/Carnauba Wax/Cire De Carnauba
10856,Oryza Sativa Cera/Rice Bran Wax
10857,Euphorbia Cerifera Cera/Candelilla Wax
10858,[+/-: Ci 77499/Iron Oxides].']
10859,Olea Europaea Leaf Extract
10860,Ci 77491)].']
10861,Ginger Root Extract
10862,Cereus Grandiflorus Flower Extract / Cactus Flower Extract
10863,Ceramide Ns
10864,Ceramide Eos
10865,Peg-55 Propylene Glycol Oleate
10866,Simmondsia Chinensis Seed Oil/Jojoba Seed Oil
10867,Ci 16035/Red 40
10868,Cereus Grandiflorus Flower Extract/Cactus Flower Extract
10869,[+/-: Ci 77491
10870,Ci 77288/Chromium Oxide Greens
10871,Ci 77510/Ferric Ferrocyanide].']
10872,Butyrospermum Parkii Butter/Shea Butter
10873,Secale Cereale Seed Extract / Rye Seed Extract
10874,Dipeptide Diaminobutyroyl Benzylamide Diacetate']
10875,Hydroxypropyl Tetrahydropyrantriol
10876,Silica [Nano]/Silica
10877,[+/-: Mica
10878,Ricinus Communis Seed Oil/Castor Seed Oil
10879,Silica Silylate [Nano]/Silica Silylate
10880,Bis-Dioctadecylamide Dimer Dilinoleic Acid/Ethylenediamine Copolymer
10881,[+/-:
10882,Ci 15850/Red 6].']
10883,Cocos Nucifera Fruit Juice/Coconut Fruit Juice
10884,Chamomilla Recutita Flower Extract/Matricaria Flower Extract
10885,Hamamelis Virginiana Water/Witch Hazel Water
10886,Avena Sativa Kernel Flour/Oat Kernel Flour
10887,Trisodium Edta.']
10888,Glycine Soja Oil/Soybean Oil
10889,Titanium Dioxide [Nano] / Titanium Dioxide
10890,Avena Sativa Kernel Extract / Oat Kernel Extract
10891,Curcuma Longa Root Extract / Turmeric Root Extract
10892,Anthemis Nobilis Flower Water
10893,Persea Gratissima Fruit Extract / Avocado Fruit Extract
10894,Vitis Vinifera Seed Extract / Grape Seed Extract
10895,Salix Alba Bark Extract / Willow Bark Extract
10896,Magnolia Kobus Bark Extract
10897,Chrysanthemum Indicum Flower Extract
10898,Glycine Soja Sprout Extract / Soybean Sprout Extract
10899,Serica Extract / Silk Extract
10900,Perfluoromethylcyclopentane
10901,Artemisia Princeps Leaf Extract
10902,Pueraria Lobata Root Extract
10903,Melaleuca Alternifolia Flower/Leaf/Stem Extract - Tea Tree Flower/Leaf/Stem Extract
10904,Punica Granatum Fruit Juice
10905,Lactobacillus/Honeysuckle Flower/Licorice Root/Morus Alba Root/Pueraria Lobata Root/Schisandra Chinensis Fruit/Scutellaria Baicalensis Root/Sophora Japonica Flower Extract Ferment Filtrate
10906,[May Contain: Ci 77491
10907,Ci 77891 / Titanium Dioxide].']
10908,Nylon-611/Dimethicone Copolymer
10909,Ci 77510/Ferric Ammonium Ferrocyanide
10910,Ci 77510/Ferric Ferrocyanide
10911,Ci 19140/Yellow 5 Lake].']
10912,Cocos Nucifera Oil/Coconut Oil
10913,Citrus Aurantium Dulcis Peel Oil/Orange Peel Oil
10914,Citrus Paradisi Peel Oil/Grapefruit Peel Oil
10915,Lactobacillus/Coconut Fruit Juice Ferment Filtrate
10916,Citrus Sinensis Peel Oil Expressed
10917,Panax Ginseng Callus Culture Extract
10918,Rosa Damascena Callus Culture Extract
10919,Daucus Carota Sativa (Carrot) Callus Culture Extract
10920,Camellia Sinensis Callus Culture Extract
10921,Magnesium Pca
10922,Asparagine
10923,1-Methylhydantoin-2-Imide
10924,Methionine
10925,Magnesium Citrate
10926,Tryptophan
10927,Hydrolyzed Elastin
10928,Glutamine
10929,Usnea Barbata Extract/Lichen Extract
10930,Pulsatilla Koreana Extract
10931,Zanthoxylum Piperitum Fruit Extract
10932,['Hydrogenated Coco-Glycerides
10933,Carnauba Wax
10934,Urtica Dioica (Nettle) Leaf Powder
10935,Vitis Vinifera Seed Extract/Grape Seed Extract
10936,Nasturtium Officinale Extract - Nasturtium Officinale Flower/Leaf Extract
10937,Urtica Dioica Leaf Extract/Nettle Leaf Extract
10938,Ci 77007/Ultramarines].']
10939,['Aqua/Water/Eau Coco-Caprylate/Caprate Hydrogenated Polyisobutene Glycerin
10940,Caprylyl Glycol Silica Silylate Silica
10941,'Centella Asiatica Extract
10942,Methicone. May Contain/Peut Contenir: Ci 77891/Titanium Dioxide
10943,Ci 77499/Iron Oxides Ci 77007/Ultramarines
10944,Ci 15850/Red 7.']
10945,Hydroxypropyl Bispalmitamide Mea
10946,Meadowfoam Estolide
10947,Ethylhexyl Isonanoate
10948,FD&C Yellow No. 5 (Ci 19140).']
10949,['CC+ Nude Glow Lightweight Foundation + Glow Serum with SPF 40:'
10950,Homosalate 8.3%
10951,Octocrylene 5.6%'
10952,'May Contain: Iron Oxides
10953,Titanium Dioxide.'
10954,'CC+ Cream with SPF 50+:'
10955,Zinc Oxide 6.3% [May Contain]: Titanium Dioxide
10956,Iron Oxides V281684/2'
10957,'CC+ Cream Oil-Free Matte with SPF 40:'
10958,Iron Oxidev282466/1'
10959,'Your Skin But Better Setting Spray+:'
10960,Biotin. D245654/1'
10961,'Superhero Mascara:'
10962,Oryza Sativa Cera/Oryza Sativa (Rice) Bran Wax
10963,Olea Europaea Fruit Oil
10964,Limnanthes Alba Seed Oil/Meadowfoam Seed Oil
10965,Hydroxyethylpiperazine Ethane
10966,Sulfonic Acid
10967,Rgania Spinosa Kernel Oil
10968,Saccharum Officinarum Extract /Sugarcane Extract/Extrait De Canne A Sucre
10969,Curcuma Longa Root Extract/Turmeric Root Extract
10970,Citrus Aurantium Dulcis Fruit Extract/Orange Fruit Extract
10971,Citrus Limon Fruit Extract/Lemon Fruit Extract
10972,Acer Saccharum Extract/Sugar Maple Extract
10973,CI 17200/Red 33
10974,CI 40800/Beta-Carotene.']
10975,C 18-38 Alkyl Hydroxystearol Stearate
10976,Camellia Sinenesis (Green Tea) Leaf Extract
10977,Polyglyceryl 3 Beeswax
10978,Haslea Ostrearia Extract
10979,Melissa Officinalis (Balm Mint) Extract
10980,Calendula Officinalis Extract*
10981,Leontopodium Alpinum (Edelweiss) Extract*
10982,Peucedanum Ostruthium Leaf Extract*
10983,Buddleja Davidii Leaf Extract*
10984,Artemisia Umbelliformis Extract *
10985,Anthemis Nobilis (Chamomile) Extract*
10986,Camellia Sinensis (Green Tea) Extract*
10987,Epilobium Angustifolium (Willowherb) Extract
10988,Aveena Sativa (Oat) Kernel Meal
10989,Helianthus Anuus (Sunflower) Seed Oil
10990,Calendula Officinalis (Pot Marigold) Flower Extract
10991,Arnica Montana (Wolf’s Bane) Flower Extract
10992,['Artemisia Ubelliformis Extract*
10993,Mentha Piperita (Peppermint/Menthe poivrée) Oil
10994,Cucumis Sativus (Cucumber/Concombre) Fruit Extract*
10995,Glycyrrhiza Glabra (Licorice/Réglisse) Root Extract*
10996,Sodium Diglycolate
10997,Tetradecene
10998,Salvia Officinalis (Sage) Leaf Extract*
10999,Chamomile Recutita (Matricaria) Flower Oil
11000,Salvia Officinalis (Sage) Leaf Oil
11001,Backhousia Citriodora Oil
11002,PEG 8-Dimethicone
11003,Dimethyl Sulfone
11004,Thymus Vulgaris (Thyme) Flower/Leaf Extract
11005,Linum Usitatissimum (Linseed) Seed Extract*
11006,Punica Granatum Extract*
11007,Olea Europaea (Olive) Fruit Extract*
11008,Rosemarinus Officinalis (Rosemary) Leaf Oil
11009,Eucalyptus Globulus Lead Oil
11010,I-Menthol
11011,Abies Balsamea (Fir Balsam) L. Mill
11012,Lavandula Angustifola (Lavender) Oil
11013,Juniperus Communis (Juniper Berry) Fruit Oil
11014,Laminaria Digitata Extract*
11015,Morinda Citrifolia Extract*
11016,PEG-20 Methyl Glucose Sesquistearate
11017,PEG-150 DistearateTetrasodium EDTA
11018,Glycol Stearate.']
11019,Citrillus Ianatus (Watemelon) Seed Oil
11020,Moringa Oleifera Seed Oil*
11021,Sclerocarya Birrea (Marula) Seed Oil*
11022,Adansonia Digitata (Baobab) Seed Oil*
11023,Schinziophyton Rautanenii (Manketti) Kernel Oil*
11024,Camellia Sinensis (White Tea) Extract*
11025,Macrocystis Pyrifera (Sea Kelp) Extract*
11026,Ocimum Basilicum (Basil) Extract*
11027,Hydroxyethyl Acrylate/Sodium Acryloyl Dimethyl Taurate Copolymer
11028,Sclerocarya Birrea Seed Oil*
11029,Adansonia Digitata Seed Oil*
11030,Schinziophyton Rautanenii Kernel Oil*
11031,Beta-Carotene.']
11032,Rice (Oryza Sativa) Bran Oil
11033,Tocopheryl Acetate (vitamin E)
11034,Retinyl Palmitate (vitamin A)
11035,Linum Usitatissimum (Linseed/Graine de lin) Seed Oil*
11036,Cocos Nucifera (Coconut/ Noix de coco) Oil*
11037,Glycine Soja (Soybean/Graine de soja) Oil
11038,Zea Mays (Corn/Blé) Oil
11039,Hamamelis Virginiana (Witch Hazel/ Hamamélis) Water
11040,Lonicera Caprifolium (Honeysuckle/Chèvrefeuille) Flower Extract
11041,Lonicera Japonica (Honeysuckle/Chèvrefeuille) Flower Extract
11042,Rosmarinus Officinalis (Rosemary/ Romarin) Leaf Oil
11043,Sodium Sulfite.']
11044,Helianthus Annuus (Sunflower) Seed Oil*. Linum Usitatissimum (Linseed) Seed Extract*
11045,Punica Granatum (Pomegranate) Extract*
11046,Macrocystis Pyrifera Extract*
11047,Ascorbic Acid (vitamin C)
11048,Citrus Grandis (Grapefuit) Seed Extract
11049,Lycium Barbarum Fruit Extract*
11050,Pelargonium Graveolens Flower Oil*
11051,['All-Over Wash For Face
11052,Hair & Body:'
11053,Hydrolyzed Linseed Extract
11054,'Beard Lube Conditioning Shave:'
11055,'Beard Oil:'
11056,Pumice (Lava Rock)
11057,Avena Sativa (Oat) Kernel Protein
11058,Nymphaea Coerulea (Blue Lotus) Flower Extract
11059,Triticum Vulgare (Wheat) Bran
11060,Echinacea Angustifolia Extract*
11061,Cymbopogon Schoenathus (Lemongrass) Extract*
11062,Juniperus Communis Fruit Extract*
11063,Alvia Officinalis (Sage) Leaf Extract*
11064,Thymus Vulgaris (Thyme) Extract*
11065,Rumex Cripus (Yellow Dock) Root Extract*
11066,Petroselinum Crispum
11067,['Deep Dive Glycolic Facial Cleanser:'
11068,Magnesium Aluminum Siclicate
11069,Chamomilla Recutitia (Matricaria) Flower Extract
11070,'Supreme Cream Triple Shave Lather:'
11071,Macadamia Ternifolia (Macadeamia) Nut Oil
11072,Simmondsia Chinensis (Jojoba) Oil
11073,Peucedanum Ostruthium Leaf Extract
11074,Buddleja Davidii Leaf Extract
11075,Artemisia Umbelliformis Extract
11076,Leontopodium Alpinum (Edelweiss) Extract
11077,'Double-Duty Face Moisturizer:'
11078,'Flower Oil
11079,Dimethcone
11080,lodopropynyl Butylcarbamate
11081,Plantago Lanceolata Potassium Sorbate
11082,L-Ascorbic Acid
11083,Artemisia Umbelliformis Extract*
11084,Guaiazulene
11085,C12-15 Alkyl Benzoat
11086,Polysorbate 60 Caprylic/Capric/Myristic/Stearic Triglyceride
11087,Cocoamidopropyl PG-Dimonium Chloride Phosphate
11088,Anthemis Nobilis (Chamomile) Flower Oil
11089,Helianthus Annuus (Sunflower) Seed Extract*
11090,Macrocystis Pyrifera (Kelp) Extract*
11091,Prunus Cerasus (Cherry Fruit) Extract*
11092,Symphytum Officinale (Comfrey) Leaf Extract
11093,Licorice (Glycyrrhiza Glabra) Extract
11094,Polycrylamide
11095,['Aluminum Zirconium Trichlorohydrex Gly 20% (anhydrous)
11096,Tocopheryl Acetate (Vitamin E).']
11097,Ocimum Basilicum (Basil ) Extract*
11098,Mentha Arvensis Oil
11099,(Organic) Glycerin*
11100,Polyquaternium-24
11101,['Sodium Palmate*
11102,Carbon
11103,Salicylate
11104,Stearate 2
11105,Searate 21
11106,PEG/PPG-14/4 Dimethicone
11107,Hamamelis Virginiana (Witch Hazel) Extract 1%
11108,Foeniculum Vulgare (Fennel) Fruit Extract
11109,['Avobenzone
11110,Octinoxate
11111,Camellia Sinensis (Green Tea) Leaf Extract']
11112,Bambusa Vulgaris (Bamboo) Leaf/Stem Extract
11113,Linum Usitatissimum (Linseed) Seed Oil*
11114,Punica Granatum Seed Oil*
11115,Cyclopentasiloxane']
11116,Petrolatum 40.2%
11117,Camellia Sinensis (Green Tea) Leaf Extract.']
11118,Ammonium Acryloydimethyltaurate/VP Copolymer
11119,Hydrolyzed Caesalpinia Spinosa Gum
11120,Spirulina Maxima Extract*
11121,Ocimum Basilicum (Basil) Leaf Extract*
11122,['Pure Clean Daily Facial Cleanser:'
11123,Aloe Barbadensis Leaf Extract*
11124,Lavandula Angustifolia (Lavender/Lavande) Extract*
11125,Salvia Officinalis (Sage/Sauge) Leaf Extract*
11126,Rosmarinus Officinalis (Rosemary/Romarin) Leaf Oil
11127,Salvia Officinalis (Sage/Sauge) Oil
11128,Backhousia Citriodora Leaf Oil
11129,Hamamelis Virginiana (Witch Hazel/Hamamélis) Leaf Extract
11130,Chamomilla Recutita Flower Oil
11131,'Face Buff Energizing Scrub:'
11132,Sodium C14-15 Olefin Sulfonate
11133,Hydrogenated Camelina Sativa Seed Oil
11134,Potassium Bitartrate
11135,'Double Duty Face Moisturizer SPF 20:'
11136,Leontopodium Alpinum Extract*
11137,Water.'
11138,'Intense Therapy Lip Balm SPF 25:'
11139,'Beeswax
11140,Coconut Oil Glycereth-8 Esters
11141,Shea Butter Glycereth-8 Esters
11142,Salvia Lavandulaefolia (Sage) Leaf Oil
11143,PEG-2 Cocamide
11144,Ocimum Basilicum (Basil)*
11145,Prunus Cerasus (Bitter Cherry) Extract
11146,['Salicylic Acid 1%
11147,Tribehenin PEG-20 Esters
11148,Hydroxycinnamic Acid
11149,Rutin
11150,Castor Isostearate Beeswax Succinate
11151,Geranium Maculatum (Geranium) Oil
11152,Pyridoxine HCL (Vitamin B6)
11153,Juniperus Communis Fruit Extract
11154,Ocimum Basilicum (Basil/Basilic) Leaf Extract*
11155,Camellia Sinensis (Green Tea/Thé vert) Leaf Extract*
11156,Helianthus Annuus (Sunflower/Tournesol) Seed Oil
11157,Butyrospermum Parkii (Shea/Karité) Butter
11158,Citrus Grandis (Grapefruit/Pamplemousse) Fruit Extract
11159,Thymus Vulgaris (Thyme/Thym) Leaf Extract
11160,Stearyl Behenate
11161,Melaleuca Alternifolia (TEA Tree) Leaf Oil
11162,['Water Hamamelis Virginiana (Witch Hazel/Hamamélis) Water
11163,Rosmarinus Oficinalis (Rosemary/Romarin) Leaf Oil
11164,Hydrolyzed Rhodophycea Extract
11165,Iris Germanica Florentina Root Extract
11166,Aloe Barbadensis (Aloe Vera) Leaf Extract*
11167,Anthemis Nobilis Flower Extract*
11168,Candelilla Cera/Euphorbia Cerifera (Candelilla) Wax/Cire de candelilla
11169,Adansonia Digitata Oil*
11170,Porphyra Umbilicalis Extract
11171,Ocimum Basilicum (Basil/Basilic) Leaf Extract
11172,Camellia Sinensis (Green Tea/Thé vert) Leaf Extract
11173,Zea Mays (Corn/Blé) Starch
11174,Citrus Grandis (Grapefruit/Pamplemousse) Seed Extract
11175,Helianthus Annuus (Sunflower/Tournesol) Seed Oil*
11176,Tris-BHT-Mesitylene
11177,['Salicylic Acid 0.5%
11178,['Alcohol Denat. (Sd Alcohol 39-C)
11179,Diethylamino Hydroxybenzoyl Hexyl Benzoate'
11180,'Bht
11181,\rParfum (Fragrance)
11182,\rAlpha-Isomethyl Ionone : 0.0408%
11183,\rBenzyl Benzoate : 0.04548%
11184,\rBenzyl Salicylate : 0.27264%
11185,\rCinnamal : 0.0018%
11186,\rCitral : 0.01644%
11187,\rCoumarin : 0.04548%
11188,\rLimonene : 0.4272%
11189,\rEugenol : 0.00108%
11190,\rGeraniol : 0.04644%
11191,\rLinalool : 0.57204%
11192,\rMethyl 2-Octynoate : 0.0018%
11193,\rAqua (Water)
11194,\rEthylhexyl Methoxycinnamate
11195,\rEthylhexyl Salicylate
11196,\rButyl Methoxydibenzoylmethane
11197,\rBht
11198,\rCi 42090 (Blue 1)
11199,\rCi 17200 (Red 33)
11200,\rCi 19140 (Yellow 5).']
11201,Olive Oil Glycerth 8 Esters
11202,Pseudozyma Epicola/Olive Fruit Oil Ferment Filtrate
11203,Aspalathus Linearis Extract
11204,Tetrapeptide-14
11205,Himanthalia Elongata Extract
11206,Ethyl Ferulate Trehalose
11207,Sodium Hydroxypropylphosphate
11208,Decylglucoside Crosspolymer
11209,'Alpha-Glucan Oligosaccharide
11210,2-Heanediol
11211,Menthyl Ethylamido Oxalate
11212,Schinus Terebinthifolia Seed Extract
11213,Ptychopetalum Olacoides Bark Extract
11214,['That Fresh Take Eye Cream:'
11215,'That JLo Glow Serum:'
11216,'That Blockbuster Hydrating Cream:'
11217,Bht <ILN40913>.']
11218,Pentaerythrityl Tetra-Di-T-Butyl Hydroxyhydrocinnamate <ILN43072>.']
11219,Geraniol <ILN38719>.']
11220,['Wood Sage & Sea Salt Cologne:'
11221,'Peony & Blush Suede Cologne:'
11222,Citronellol <ILN36265>.']
11223,['Wood Sage & Sea Salt:'
11224,'English Pear & Freesia:'
11225,Benzyl Alcohol <ILN37153>.']
11226,Red 4 (Ci 14700) <ILN38609>.']
11227,Farnesol <ILN30283>.']
11228,Limonene <ILN41616>.']
11229,Citral <ILN38462>.']
11230,Isoeugenol <ILN42983>.']
11231,Bht <ILN43078>.']
11232,Ethylhexyl Salicylate <ILN45183>.']
11233,Citronellol.br>']
11234,['English Pear & Freesia Cologne:'
11235,'Wood Sage & Sea Salt Body Créme:'
11236,Citral <ILN36640>.']
11237,Eugenol <ILN38287>.']
11238,Methyl 2-Octynoate <ILN44536>.']
11239,Benzyl Cinnamate <ILN44858>.']
11240,Pentaerythrityl Tetra-Di-T-Butyl Hydroxyhydrocinnamate <ILN42531>.']
11241,Bht <ILN47947>.']
11242,Microcrystalline WaxCera MicrocristallinaCire Microcristalline
11243,Yellow 6 Lake (Ci 15985). .']
11244,Pentaerythrityl Tetra-Di-T-Butyl Hydroxyhydrocinnamate <ILN43728>.']
11245,Phenoxyethanol <ILN39203>.']
11246,Phenoxyethanol <ILN40189>.']
11247,Phenoxyethanol <ILN40877>.']
11248,Geraniol <ILN36025>.']
11249,Phenoxyethanol <ILN34154>.']
11250,Phenoxyethanol <ILN39538>.']
11251,Cocamidopropyl Pg-Dimonium Chloride Phosphate
11252,Phenoxyethanol <ILN39546>.']
11253,Phenoxyethanol <ILN38298>.']
11254,Amylcinnamyl Alcohol
11255,Evernia Furfuracea (Treemoss) Extract.']
11256,['Blackberry & Bay Body Créme:'
11257,'Wood Sage & Sea Salt Body & Hand Wash:'
11258,Citrus Aurantium Amara (Bitter Orange) Peel Oil*
11259,Citrus Aurantium Amara (Bitter Orange) Flower Oil*
11260,Cinnamomum Zeylanicum Leaf Oil*
11261,Valeriana Officinalis Root Oil*
11262,Sucrose**
11263,Phenoxyethanol <ILN41899>.']
11264,Phenoxyethanol <ILN41900>.']
11265,Phenoxyethanol <ILN39548>.']
11266,Phenoxyethanol <ILN43555>.']
11267,['Jojoba Seed
11268,Cocoa Seed
11269,and Sweet Almond Oil: Hydrate
11270,nourish
11271,and protect skin.'
11272,Phenoxyethanol <ILN36781>.']
11273,Phenoxyethanol <ILN39544>.']
11274,Amyl Cinnamal.']
11275,['Osmanthus Blossom Cologne:'
11276,'Nashi Blossom Cologne:'
11277,'Star Magnolia Cologne:'
11278,['Argania Spinosa (Argan) Kernel Oil.']
11279,['Helianthus Annuus (Sunflower) Seed Oil**
11280,Polysorbate-80**
11281,Polysorbate-20**
11282,Carthamus Tinctorius (Safflower) Seed Oil**
11283,Citrus Grandis (Pomelo Grapefruit) Seed Oil**
11284,Vitis Vinifera (Grape) Seed Oil**
11285,Olea Europaea (Olive) Fruit Oil**
11286,Sucralose**.']
11287,['Water** (and) Aloe Barbadensis (Aloe Vera) Leaf Juice*
11288,Caprylic/Capric Triglyceride**
11289,Coco-Caprylate/Caprate**
11290,Butyrospermum Parkii (Shea Butter)**
11291,Helianthus Annuus (Sunflower) Seed Oil**
11292,Glyceryl Stearate**
11293,Hydroxyethyl Acrylate/Sodium Acryloyl Dimethyl Taurate Copolymer**
11294,Squalane**
11295,Polysorbate-60**
11296,Ethylhexylglycerin**
11297,Helianthus Annuus (Hybrid Sunflower) Oil**
11298,Pyrus Malus (Apple) Fruit Extract**
11299,Jasminum Officinale (Jasmine) Extract**
11300,Dipteryx Odorata (Tonka) Seed Extract** Pyrus Communis (Pear) Fruit Extract**
11301,Ananas Sativus (Pineapple) Fruit Extract**
11302,Vanilla Planifolia (Vanilla Bean) Fruit Extract**
11303,Cetearyl Alcohol**
11304,Persea Gratissima (Avocado) Oil**
11305,Symphytum Officinale (Comfrey) Leaf Extract**
11306,Camellia Sinensis (White Tea) Leaf Extract**
11307,Camellia Sinensis (Green Tea) Leaf Extract**
11308,Allantoin**
11309,Panthenol**
11310,Helianthus Annuus (Sunflower) Seed Extract**
11311,Beta Carotene**.']
11312,Citrullus Lanatus (Watermelon) Extract
11313,Pullulan.']
11314,['Water** (and) Argania Spinosa (Argan)'
11315,'Kernel Oil* (and) Propanediol** (and) Glyceryl Caprylate** (and)'
11316,'Glyceryl Undecylenate** (and) Phosphatidylglycerol** (and)'
11317,'Sodium Benzoate** (and) Xanthan Gum** (and) Citric Acid**. *Organic. **Natural.']
11318,['Coconut Alkanes**
11319,Polyhydroxystearic Acid**
11320,Aloe Barbadensis (Aloe Vera) Leaf Juice**
11321,Disteardimonium Hectorite**
11322,Polyglyceryl-3 Polyricinoleate**
11323,Polyglyceryl-3 Diisostearate**
11324,Lecithin**
11325,Polyglyceryl-6 Polyricinoleate**
11326,Polyglyceryl-2 Isostearate**
11327,Shea Butter Ethyl Esters**
11328,Tocopherol**
11329,Zingiber Officinale (Ginger) Root Extract**
11330,Epilobium Angustifolium Flower/Leaf/Stem Extract**
11331,Stearic Acid**
11332,Brassica Campestris (Rapeseed) Sterols**
11333,Vaccinium Angustifolium (Blueberry) Fruit Extract**
11334,Behenyl Behenate**
11335,Glyceryl Caprylate**. May Contain: Titanium Dioxide (CI 77891)
11336,CI 77499). *Organic **Natural.']
11337,['Argania Spinosa (Argan) Kernel Oil*
11338,Coconut Alkanes**
11339,Oleyl Lactate**
11340,Octyldodecyl PCA**
11341,Dimethyl Isosorbide**
11342,Isosorbide Disunflowerseedate**
11343,Isostearyl Lactate**
11344,Glyceryl Lino- leate**
11345,Psoralea Corylifolia Seed**
11346,Eclipta Prostrata (False Daisy) Extract**
11347,Cocos Nucifera (Coconut) Oil**
11348,Glyceryl Oleate**
11349,Quercus Suber (Oak) Bark Extract**
11350,Glyceryl Palmitate*
11351,Ptero- carpus Marsupium Bark Extract**
11352,Hydrogenated Vegetable Oil**
11353,Dipalmitoyl Hydroxyproline**
11354,Melia Azadirachta (Neem) Leaf Extract**
11355,Glyceryl Linolenate*
11356,Glyceryl Stea- rate*
11357,Oak Root Extract**
11358,Palmitic Acid**
11359,Dunaliella Salina Extract**
11360,Crithmum Maritimum (Sea Fennel) Extract**
11361,Moringa Oleifera Seed Oil**
11362,Quercetin**
11363,Water (Aqua)**
11364,Toco- pherol**
11365,Glycine Soja (Soybean) Oil*.']
11366,Decyl Glucoside**
11367,Disodium Coco-Glucoside Citrate**
11368,Disodium Cocoyl Glutamate**
11369,Polyglyceryl-10 Laurate**
11370,Xanthan Gum**
11371,Saccharide Isomerate**
11372,Coco-Glucoside**
11373,Sodium Lauroyl Lactylate**
11374,Sodium Cocoyl Glutamate**
11375,Aloe Barbadensis Leaf Juice**
11376,Althaea Officinalis Root Extract*
11377,Lactic Acid**
11378,Citric Acid**
11379,Salix Alba (Willow) Bark Extract**
11380,Lactobacillus Ferment**
11381,Sodium Citrate**
11382,Potassium Sorbate**
11383,Sodium Benzoate**
11384,Hydrogenated Palm Glycerides Citrate**.**Naturally derived.']
11385,['Water/Aqua/Eau*
11386,Octyldodecanol*
11387,Hydrogenated Olive Oil Unsaponifiables*
11388,Silica*
11389,Tribehenin*
11390,Beeswax/Cera Alba/Cire d’abeille*
11391,C9-12 Alkane*
11392,Octyldodecyl PCA*
11393,Dunaliella Salina (Pink Algae) Extract*
11394,Beta-Carotene*
11395,Coffea Arabica (Coffee) Seed Extract*
11396,Caffeine*
11397,Citrus Aurantium Dulcis (Orange) Oil*
11398,Biosaccharide Gum-1*
11399,Quercetin*
11400,Physalis Alkekengi Calyx Extract*
11401,Squalene*
11402,Helianthus Annuus (Sunflower) Seed Wax*
11403,Fructose*
11404,Sodium Stearoyl Lactylate*
11405,Oleic Acid*
11406,Sorbitan Caprylate*
11407,Sodium Stearoyl Glutamate*
11408,Sucrose Palmitate*
11409,Sodium Phytate*
11410,Lecithin*
11411,Glyceryl Linoleate*
11412,Ascorbyl Palmitate*
11413,Titanium Dioxide (CI 77891)*
11414,CI 77499)*.']
11415,['Argania Spinosa (Argan) Kernel Oil
11416,Oleyl Lactate
11417,Octyldodecyl Pca
11418,Isostearyl Lactate
11419,Pterocarpus Marsupium Bark Extract
11420,Dunaliella Salina Extract (Beta Carotene Source).']
11421,['Water**
11422,Ethylhexyl Palmitate**
11423,Titanium Dioxide**
11424,Argania Spinosa (Argan) Kernel Oil**
11425,Mica**
11426,Sodium Chloride**
11427,Iron Oxide (CI 77492)**
11428,Magnesium Stearate**
11429,Fragrance**
11430,Iron Oxides (CI 77491)**
11431,Iron Oxides (CI 77499)**
11432,Sodium Benzoate**.']
11433,'Glycerin*
11434,Coco-Caprylate/Caprate*
11435,'Butyrospermum Parkii (Shea) Butter*
11436,Cetearyl Olivate*
11437,Sorbitan Olivate*
11438,'Aloe Barbadensis Leaf Juice*
11439,Sclerotium Gum*
11440,Carthamus Tinctorius (Safflower) Oleosomes*
11441,Camellia Sinensis (Green & White Tea) Leaf Extract*
11442,Gluconolactone*
11443,Alkanna Tinctoria Root Extract*
11444,Zea Mays (Corn) Oil*
11445,Symphytum Officinale (Comfrey) Leaf Extract*
11446,Dunaliella Salina Extract*
11447,Aluminum Hydroxide**
11448,Propanediol**
11449,Sodium Lauroyl Glutamate**
11450,Sodium Gluconate**
11451,Lysine**
11452,Magnesium Chloride**
11453,Sambucus Nigra Flower Extract**
11454,Vaccinium Myrtillus (Bilberry) Seed Oil**
11455,Rubus Idaeus (Raspberry) Seed Oil**
11456,Rosmarinus Officinalis (Rosemary) Leaf Extract**
11457,Sodium Dehydroacetate MAY CONTAIN: Titanium Dioxide (CI 77891)**
11458,Iron Oxides (CI77492)**
11459,Iron Oxides (CI77499)**.']
11460,Dicapryl Succinate
11461,Octyldodecyl PCA
11462,Dunaliella Salina (Pink Algae) Extract
11463,Furcellaran
11464,Glyceryl Linoleate
11465,['Titanium Dioxide 3.15% Sunscreen
11466,Zinc Oxide 4.08% Sunscreen
11467,Althaea Officinalis (Marshmallow)Root Extract
11468,Argania Spinosa (Argan) Leaf Extract
11469,Aminopropyl Triethoxysilane
11470,Pleiogynium Timoriense (Burkedin Plum) Fruit Extract
11471,Podocarpus Elatus (Illawarra Plum) Fruit Extract
11472,Cetyl Palmitate**
11473,Cucumis Sativa (Cucumber) Extract**
11474,Althaea Officinalis (Marshmallow) Extract**
11475,Aloe Barbadensis (Aloe Vera) Gel**
11476,Citrus Grandis (Grapefruit) Peel Oil**
11477,Phenoxyethanol. *Organic. **Natural.']
11478,['Colloidal Oatmeal 0.8%
11479,Carthamus Tinctorius (Safflower) Oleosomes**
11480,Argania Spinosa (Argan) KernelOil*
11481,Arachidyl Alcohol**
11482,Arachidyl Glucoside**
11483,Behenyl Alcohol**
11484,Ethyl Macadamiate**
11485,Bisabolol**
11486,Butyrospermum Parkii (Shea)Butter**
11487,Camellia Sinensis LeafExtract**
11488,Symphytum Officinale LeafExtract**
11489,Pongamia Glabra SeedOil**
11490,Aluminum Stearate
11491,Malic Acid**.']
11492,['Whipped Argan Oil Body Butter in Vanilla Vacation:'
11493,'Aqua (Water)**
11494,Parfum (Fragrance)**
11495,Beta Carotene**.'
11496,'Whipped Argan Oil Body Butter in Sugar Glazed Apricot:'
11497,'Aqua (water)**
11498,Butyrospermum Parkii (Shea) Butter**
11499,Fragrance (Parfum)**
11500,Helianthus Annuus (Sunflower) Flower Extract**
11501,'Whipped Argan Oil Body Butter in Holiday Buttercream:'
11502,Argania Spinosa Kernel (Argan) Oil*
11503,Beta Carotene*
11504,Glyceryl Caprylate**
11505,Capryl Hydroxamic Acid
11506,Helianthus Annus (Sunflower) Flower Extract**
11507,Citric Acid**.'
11508,'Whipped Argan Pro-Retinol Body Butter in Unscented:'
11509,Cetearyl Olivate**
11510,Sorbitan Olivate**
11511,Sclerotium Gum**
11512,Octyldodecyl Pca**
11513,Medicago Sativa (Alfalfa) Extract**
11514,Camellia Sinensis (Green & White Tea) Leaf Extract**
11515,Gluconolactone**
11516,Alkanna Tinctoria Root Extract**
11517,Zea Mays (Corn) Oil**
11518,Beta-Carotene**
11519,Illicium Verum (Anise) Fruit Extract
11520,Euterpe Oleracea Fruit Extract. May Contain (+/-): Titanium Dioxide (Ci 77891)
11521,['Adore Me:'
11522,Calcium Aluminum Borosilicate. May Contain (+/-): Titanium Dioxide (Ci 77891)
11523,'Hold Me:'
11524,Palmitoyl Tripeptide-5. May Contain (+/-): Titanium Dioxide (Ci 77891)
11525,Ci 77489
11526,Phytosteryl Isostearyl Dimer Dilinoleate
11527,Resveratrol. May Contain/Peut Contenir (±): CI 77891 (Titanium Dioxide)
11528,Allantoin. May Contain (+/-): Titanium Dioxide (Ci 77891)
11529,['Sungaze Bronzer:'
11530,'Methyl Methacrylate Crosspolymer
11531,CI 77163 (Bismuth Oxychloride).'
11532,'Tan Lines Highlighter:'
11533,'Triethylhexanoin
11534,Silica. May Contain/Peut Contenir (±): CI 77891 (Titanium Dioxide)
11535,['Marigold:'
11536,Tocopheryl Acetate. May Contain (+/-): Titanium Dioxide (CI 77891)
11537,Red 30 Lake (CI 73360).'
11538,'Rose Petal:'
11539,Triethoxycaprylylsilane. May Contain/Peut Contenir (±): CI 77891 (Titanium Dioxide)
11540,CI 15850 (Red 6 Lake)
11541,Benzyl Benzoate. May Contain/Peut Contenir (±): CI 77891 (Titanium Dioxide)
11542,['Essential Lip Enhancer:'
11543,'Polyisobutene
11544,'Essential Lip Enhancer Shine Balm in Rose:'
11545,Hydroxycitronellal. May Contain/Peut Contenir (±): CI 77891 (Titanium Dioxide)
11546,['Coquille (CS143)'
11547,Rosa Moschata Seed Oil. May Contain/Peut Contenir (±): CI 77891 (Titanium Dioxide)
11548,CI 73360 (Red 30 Lake).'
11549,'Parasol (CS142)'
11550,CI 45410 (Red 27 Lake).']
11551,['Be Loud:'
11552,CI 15850 (Red 7'
11553,'Lake)
11554,'Promise Me:'
11555,Glycereth-25 PCA Isostearate
11556,Inula Helenium Extract
11557,Butylphenyl Methylpriopional
11558,Butyphenyl Methylpropional
11559,Ethylhexyl Salicylate.']
11560,Butyphenyl
11561,Methylpropional
11562,Benzyl Salciylate
11563,Hydroxyisohexyl 3-Cyclohenxene Carboxaldehyde
11564,Butyl Methoxydibenzolymethane
11565,Ethylhexyl
11566,Methoxycinnamate
11567,['Not a Perfume:'
11568,'Magnolia Bliss:'
11569,['78% Vol. Alcohol Denat.
11570,'Lili Fantasy:'
11571,'Alcohol Denat. 75% vol.
11572,'Pear Inc.:'
11573,'Vanilla Vibes:'
11574,Courmarin
11575,'Lipstick Fever:'
11576,'MMMM . . .:'
11577,Limonene Geraniol
11578,Farneso
11579,'Not A Perfume Superdose:'
11580,BHT']
11581,'Magnolia Bliss Eau de Parfum:'
11582,'PEAR INC.'
11583,'Not a Perfume Superdose:'
11584,'MMM...:'
11585,Butylphthalimide
11586,Isopropylphthalimide
11587,Evernia Prunastri Extract
11588,['75% Vol. Alcohol Denat.
11589,Hydrogenated Farnesene*
11590,Citrus Reticulata (Tangerine) Peel Oil
11591,['Hydrogenated Farnesene*
11592,Methyl Ionones
11593,Hydroxypropyltrimonium Lemon Protein
11594,Methyl Ionones.']
11595,* Caffeine
11596,Picea Mariana Bark Extract
11597,['Nurture Hydrating Shampoo:'
11598,Tristearyl Citrate
11599,'Nurture Hydrating Conditioner:'
11600,'Nurture Deep Moisture Mask:'
11601,Hydroxypropyltrimonium Hydrolyzed Rice Protein
11602,'Complete Hydrating Air Dry Cream:'
11603,Brassica Glycerides
11604,['Water (Aqua) (Eau)
11605,sh-Oligopeptide-78 (K18Peptide)
11606,sh-Oligopeptide-78
11607,'Disodium 2-Sulfolaurate
11608,['01 Apricot Soda'
11609,Aqua/Water/Eau'
11610,'02 Peach Sorbet'
11611,Triethoxycaprylylsilane'
11612,'03 Mandarin Crumble'
11613,Aqua/Water/Eau']
11614,Prunus Domestica (Plum) Seed Oil
11615,Aloe Barbadensis Leaf Extract.']
11616,Aluminum Powder
11617,Di-C12-13 Alkyl Malate
11618,Isobutylene/Sodium Maleate Copolymer
11619,Topaz.']
11620,['01 Coral Crumbs'
11621,'02 Gold Drip'
11622,Aluminum Distearate
11623,'03 More Macchiato'
11624,['Wing Eyeliner Pen:'
11625,Camellia Sinensis (Black Tea) Leaf Extract.'
11626,'Wing Eyeliner Stamp:'
11627,Camellia Sinensis (Black Tea) Leaf Extract.']
11628,Tin Oxide (CI 77861).']
11629,Vanilla Tahitensis Fruit Extract
11630,Ammonium Polyacrylate
11631,Rubus Chamaemorus Seed Extract
11632,Gossypium Herbaceum (Cotton) Seed Extract
11633,Glyceryl Tribehenate/Isostearate/ Eicosandioate
11634,and Tocopherol.']
11635,['01 Lash Primer and Brow Serum Gel:'
11636,Maltodextrin.'
11637,'02 Volumizing Mascara:'
11638,'03 Lengthening Mascara:'
11639,Glyceryl Tribehenate/Isostearate/Eicosandioate
11640,['Lip Balm:'
11641,Fragrance(Parfum).'
11642,'Lip Scrub:'
11643,Fragrance(Parfum).']
11644,Morinda Citrifolia Extract
11645,['Garcinia Indica (Kokum) Butter
11646,Prunus Domestica (Plum Kernel) Oil
11647,Borago Officinalis (Borage) Seed Oil
11648,Calophyllum Inophyllum (Tamanu) Oil
11649,Vitis Vinifera (Grapeseed) Oil
11650,Camellia Oleifara (Camellia Seed) Oil
11651,Rosa Canina L. (Rosehip) Oil
11652,Vigtia Annua (Blue Tansy) Oil.']
11653,['Theobroma Cacao (Cocoa) Seed Butter
11654,Cocos Nucifera (Fractionated Coconut) Oil
11655,Argania Spinosa (Argan) Kernel Oil.']
11656,Citrus Aurantium Amara (Bitter Orange / Neroli) Oil
11657,Boswellia Carterii (Frankincense) Oil.']
11658,Chamomilla Recutita (Matricaria) Oil.']
11659,Vetiveria Zizanioides (Vetiver) Root Oil
11660,Citrus Aurantium Bergamia (Bergamot) Fruit Oil.']
11661,Chamaecyparis Obtusa (Hinoki) Wood Oil
11662,Citrus Junos (Yuzu) Peel Oil.']
11663,['Isopropyl Alcohol
11664,Carica Papaya (Papaya) Fruit
11665,Mel/Honey/Miel
11666,Cinnamomum Cassia Leaf Oil
11667,Aniba Rosaeodora (Rosewood) Wood Extract
11668,CI 75810 (Chlorophyllin-Copper Complex).']
11669,Myristyl Glucoside
11670,CetearylPhosphate
11671,Lauramide DIPA
11672,CI 75810(Chlorophyllin-CopperComplex).']
11673,Polyamide-5
11674,Coconut Alcohol
11675,Glycereth-18 Ethylhexanoate
11676,Glycereth-18
11677,Mel Extract/Honey Extract/Extrait de Miel
11678,Oligopeptide-10
11679,Disodium Carboxyethyl Siliconate
11680,Goat Milk Powder
11681,Lactose
11682,Milk Protein
11683,['Benzoyl Peroxide 5%
11684,Argania Spinosa Kernel Extract
11685,PEG-40 Sterate
11686,Sesamum Indicum (Sesame) Seed Extract
11687,Hydrogenated Methyl Abeitate
11688,Phenoxyethanol. -Five Percent Benzoyl Peroxide: Helps diminish the look of blemishes.'
11689,'Benzoyl Peroxide 5%
11690,Sodium Ascorbyl Glucoside
11691,sh-Polypeptide-7
11692,Maltodextrin Ethylhexylglycerin
11693,Cichorium Intybus (Chicory) Leaf Extract
11694,Glycine Soja(Soybean) Seed Extract
11695,Bacillus/Forlic Acid Ferment Extract
11696,Zanthoxylum Bungeanum Fruit Extract
11697,['Aqua/Water/ Eau
11698,Mel (Honey Extract
11699,Extrait de Miel)
11700,Phtosphingosine
11701,4-t-Butylcyclohexanol
11702,PEG/PPG-8/3 Diisostearate
11703,['Water Sodium Cocoyl Isethionate
11704,Caprae Lac (Goat Milk
11705,Lait de Chévre)
11706,Mel Extract (Honey Extract
11707,t-butyl Alcohol
11708,Tasmannia Lanceolata Fruit Extract
11709,Aspergillus/Molasses Ferment Filtrate
11710,Trimethylpentanediol/Adipic Acid Copolymer
11711,Glabridin
11712,Volcanic Soil
11713,Physalis Angulata Extract
11714,Hexapeptide-2
11715,PEG-7 Trimethylolpropane Coconut Ether
11716,Centipeda Cunninghamii Extract
11717,Melaleuca Alternifolia Leaf Oil
11718,Polymethylsilsesquioxane/Silica Crosspolymer
11719,Faex/Yeast Extract/Extrait de Levure
11720,Hordeum Vulgare/Hordeum Vulgare Extract/Extrait D’orge
11721,Cetearyl Dimethicone
11722,Isocetyl Stearoyl Stearate
11723,Serica/Silk Powder/Poudre de Soie
11724,Sodium Benzate
11725,Gluconolacctone.']
11726,Microcitrus Australis Fruit Extract
11727,Tridecyl Neopentanoate
11728,Palmitoyl Dipeptide-10
11729,Cupressus Sempervirens Seed Extract
11730,Coriandrum Sativum (Coriander) Seed Extract
11731,Calendula OfficinalisFlower Extract
11732,PentyleneGlycol
11733,PEG-9 Cocoate
11734,PEG-32 Distearate
11735,PEG-175 Distearate
11736,Sorbeth-450 Tristearate
11737,['ExfoliKate Intensive Pore Exfoliating Treatment:'
11738,CI 75810 (Chlorophyllin-Copper Complex).'
11739,'ExfoliKate Cleanser Daily Foaming Wash:'
11740,Cetearyl Phosphate
11741,'Liquid ExfoliKate Triple Acid Resurfacing Treatment:'
11742,Acetyl Hexapeptide-3
11743,Oxido Reductases.']
11744,2-Hexandiol
11745,Chrysanthellum Indicum Extract
11746,['EradiKate Daily Foaming Cleanser:'
11747,'Sulfur 3%
11748,Sodium CocoylIsethionate
11749,Mel/Honey Extract/Extrait de Miel
11750,'EradiKate Acne Treatment:'
11751,'Sulfur 10%
11752,'Oil Free Moisturizer:'
11753,['DeliKate Soothing Cleanser'
11754,'Aqua/Water/ Eau
11755,Sodium Citrate'
11756,'DeliKate Recovery Serum'
11757,Phenoxyethanol'
11758,'DeliKate Recovery Cream'
11759,['+Retinol Vita C Serum:'
11760,'+Retinol Eye Cream:'
11761,'+Retinol Vitamin C Moisturizer:'
11762,['ExfoliKate Intensive Exfoliating Treatment:'
11763,'ExfoliKate Resurfacing Body Scrub:'
11764,['Sd Alcohol 40-B/Alcohol Denat.
11765,Water / Aqua / Eau
11766,Ci 60730 (Violet 2)
11767,['SD Alcohol 40-B/Alcohol Denat.
11768,CI 60730 (Violet 2)
11769,['Vanilla | 28:'
11770,'SD Alcohol 40-B/Alcohol Denat.
11771,Butylphenyl Methylpropional.'
11772,'Eden Juicy Apple | 01:'
11773,Benzyl Salicylate.'
11774,'Sweet Diamond Pink Pepper | 25:'
11775,'Alcohol Denat./Sd Alcohol 40-B
11776,Avobenzone/Butyl Methoxydibenzoylmethane
11777,Ext. Violet 2/Ci 60730
11778,Red 4/Ci 14700
11779,Yellow 5/Ci 19140.'
11780,'Utopia Vanilla Cocoa | 21:'
11781,'Lovefest Burning Cherry | 48:'
11782,'Sd Alcohol 40-B/Alcohol Denat.
11783,Benzyl Salicylate. 70%'
11784,'Invite Only Amber | 23:'
11785,Blue 1/Ci 42090
11786,Ext. Violet 2/Ci 60730.'
11787,'Déjà vu White Flower | 57:'
11788,Yellow 5 / Ci 19140
11789,Ext. Violet 2 / Ci 60730
11790,Red 4 / Ci 14700
11791,Benzyl Benzoate. 70% Alcohol'
11792,'Musk | 12:'
11793,Tris(Tetramethylhydroxypiperidinol)Citrate
11794,Benzyl Salicylate. 70%']
11795,['Alcohol Denat./Sd Alcohol 40-B
11796,Ext. Violet 2/Ci 60730.']
11797,Yellow 5/Ci 19140.']
11798,'70% Alcohol']
11799,Tris (Tetramethylhydroxypiperidinol)Citrate
11800,['VANILLA | 28:'
11801,''
11802,'MUSK | 12:'
11803,Butylphenyl Methylpropional'
11804,Yellow 5/Ci 19140
11805,['Sweet Diamond Pink Pepper | 25 Eau De Parfum:'
11806,'Alcohol Denat./ Sd Alcohol 40-B
11807,Yellow 5 / Ci 19140.'
11808,'Utopia Vanilla Coco | 21 Eau De Parfum:'
11809,Blue 1/ Ci 42090.']
11810,['Invite Only Amber | 23 Eau De Parfum Intense:'
11811,'Déja Vu White Flower | 57 Eau De Parfum:'
11812,Zea Mays Germ Oil / Corn Germ Oil
11813,Linaloo
11814,Zea Mays Germ Oil/Corn Germ Oil
11815,C13-16 Isoparaffin
11816,Pyridoxine
11817,HCL
11818,Benzul Alcohol
11819,Safflower Glucoside
11820,Hydroxypropyltrimonium Hydrolyzed Wheat Protein
11821,Glyceryl Linolenate
11822,Poly(Linseed Oil)
11823,Xylose
11824,Iris Florentina / Iris Florentina Root Extract
11825,Royal Jelly / Royal Jelly Extract
11826,Sodium Laureth-8 Sulfate
11827,Sodium Methylparaben
11828,Magnesium Laureth-8 Sulfate
11829,Magnesium Laureth Sulfate
11830,Sodium Oleth Sulfate
11831,Hydroxypropyl Guar Hydroxypropyl Trimonium Chloride
11832,Polyquaternium-30
11833,Magnesium Oleth Sulfate
11834,Paraffinum Liquidum/Mineral Oil
11835,Candelilla Cera/Candelilla Wax
11836,Coco-Betain
11837,Ci 60730/Acid Violet 43
11838,Guar Hydroxypropyltrimonium C H L O R I D E
11839,Magnesium Acetate
11840,Malva Sylvestris Flower Extract/Mallow Flower Extract
11841,Polysilicone-8
11842,Peg-14 Dimethicone
11843,Ppg-10 Methyl Glucose Ether
11844,Pentaerythrityl Tetra-Di-T-Butyl Hydroxyhydrocinnamate. N284231/1.']
11845,Malva Sylvestris Flower Extract / Mallow Flower Extract
11846,Laureth-5 Carboxylic Acid
11847,Linalool Hydroxycitronellal
11848,Paraffinum Liquidum / Mineral Oil / Huile Minerale
11849,Dipalmitoylethyl Hydroxyethylmonium Methosulfate
11850,Ci 60730 / Acid Violet 43
11851,Ci 45100 / Acid Red 52
11852,Chlorhexidinedigluconate
11853,Pyridoxine Hcl
11854,Root Extract / Ginger Root Extract
11855,Parfum /Fragrance.']
11856,Paraffinum Liquidum / Mineral Oil
11857,Polysorbate 2
11858,Quaternium-7
11859,Candelilla Cera / Candelilla Wax
11860,Glyceryl
11861,Stearate
11862,Hydroxypropyl Guar Hydroxypropyltrimoniumchloride
11863,C228912/1.']
11864,Peg-30 Glyceryl Stearate
11865,Acrylates/C10-30 Alkylacrylate Crosspolymer
11866,Leontopodium Alpinum Flower/Leaf Extract.']
11867,Dimethicone Peg-7 Phosphate
11868,Behentrimoniumchloride
11869,Zingiber Officinale Root Extract/Ginger Root Extract
11870,Hydroxycitronellal Citronellol
11871,Sodium Hydroxide Citric Acid
11872,Mel Extract/Honey Extract
11873,Tea-Lauryl Sulfate
11874,Pyridoxine HCI
11875,Oryza Sativa Starch/Rice Starch
11876,Helianthus Annuus Seed Extract/Sunflower Seed Extract
11877,Zingiber Officinale Root Extract / Ginger Root Extract
11878,Xylitol Xanthan Gum
11879,Cocos Nucifera Oil / Coconut Oil
11880,Myrothamnus Flabellifolia Leaf Extract.']
11881,Parfum/Fragrance. N279920/1.']
11882,Parfume/Fragrance N280447/1.']
11883,Maleic Acid
11884,C230808/1.']
11885,Steareth-6
11886,Parfum/Fragrance. C279044/1.']
11887,Helianthus Annuus Seed Oil /Sunflower Seed Oil
11888,1199768behentrimonium Chloride
11889,Polycaprolactone
11890,Vinylamine/Vinylformamide Copolymer
11891,Teareth-20
11892,Ceteareth-33
11893,Chlorhexidine Dihydrochloride
11894,Polysorbate 21
11895,Faex Extract/Yeast Extract/Extrait De Levure
11896,Parfum/Fragrance. C258427/1.']
11897,Imethicone
11898,Hydroxypropyltrimonium
11899,Hexyl Clnnamal
11900,Cltronellol
11901,Candelilla Cera/Candelilla Wax/Cire De Candelilla
11902,Bis(C13-15 Alkoxy) Pg-Amodimethicone
11903,['Helianthus Annuus Seed Oil/Sunflower Seed Oil
11904,Olea Europaea Fruit Oil/Olive Fruit Oil
11905,Zea Mays/Corn Germ Oil
11906,Argania Spinosa Oil/Argania Spinosa Kernel Oil
11907,Pentaclethra Macroloba Oil/Pentaclethra Macroloba Seed Oil
11908,CI 42090/Blue 1
11909,Polyglycerin-10
11910,Parfum / Fragrance. C219469/1.']
11911,['Aqua/Water. Sodium Laureth Sulfate. Coco-Betaine. Laureth-5 Carboxylic Acid. Cocamide Mipa. Imodimethicone. Sodium Chloride. Polyquaternium-10. Ppg-5-Ceteth-20. Sodium Benzoate. Benzophenone-4. Peg-55 Propylene Glycol Oleate. Propylene Glycol. Salicylic Acid. Sodium Hydroxide. Benzyl Salicylate. Benzyl Alcohol. Citronellol. Linalool. Methyl Cocoate. Geraniol. Sodium Cocoate. Shorea Robusta Butter. Shorea Robusta Seed Butter. Ci 19140/Yellow 5. Ci 14700/Red 4. Citric Acid. Parfum/Fragrance.']
11912,Polyvinylcaprolactam
11913,Cocamidopropyl Betainedisodium
11914,Laureth Sulfosuccinate
11915,Sodium Polynaphthalenesulfonate
11916,Artemisia Umbelliformis Flower Extract
11917,Parfum/Fragrance. C278987/1.']
11918,Maris Sal (Sea Salt
11919,Sel Marin)
11920,Argania Spinosa Shell Powder
11921,Ci 77000 / Aluminum Powder
11922,Ci 77499 / Ironoxides
11923,C235405/1.']
11924,Soluble Collagen.']
11925,Va/Crotonates/Vinyl Neodecanoate Copolymer
11926,Peg/Ppg-4/12 Dimethicone
11927,Hc Blue No. 2
11928,Hc Blue No. 15
11929,Fumaric Acid. T281825/1.']
11930,Jasminum Grandiflorum Flower Extract/Jasmine Flower Extract
11931,Commiphora Myrrha Resin Extract.']
11932,Octylacrylamide/Acrylates/Butylaminoethylmethacrylate Copolymer
11933,Ci 42090 /Blue 1
11934,Citronellol Citral
11935,Oryza Sativa Cera / Rice Bran Wax&bull; Glyceryl Stearate
11936,Oryza Sativa Starch / Rice Starch
11937,Sodium Cocoamphopropionate
11938,['Aqua /Water
11939,Prunus Armeniaca Kernel Oil / Apricot Kernel Oil
11940,Persea Gratissima Oil / Avocado Oil
11941,Oryza Sativa Bran Oil / Rice Bran Oil
11942,Olea Europaea Fruit Oil / Olive Fruit Oil
11943,Palmitic Acid Carbomer
11944,Acrylates/C10-30 Alkyl Acrylate Crosspolymer Trisodium Ethylenediamine Disuccinate
11945,Prunus Amygdalus Dulcis Oil / Sweet Almond Oil
11946,Sodium Hydroxide Tocopherol
11947,Hydroxypalmitoyl Sphinganine Salicylic Acid
11948,Rosmarinus Officinalis Leaf Extract / Rosemary Leaf Extract Citric Acid']
11949,Bis-Peg-18
11950,Methyl Ether Dimethyl Silane
11951,Prunus Armeniaca Kernel Oil / Apricot Kernel
11952,Olea Europaea Fruit Oil / Olive
11953,Fruit Oil
11954,Acrylates/C10-30
11955,Alkyl Acrylate Crosspolymer Trisodium Ethylenediamine Disuccinate
11956,Prunus
11957,Amygdalus Dulcis Oil / Sweet Almond Oil
11958,Hydroxide Tocopherol
11959,Pseudoalteromonas Ferment
11960,Annuus Seed Oil / Sunflower Seed Oil
11961,Isodecyl Salicylate
11962,Copper Pca
11963,Ci 40800 / Beta-Carotene
11964,Oenothera Biennis Oil/Evening Primrose Oil
11965,Simmondsia Chinensis Oil/Jojoba Seed Oil
11966,Coriandrum Sativum Oil/Coriander Seed Oil
11967,Lavandula Angustifolia Oil/Lavender Oil
11968,Rosmarinus Officina-Lis Leaf Oil/Rosemary Leaf Oil
11969,Cucumis Sativus Extract/Cucumber Fruit Extract
11970,Curcuma Longa Extract/Turmeric Root Extract
11971,Rosa Spp/Rose Flower Oil
11972,Jasminum Officinale Extract/Jasmine Extract
11973,Helianthus Annuus Seed Oil/Sunflower Seed Oil.']
11974,Rosmarinus Officina-lis Leaf Oil/Rosemary Leaf Oil
11975,Pentaerythrityl Tetra-di-t-Butyl Hydroxyhydro-cinnamate
11976,Citrus Aurantium Tachibana Peel Extract
11977,Paeonia Suffruticosa Root Extract.']
11978,PPG-6-Decyltetradeceth-30
11979,Prunus Amygdalus Dulcis Oil/Sweet Almond Oil
11980,Prunus Armeniaca Kernel Oil/Apricot Kernel Oil
11981,Persea Gratissima Oil/Avocado Oil
11982,['Serum:'
11983,Glycereth-25 Pca Isostearate
11984,'Retinol Powder:'
11985,'Cellulose Acetate Butyrate
11986,Magnesium Stearate.']
11987,Olea Europaea Oil / Olive Fruit Oil
11988,3-Octadecanediol Persea Gratissima Oil / Avocado Oil
11989,Citrus Medica Limonum Oil / Lemon Peel Oil']
11990,4-T-Butylcyclohexanol
11991,CI 40800/Beta-Carotene
11992,Hamamelis Virginiana
11993,Water/Witch Hazel Water
11994,Ammonium  Polyacryloyldimethyl Taurate
11995,Capryloyl
11996,Lavandula  Angustifolia Oil/Lavender Oil
11997,Cymbopogon
11998,Schoenanthus Oil
11999,Rosmarinus Officinalis Leaf Oil/Rosemary Leaf Oil.']
12000,Bis-Peg/Ppg-16/16 Peg/Ppg-16/16 Dimethicone
12001,Zea Mays Starch/Corn Starch
12002,Aloe Barbadensis/Aloe Barbadensis Leaf Juice
12003,Avena Sativa Flour/Oat Kernel Flour
12004,Allantoin.']
12005,'Caprylyl Glycol
12006,Aloe Barbadensis/Aloe Barbadensis'
12007,'Leaf Juice
12008,Brassica Campestris Extract/Rapeseed Extract
12009,Brassica Campestris Sprout Extract/Rapeseed Sprout Extract
12010,Mentha Piperita Oil/Peppermint Oil
12011,Origanum Majorana Leaf Oil.']
12012,Ppg-5 Pentaerythrityl Ether
12013,Peg-5 Pentaerythrityl Ether
12014,Sesamum Indicum Seed Oil / Sesame Seed Oil
12015,Glycine Soja Sterols / Soybean Sterols
12016,Argilla / Magnesium Aluminum Silicate
12017,Ci 40800 / Beta-Carotene']
12018,Caprylic/Capric/Myristic/Stearic'
12019,Hydrogenated'
12020,'Olive Oil Stearyl Esters
12021,Butyrospermum Parkii Butter/Shea'
12022,'Butter
12023,'PEG-75 Stearate
12024,Bis-Diglyceryl'
12025,'Polyacyladipate-2
12026,Sesamum Indicum Seed Oil/Sesame Seed Oil
12027,Persea'
12028,'Gratissima Oil/Avocado Oil
12029,'Ceteareth-20
12030,'PPG-5-Ceteth-20
12031,'Allantoin
12032,'Sodium Hydroxide
12033,Aloe Barbadensis'
12034,'Leaf Juice Powder
12035,['Propylene Glycol Dimethicone Glycerin Ascorbic Acid Ethylhexyl Palmitate Cetyl Peg/Ppg-10/1 Dimethicone Dimethicone Crosspolymer Ascorbyl Glucoside Cyclohexasiloxane Hydroxyethylpiperazine Ethane Sulfonic Acid Lauroyl Lysine Acrylonitrile/Methyl Methacrylate/Vinylidene Chloride Copolymer Polysilicone-11 Adenosine Hydrolyzed Hyaluronic Acid Limonene Isobutane Citrus Aurantium Dulcis (Orange) Peel Oil Citrus Limon Peel Oil / Lemon Peel Oil Citral Pentaerythrityl Tetra-Di-T-Butyl Hydroxyhydrocinnamate.']
12036,Persea Gratissima Fruit Extract/Avocado Fruit Extract
12037,CI 77492/Iron Oxides
12038,CI 77288/Chromium Oxide Greens
12039,Melia Azadirachta Flower.']
12040,Hydroxyethyl Acrylate/Sodium Acryloyldimethyl Taurate
12041,Cynanchum Atratum Extract
12042,Citrus Limon Peel Oil/Lemon Peel Oil
12043,Carthamus Tinctorius Seed Oil/Safflower Seed Oil
12044,Peg-40 Glyceryl Cocoate
12045,Citrus Nobilis Peel Oil/Mandarin Orange Peel Oil
12046,Prunus Amygdalus Dulcis Seed Extract/Sweet Almond Seed Extract
12047,Lavandula Angustifolia Oil / Lavender Oil
12048,Coriandrum Sativum Seed Oil / Coriander Seed Oil
12049,Simmondsia Chinensis Seed Oil / Jojoba Seed Oil
12050,Rosmarinus Officinalis Leaf Oil / Rosemary Leaf Oil
12051,Oenothera Biennis Oil / Evening Primrose Oil
12052,['Cannabis Sativa Seed Oil
12053,Pelargonium Graveolens Flow Oil
12054,Origanum Heracleoticum Flower Oil / Sunflower Seed Oil
12055,Mentha Piperita Oil / Peppermint Oil
12056,Mel Extract / Honey Extract
12057,Bulnesia Sarmientoi Wood Oil
12058,Citrus Aurantium Dulcis Peel Oil / Orange Peel Oil
12059,Helianthus Annuus Seed Oil / Sunflower Seed Oil.']
12060,Salicylic Acid']
12061,Arctium Lappa Extract/Arctium Lappa Root Extract
12062,Calendula Officinalis Extract/Calendula Officinalis Flower Extract
12063,Hedera Helix Extract - Ivy Leaf/Stem Extract
12064,Althaea Officinalis/Althaea Officinalis Root Extract']
12065,['Bis-diglyceryl Polyacyladipate-2
12066,Ricinus Communis Seed Oil / Castor Seed Oil
12067,Candelilla Cera / Candelilla Wax / Cire De Candelilla
12068,Helianthus Annuus Seed Cera / Sunflower Seed Wax
12069,Salix Nigra Bark Extract / Willow Bark Extract
12070,Acacia Decurrens Flower Cera / Acacia Decurrens Flower Wax
12071,Stevia Rebaudiana Leaf/stem Extract
12072,Persea Gratissima Oil/Avocado Oil.']
12073,Vigna Aconitifolia Seed Extract
12074,Jasminum Officinale Flower Extract / Jasmine Flower Extract
12075,Rosa Damascena Flower Oil.']
12076,['Avobenzone 3%
12077,Homosalate 5%
12078,Octocrylene 7%: Sunscreens.'
12079,Helianthus  Annuus  Seed  Oil  Unsaponifiables/Sunflower Seed Oil Unsaponifiables
12080,Coriandrum Sativum Seed Oil/Coriander Seed Oil
12081,Citrus Grandis Peel Oil/Grapefruit Peel Oil
12082,Zingiber Officinale Root Oil/Ginger Root Oil
12083,Malpighia Punicifolia/Acerola Fruit Extract.']
12084,Castanea Sativa Seed Extract/Chestnut Seed Extract
12085,Citrus Aurantium Dulcis Juice/Orange Juice
12086,Citrus Limon Juice/Lemon Juice
12087,CI 14700/Red 4.']
12088,Sodium Coco-Sulfate
12089,Chloride
12090,Sodium Dodecylbenzenesulfonate.']
12091,Homosalate 7%
12092,and Octocrylene 5%: Provide sun protection.'
12093,'Dicaprylyl Ether
12094,'Peg-100 Stearate
12095,'Triethanolamine
12096,'Myristyl Alcohol
12097,'Sweet Almond Oil
12098,'Apricot Kernel Oil
12099,'Avocado Oil.']
12100,['Water Squalane
12101,Sweet Almond Oil
12102,Apricot Kernel Oil
12103,Avocado Oil.']
12104,Paraffinum Liquidum/ Mineral Oil
12105,Dimethi-Cone
12106,Butyrospermum Parkii/ Shea Butter
12107,Solum Diatomeae/Diatomaceous Earth
12108,Ammonium Polyacryloyl-Dimethyl Taurate
12109,Epilobium Angustifolium/ Epilobium Angustifolium Extract
12110,Hydrolyzed Algin.']
12111,Corn Germ Oil
12112,Chestnut Seed Extract
12113,Orange Juice
12114,Lemon Juice
12115,Ci 14700 / Red 4.']
12116,Oat Kernel Meal
12117,Oat Bran
12118,Calendula Officinalis Flower
12119,Glycyrrhiza Glabra Root Extract/Licorice Root Extract
12120,Rosmarinus Officinalis Leaf Extract/Rosemary Leaf Extract
12121,Zingiber Officinale Root Extract/Ginger Root Extract.']
12122,Theobroma Cacao Seed Butter/Cocoa Seed Butter
12123,Oat Kernel Flour
12124,Witch Hazel Leaf Water
12125,Prunus Armeniaca Seed Powder/Apricot Seed Powder
12126,Disodium Ricinoleamido Mea-Sulfosuccinate
12127,Apricot Seed Powder
12128,Soybean Oil
12129,Parfum/ Fragrance
12130,Olea Europaea Oil/Olive Fruit Oil
12131,Citrus Medica Limonum Oil/ Lemon Peel Oil']
12132,Cocoa Seed Butter
12133,Rye Seed Extract
12134,Soybean Protein
12135,Orange Fruit Water
12136,Sugar Maple Extract
12137,Cryptomeria Japonica Bud Extract
12138,Octocrylene 7%']
12139,Avocado Oil
12140,Olive Fruit Oil
12141,Peppermint Oil
12142,Bitter Orange Leaf/Twig Oil
12143,Ginger Root Oil
12144,Cistus Ladaniferus Oil
12145,Vinyl Neodecanoate Copolymer
12146,['Ultra Facial Cream:'
12147,PEG-8 Stearate
12148,Pentaerythrityl Tetraethlhexanoate
12149,Prunus Armeniaca Kernal Oil/Apricot Kernal Oil
12150,Cetl Alcohol
12151,Oryza Sativa Bran Oil/Rice Bran Oil
12152,Myristic acid
12153,Hydroxypalmitol Sphinganine
12154,'Rare Earth Mask:'
12155,Methylsilanol/Silicate Crosspolymer
12156,Hydroxyethylcellulose.']
12157,['Aqua / Water Glycerin Dimethicone Squalane Bis-Peg-18 Methyl Ether Dimethyl Silane Sucrose Stearate Stearyl Alcohol Peg-8 Stearate Myristyl Myristate Prunus Armeniaca Kernel Oil / Apricot Kernel Oil Phenoxyethanol Persea Gratissima Oil / Avocado Oil Glyceryl Stearate Cetyl Alcohol Oryza Sativa Bran Oil / Rice Bran Oil Olea Europaea Fruit Oil / Olive Fruit Oil Chlorphenesin Stearic Acid Palmitic Acid Carbomer Acrylates/C10-30 Alkyl Acrylate Crosspolymer Trisodium Ethylenediamine Disuccinate Prunus Amygdalus Dulcis Oil / Sweet Almond Oil Xanthan Gum Ethylhexylglycerin Sodium Hydroxide Tocopherol C1 - Internal Use Glycine Soja Oil / Soybean Oil Pseudoalteromonas Ferment Extract Myristic Acid Hydroxypalmitoyl Sphinganine Salicylic Acid Helianthus Annuus Seed Oil / Sunflower Seed Oil Rosmarinus Officinalis Leaf Extract / Rosemary Leaf Extract Citric Acid.']
12158,['Ultra Facial Cream'
12159,'Aqua / Water Glycerin Dimethicone Squalane Bis-Peg-18 Methyl Ether Dimethyl Silane Sucrose Stearate Stearyl Alcohol Peg-8 Stearate Myristyl Myristate Prunus Armeniaca Kernel Oil / Apricot Kernel Oil Phenoxyethanol Persea Gratissima Oil / Avocado Oil Glyceryl Stearate Cetyl Alcohol Oryza Sativa Bran Oil / Rice Bran Oil Olea Europaea Fruit Oil / Olive Fruit Oil Chlorphenesin Stearic Acid Palmitic Acid Carbomer Acrylates/C10-30 Alkyl Acrylate Crosspolymer Trisodium Ethylenediamine Disuccinate Prunus Amygdalus Dulcis Oil / Sweet Almond Oil Xanthan Gum Ethylhexylglycerin Sodium Hydroxide Tocopherol C1 - Internal Use Glycine Soja Oil / Soybean Oil Pseudoalteromonas Ferment Extract Myristic Acid Hydroxypalmitoyl Sphinganine Salicylic Acid Helianthus Annuus Seed Oil / Sunflower Seed Oil Rosmarinus Officinalis Leaf Extract / Rosemary Leaf Extract Citric Acid.'
12160,'Ultra Facial Cleanser:'
12161,Prunus ArmeniacaKernel Oil/Apricot Kernel Oil
12162,Persea Gratissima Oil/Avocado Oil.'
12163,'Rare Earth Deep Pore Cleansing Masque:'
12164,Aqua - Water - Eau
12165,Benzoic Acid <Iln45105>.']
12166,Tocopherol <Iln49607>.']
12167,Benzyl Alcohol/ Benzyl Salicylate
12168,Water/ Aqua/Eau
12169,Tocopherol <Iln45866>.']
12170,Diphenylsiloxy Phenyl
12171,Trimethicone
12172,Acrylates/Polytrimethyl Siloxymethacrylate Copolymer
12173,Isostearyl Sebacate
12174,Kjellmaniella Gyrata Extract
12175,Hydrolyzed Conchiolin Protein
12176,Hydrogen Dimethicone.']
12177,['Cocos Nucifera (Coconut) Oil*
12178,['Rosa Canina Fruit Oil*
12179,Helianthus Annuus (Sunﬂower) Seed Oil*
12180,Morinda Citrifolia Fruit Extract*
12181,Jasminum Ofﬁcinale (Jasmine) Flower/Leaf Extract
12182,Rosa Damascena Flower Oil*
12183,Hippophae Rhamnoides (Sea Buckthorn) Seed Oil*
12184,Geraniol**
12185,Citronellol**
12186,Farnesol** Citral**.']
12187,Hippophae Rhamnoides (Seabuckthorn) Fruit Oil
12188,Lactobacillus/Arundinaria Gigantea Leaf Ferment Filtrate
12189,Mentha Piperita (Peppermint Indian) Leaf Oil
12190,Yeast (Faex) Powder
12191,Juniperus Virginiana (Cedarwood) Oil
12192,Soybean Peroxidase
12193,Lactobacillus/Dipteryx Odorata Seed Ferment Filtrate
12194,Xylityl Sesquicaprylate
12195,Citrus Aurantium (Neroli) Flower Oil*
12196,Willow Bark Extract
12197,Pelargonium Graveolens (Chinese Geranium) Flower Oil
12198,Farnesol**
12199,Limonene**.']
12200,Rosa Canina (Rose Hip) Seed Powder
12201,Rosa Canina (Rose Hip) Fruit Oil
12202,Morinda Citrifolia (Noni) Fruit Powder
12203,Tremella Fuciformis Sporocarp (Silver Ear/Snow Mushroom) Extract
12204,Rosa Centifolia (Rose Moroccan) Flower Oil
12205,Macadamia Ternifolia (Macadamia Nut) Seed Oil
12206,Rosa Canina (Rosehip) Fruit Oil
12207,Ocimum Basilicum (Basil) Oil
12208,Macadamia Ternifolia (Macadamia Nut) Oil
12209,Caryodendron Orinocense Seed Oil
12210,Morinda Citrifolia (Noni) Fruit Extract
12211,Coffee Arabica Seed Extract
12212,Quartz.']
12213,Lactobacillus/Acerola Cherry Ferment
12214,Capsicum Annuum (Capsicum) Fruit Extract
12215,Morinda Citrifolia (Noni) Fruit Extract*
12216,Salvia Sclarea (Clary Sage) Extract
12217,Euterpe Oleracea (Acai) Juice*
12218,Helianthus Annuus (Sunflower)Seed Oil
12219,Bursera Graveolens Wood Oil
12220,Rosmarinus Officinalis (Rosemary) Leaf Oil*
12221,Ocimum Basillicum (Basil) Oil
12222,Rosa Centifolia Flower Oil
12223,Geraniol**.']
12224,['Rosa Canina Fruit Oil
12225,Dicaprylyl (Vitamin E) Carbonate
12226,Hippophae Rhamnoides (Sea Buckthorn) Seed Oil
12227,Farnesol Citral.']
12228,Chlamydomonas Reinhardtii Extract
12229,Cocos Nucifera Fruit Extract
12230,Rosmarinus Officinalis (Rosemary) Leaf/Stem Oil
12231,Mentha Piperita (Peppermint) Flower/Leaf/Stem Oil
12232,Citrus Aurantium Dulcis'
12233,'(Orange) Peel Oil
12234,Bursera Graveolens (Palo Santo) Wood Oil
12235,Globularia Alypum Leaf Extract
12236,Tetraselmis Suecica Extract
12237,Cocos Nucifera (Coconut) Extract
12238,Cyamposis Tetragonoloba (Guar) Gum
12239,Maltodextrin (Tapioca Starch)
12240,Morinda Citrifolia Fruit Powder
12241,Helianthus Annuus (Sunflower) Seed Wax/Helianthus Annuus Seed Cera
12242,Sparassis Crispa Extract
12243,Lactis Proteinum/Whey Protein/Protéine Du Lait
12244,Vitis Vinifera (Grape) Fruit Extract*
12245,Epilobium Fleischeri Flower/Leaf/Stem Extract
12246,Sodium Gluceptate
12247,Troxerutin
12248,Hydroxyethyl Acrylate/ Sodium Acryloyldimethyl Taurate Copolymer
12249,['Isoamyl Laurate
12250,Rosa Gallica Flower Powder
12251,Epigallocatechin Gallatyl Glucoside
12252,Gallyl Glucoside
12253,Ozonized Oryza Sativa (Rice) Callus Culture Extract
12254,['C13-15 Alkane
12255,Ethyl Linolenate
12256,Copper Lysinate /Prolinate
12257,Hexapeptide-11
12258,Peucedanum Graveolens (Dill) Extract
12259,Pinus Nigra Bud/Needle Extract
12260,Polyglyceryl-5 Laurate
12261,Avena Strigosa Seed Extract
12262,Hydrolyzed Soybean Fiber
12263,Pinus Heldreichii Bark Extract
12264,Helianthus Annuus (Sunflower) Seed Cera (Wax)
12265,Dunaliella Salina (Algae) Extract
12266,Foeniculum Vulgare (Fennel) Fruit Oil
12267,Phytosterols  [May Contain: Titanium Dioxide (CI 77891)
12268,Iron Oxides (CI 77499)]']
12269,Simmondsia Chinensis Seed Oil / Simmondsia Chinensis (Jojoba) Seed Oil
12270,Candelilla Cera / Euphorbia Cerifera (Candelilla) Wax
12271,Helianthus Annuus Seed Oil / Helianthus Annuus (Sunflower) Seed Oil
12272,Vitis Vinifera Seed Extract / Vitis Vinifera (Grape) Seed Extract (+/-): CI 77891 / Titanium Dioxide
12273,CI 77491 / Iron Oxides
12274,CI 77492 / Iron Oxides
12275,CI 77499 / Iron Oxides.']
12276,['Zinc Oxide (7.5%)
12277,Phenethyl Alcohol [May Contain: Titanium Dioxide (CI 77891)
12278,Silica Dimethyl Silylate; Caprylyl Glycol
12279,[May Contain/Peut Contenir: Red 7 Lake (CI 15850)
12280,['Coco-Caprylate/Caprate
12281,Rosa Canina Fruit Oil; Helianthus Annuus (Sunflower) Extract
12282,[+/ -: Titanium Dioxide (CI 77891)
12283,Iron Oxide (CI 77492)
12284,Iron Oxide (CI 77499)]']
12285,Tin Oxide [+/ -: Titanium Dioxide (CI 77891)
12286,Iron Oxide (CI 77499)].']
12287,Euphorbia Cerifera (Candelilla) Cera
12288,Helianthus Annuus Seed Cera
12289,Vitis Vinifera (Grape) Seed Oil; Acacia Decurrens Flower Cera
12290,[+/ -: Ci 77891
12291,CI 73360]']
12292,Citrus Aurantium Dulcis Fruit Extract/Citrus Aurantium Dulcis (Orange) Fruit Extract
12293,Butyrospermum Parkii Butter/Butyrospermum Parkii (Shea) Butter
12294,Simmondsia Chinensis Seed Oil/Simmondsia Chinensis (Jojoba) Seed Oil
12295,(+/-): CI 77891/Titanium Dioxide
12296,CI 77491/Iron Oxides
12297,CI 77499/Iron Oxides.']
12298,[May Contain/Peut Contenir: Red 28 Lake (CI 45410)]']
12299,Shikimic Acid
12300,Cananga Odorata Flower (Ylang Ylang) Oil
12301,Citrus Paradisi Peel Oil
12302,Simmondsia Chinensis Seed (Jojoba) Oil
12303,['Prunus Armeniaca (Apricot) Kernel Oil
12304,Micocrystalline Wax (Cera Microcristallina)
12305,Sclerocarya Birrea (Marula) Seed Oil
12306,77499)
12307,Polyglyceryl-3
12308,Polyricinoleate
12309,Oryza Sativa Bran Extract
12310,Helianthus Annuus Extract
12311,Polyglyceryl-6 laurate
12312,Zea Mays Oil
12313,Cholecalciferol
12314,Cyamopsis Tetragonoloba Gum
12315,[May Contain/Peut Contenir: Titanium Dioxide (CI 77891)
12316,[+/-]: CI 77163
12317,Tocopherol [+/-: Iron Oxides (CI 77491
12318,Capryloyl/Caproyl Methyl Glucamide; Glycolic Acid
12319,Papain (Papaya enzyme)
12320,Bromelain (Pineapple Enzyme)
12321,Natural Fragrance.']
12322,Diisostearoyl Polyglyceryl-3 Dimer Dilinoleate
12323,Ricinus Communis Seed Oil
12324,['Bis-Diglyceryl Polyacyladipate-2
12325,dl-alpha Tocopheryl Nicotinate
12326,Punica Granatum Flower Extract; Butyrospermum Parkii (Shea Butter) Unsaponifiables
12327,Foeniculum Vulgare Fruit Oil
12328,[May Contain (+/-) Titanium Dioxide CI 77891
12329,Red 28 Lake CI 45410].']
12330,['Latex-free Polyurethane Foam']
12331,Hydrolyzed Rice Protein/Hydrolyzed Vegetable Protein
12332,Hibiscus Sabdariffa Fruit Extract/Hibiscus Sabdariffa Flower Extract
12333,Hydrolyzed Sodium Hyaluronate/Sodium Hyaluronate
12334,Palmitoyl Tripeptide-37
12335,Arginine HCl
12336,77499).']
12337,Water (Aqua) (Eau)
12338,Silica Dimethicone Silylate
12339,['Wild Rose Extract
12340,Safflower Seed Oil
12341,and Vitamin E: Help condition skin for a flawless finish.'
12342,'Levitation/Lyric/Lucid:'
12343,Rosa Canina Flower Extract. May Contain: Titanium Dioxide (Ci 77891)
12344,'Shadowplay:'
12345,'Subconscious:'
12346,'Titanium Dioxide (Ci 77891)
12347,'Sombre:'
12348,Phenylalanine. May contain/Peut contenir (+/-): Titanium Dioxide (CI 77891)
12349,Polyurethane-34
12350,3-Aminopropanol.']
12351,Barium Sulfate (Ci 77120)
12352,BIS-Hydroxyethoxypropyl Dimethicone/IPDI Copolymer Ethylcarbamate
12353,Caprylyl Dimethicone Ethoxy Glucoside
12354,DI-C12-13 Alkyl Tartrate
12355,Polyphenylsilsesquioxane
12356,Helianthus Annuus Seed Cera/Helianthus Annuus (Sunflower) Seed Wax
12357,Ricinus Communis Seed Oil/Ricinus Communis (Castor) Seed Oil
12358,['Fascination'
12359,': Rayon
12360,'Legend:'
12361,'Midnight:'
12362,Iron Oxides(Ci 77499)
12363,'Solo:'
12364,['Tattoo Liner:'
12365,'Go Big or Go Home Volumizing Mascara:'
12366,Pentaerythrityl Tetra-Di-T-Butyl Hydroxyhydrocinnamate. May Contain/Peut Contenir (+/-): Blue 1 Lake (CI 42090)
12367,Cera
12368,Carnauba/Copernicia
12369,Cerifera (Carnauba) Wax/Cire De Carnauba
12370,Oryza Sativa   Cera/Oryza Sativa (Rice) Bran Wax
12371,Bis-Diglyceryl  Polyacyladipate-2
12372,Jojoba  Esters
12373,Ferric Ammonium Ferrocianide (Ci 77510).']
12374,Alpha- Isomethyl Ionone
12375,Peg- 100 Stearate
12376,Helian Thus Annuus (Sunflower) Seed Oil
12377,Dioleyl Tocopheryl Methylsilanol
12378,Prunus Amygdalus Dulcis (Sweet Almond) Protein
12379,Juglans Regia (Walnut) Seed Extract
12380,Coumarin']
12381,Cinnamyl Alcohol']
12382,Linum Usitatissimum(Linseed) Seed Extract
12383,Prunus Armeniaca (Apricot)Kernel Oil
12384,Mel/Honey Extract
12385,Linalool – Geraniol
12386,Prunus Amygdalus Dulcis (Sweet Almond) Shell Powder
12387,Prunus Amygdalus Dulcis (Sweet Almond)  Oil
12388,CI 77492/Iron Oxides.']
12389,['Organic Butyrospermum Parkii (Shea Butter) Fruit.']
12390,Oenothera Biennis (Evening Primrose) Oil*
12391,Tapioca Starch**
12392,Ascorbyl Glucoside**
12393,Camelina Sativa Seed Oil**
12394,Cetyl Alcohol**
12395,Helichrysum Italicum Flower Oil*
12396,Myrtus Communis Oil*
12397,Borago Officinalis Seed Oil*
12398,Helichrysum Italicum Extract*
12399,Echium Plantagineum Seed Oil**
12400,Menyanthes Trifoliata Leaf Extract**
12401,Bellis Perennis (Daisy) Flower Extract**
12402,Mel/Honey**
12403,Polysorbate 60**
12404,Sodium Hyaluronate**
12405,Cetearyl Glucoside**
12406,Cetearyl Alchohol
12407,Glyceral Stearate
12408,CI 77891/Titanium Dioxide.']
12409,Parfum/Fragrance']
12410,Olus Oil/Vegetable Oil
12411,Ci 77492/Iron Oxides']
12412,['Tipa-Laureth Sulfate
12413,Heterotheca Inuloides Flower Extract
12414,Lippia Citriodora Leaf Extract
12415,Helichrysum Italicum Flower Oil
12416,Origanum Majorana Leaf Extract
12417,CI 75130/Beta-Carotene.']
12418,Isononylisononanoate
12419,Castor Oil/Ipdi Copolymer
12420,Ammonium Glycerrhizate
12421,Oleyl Erucate
12422,Sodium Hyrdoxide
12423,Ci 75130/Beta-Carotene.']
12424,['Almond Delicious:'
12425,Butyrospermum Parkii (Shea) Buttercoco- Caprylate/Caprate- Corn Starch Modified
12426,'Lavender:'
12427,'Shea Butter:'
12428,['Algae (Seaweed) Extract
12429,Citrus Aurantifolia (Lime) Extract
12430,Eucalyptus Globulus (Eucalyptus) Leaf Oil
12431,Sesamum Indicum (Sesame) Seed Powder
12432,Medicago Sativa (Alfalfa) Seed Powder
12433,Prunus Amygdalus Dulcis (Sweet Almond) Seed Meal
12434,Tocopheryl Succinate
12435,Mineral Oil\\Paraffinum Liquidum\\Huile Minerale
12436,Eucalyptus Globulus (Ecalyptus) Leaf Oil
12437,Water\\Aqua\\EAU
12438,Helichrysum Arenarium (Everlasting) Extract
12439,Triticum Vulgare (Wheat) Flour Lipids
12440,Tetraacetylphytosphingosine
12441,Ecklonia Cava Extract
12442,Polygonum Fagopyrum Seed Extract
12443,Algae (Seaweed) Extract
12444,Yellow 6 (Ci 15985) <ILN41590>.']
12445,Seaweed (Algae) Extract
12446,Sesamum Indicum (Sesame) Seed
12447,Eryngium Maritimum Extract
12448,Green 5 (Ci 61570)'
12449,['Declustered Water (+)\\Aqua\\Eau De-Structuree (+)
12450,Humic Acids
12451,Macrocystis Pyrifera (Kelp) Protein
12452,Sodium Coco Pg-Dimonium Chloride Phosphate
12453,['Algae Extract
12454,Spirulina Platensis (Algae) Powder
12455,['Copolymer
12456,Propylene Glycol Dioctanoate
12457,Vegetable Oil\\Olus\\Huile Vegetale
12458,['Declustered Water (-)\\Aqua\\Eau De-Structuree (-)
12459,Declustered Water (+)\\Aqua\\Eau De-Structuree (+)
12460,['Declustered Water (-)/Aqua/Eau De-Structuree (-)
12461,Declustered Water (+)/Aqua/Eau De-Structuree (+)
12462,Phaeodactylum Tricornotum ( Plankton) Extract
12463,Ahnfeltia Concinna Extract
12464,Phenoxyethanol <ILN38438>.']
12465,Bupleurum Falcatum root extract
12466,humulus lupulus (hops) Extract
12467,Prunus Mume Fruit Extract
12468,Rosma rinus Officinalis (Rosemary) Extract
12469,Propylene Glycol Diethylhexanoate
12470,Mentha Viridis (Spearmint)
12471,Lavandula Angustifolia (Lavender) Flower  Wax
12472,Codium Tomentosum Extract
12473,Styrene/Vp Copolymer
12474,Tocopheryl Linoleate/Oleate
12475,['Treatment Lotion:'
12476,'Declustered Water (+)\\Aqua\\Eau De-Structuree (+)
12477,Declustered Water (-)\\Aqua\\Eau De-Structuree (-)
12478,'Creme de la Mer:'
12479,'Algae (Seaweed) Extract
12480,Polypropysilsequioxane
12481,C30-45 Alkyldimethylsilyl
12482,Polypropylsilsequioxane Silica
12483,Dimethicone/Polyglycerinej-3 Crosspolymer
12484,Cyclomethione
12485,Phenoxyethanol Chlorphenesin
12486,[May Contain CI 77007 / Ultramarines
12487,CI 77499 / Iron Oxides
12488,CI 77891 / Titanium Dioxide].']
12489,Cera Carnauba/Carnauba Wax/Cire De Carnauba
12490,Polymethacrylate
12491,Polycaprolactone.']
12492,Cera Alba / Beeswax / Cire D’Abeille
12493,Peg-200 Glyceryl Stearate
12494,Copernicia Cerifera Cera / Carnauba Wax / Cire De Carnauba
12495,[May Contain / Peut Contenir Ci 77499 / Iron Oxides']
12496,Ammonium Polyacryldimethyltauramide/Ammonium Polyacryloyldimethyl Taurate
12497,Mel/Honey
12498,Prunus Amygdalus Dulcis Protein/Sweet Almond Protein
12499,Faex/Yeast Extract
12500,Disodium Succinate
12501,Beheneth-10
12502,Glycol Palmitate
12503,Coriandrum Sativum Fruit Oil/Coriander Fruit Oil
12504,[May Contain
12505,Ci 75470 / Carmine
12506,Poloxamer 184
12507,Quaternium-15
12508,Fragrance. May Contain (+/-): Red 7 (Ci 15850)
12509,Carnauba/Carnauba Wax/Cire De Carnauba
12510,Imidazolidinyl Urea
12511,[May Contain: Ci 77499
12512,Ci 77007 /Ultramarines
12513,Homosalate 15%
12514,Octocrylene 7%
12515,Sodium Dodecylbenzenesulfonate
12516,PEG-8 Laurate
12517,Rosa Meichibon/Delgramaue Callus
12518,Ammonium Polyacryldimethyltauramide / Ammonium Polyacryloyldimethyl Taurate
12519,Laureth-7.']
12520,['Pentaerythrityl Isostearate/Caprate/Caprylate/Adipate
12521,PEG-45/Dodecyl Glycol Copolymer
12522,CI 15850/Red 7
12523,CI 45410/Red 28 Lake
12524,CI 42090/Blue 1 Lake
12525,Fragrance. May Contain (+/-): Iron Oxides (Ci 77491
12526,Ananas Sativus Fruit Extract/Pineapple Fruit Extract
12527,Faex Extract/Yeast Extract
12528,Fagus Sylvatica Bud Extract
12529,Rosmarinus Officinalis Extract/Rosemary Extract
12530,Vitis Vinifera Seed Oil/Grape Seed Oil
12531,Aluminum Myristates/Palmitates
12532,May Contain: Mica
12533,Allyl Stearate/Va Copolymer
12534,Polyvinyl Laurate Vp/Eicosene Copolymer
12535,PEG-30 Glyceryl Stearate
12536,[+/- (May Contain): CI 77499 (Iron Oxides)].']
12537,Cera Carnauba/Carnauba Wax
12538,Ci 77891 /Titanium Dioxide
12539,Polygonum Fagopyrum Seed Extract/Buckwheat Seed Extract
12540,Bis-Peg/Ppg-16/16 Peg/Ppg- 16/16 Dimethicone
12541,Parfum/Fragrance &bull; (F.I.L. : B257052/2).']
12542,['Aqua/Water /Eau
12543,Guanosine
12544,Hydrolyzed LinseedExtract
12545,PolyacrylateCrosspolymer-6
12546,Polysorbate20
12547,Caprylyl'
12548,Acrylamide/Sodium AcryloyldimethyltaurateCopolymer
12549,(F.I.L. B260371/2).']
12550,Propylene'
12551,'Chloride
12552,Cellulose Acetate'
12553,'Butyrate
12554,'Phosphate
12555,Polyphosphorylcholine Glycol'
12556,'Acrylate
12557,'Linalool
12558,Benzyl Alcohol; May Contain: Titanium'
12559,Trilaureth-4 Phosphate
12560,Calcium Sodium Borosilicate Silica
12561,[+/- (May Contain): CI 42090 (Blue 1 Lake)
12562,CI 75470 (Carmine)
12563,CI 77400 (Bronze Powder)
12564,Arachidyl Propionate
12565,[May Contain CI 77491
12566,CI 77499/Iron Oxides
12567,Hydroxypalmitoyl Sphinganine  Hydroxypropyl Starch Phosphate
12568,Faex Extract / Yeast Extract / Extrait De Levure
12569,[+/- (May Contain): CI 75470 (Carmine)
12570,Paraffin Isostearyl Isostearate
12571,PTFE Isohexadecane
12572,Alumina Polyethylene
12573,Parfum/Fragrance [May Contain: CI 15850/Red 7
12574,CI 45380/Red 22 Lake
12575,CI 75470/Carmine
12576,CI 77120/Barium Sulfate
12577,CI 77742/Manganese Violet
12578,CI 15850/Red 6
12579,CI 19140/Yellow 5 Lake
12580,CI 42090/Blue 1 Lake].']
12581,Phenoxyethanol. May Contain (+/-): Carmine (Ci 75470)
12582,Dimethicone Crosspolymer.']
12583,Peg-14m
12584,Rosa Gallica Extract
12585,Cryptomeria Japonica Bud Extract.']
12586,[+/- (May Contain): CI 15850 (Red 6)
12587,Cyathea Medullaris Leaf Extract
12588,hydrolyzed linseed extract
12589,Ammonium Acryloyldimethyltaurate/Steareth-25 Methacrylate Crosspolymer
12590,Cinnamic Acid
12591,PEG-20 Stearate
12592,CI 16035/Red 40
12593,Secale Cereale Seed Extract/Rye Seed Extract
12594,Oryza Sativa Cera/ Rice Bran Wax
12595,Candelilla Cera/Candelilla Wax/ Cire De Candelilla
12596,[May Contain: Ci 77499/Iron Oxides].']
12597,['Ci 77499/Iron Oxides
12598,Ci 77266/Black 2
12599,Allyl
12600,Stearate/VA Copolymer
12601,VA/Vinyl Butyl Benzoate/Crotonates Copolymer
12602,Polyvinyl Laurate
12603,[+/- (May Contain): CI 77499
12604,Tdi/Trimellitic Anhydride Copolymer
12605,[May Contain / Peut Contenir: Ci 77007 / Ultramarines
12606,Ci 77266 [Nano] / Black 2
12607,Ci 61570 (Green 5).']
12608,Rosa Gallica Extract/Rosa Gallica Flower Extract
12609,Benzotriazolyl Dodecyl P-cresol
12610,Hamamelis Virginiana Leaf Extract/Witch Hazel Leaf Extract
12611,Actinidia Chinensis Fruit Extract/Kiwi Fruit Extract
12612,Zea Mays Oil/Corn Oil
12613,Sodium Succinate
12614,Faex Extract / Yeast Extract
12615,Arginine Ethylhexylglycerin
12616,Ceratonia Siliqua Gum / Carob Gum
12617,Cera AlbaBeeswax
12618,Copernicia Cerifera CeraCarnauba Wax
12619,Oryza Sativa CeraRice Bran Wax
12620,Candelilla CeraCandelilla Wax
12621,Ethylenediamine/Stearyl
12622,Dimer Dilinoleate Copolymer
12623,[+/- (May Contain): Peut Contenir
12624,Oryza Sativa Cera / Rice Bran Wax
12625,Theobroma Cacao Extract/Cocoa Extract
12626,Paeonia Suffruticosa Extract/Paeonia Suffruticosa Root Extract
12627,Jasminum Officinale Extract/Jasmine Flower Extract
12628,Sorbitol/Sebacic Acid Copolymer Behenate
12629,Disodium Ethylene Dicocamide PEG-15 Disulfate
12630,Saccharomyces/Xylinum/ Black Tea Ferment
12631,Hydrolyzed Hazelnut Protein
12632,'Mel / Honey
12633,'Ci 14700 / Red 4
12634,'Ci 17200 / Red 33
12635,'Argania Spinosa Shell Powder
12636,'Peg-30 Dipolyhydroxystearate
12637,'Arginine
12638,'Trideceth-6
12639,'Salicylic Acid
12640,'Panthenol
12641,'Rosa Damascena Flower Water
12642,'Prunus Amygdalus Dulcis Oil / Sweet Almond Oil
12643,Copernica Cerifera Cera/Carnauba Wax/Cire De Carnauba
12644,May Contain Iron Oxides.']
12645,Carboxymethyl Starch
12646,Carnauba/Carnauba Wax
12647,Polyquaternium-10. May Contain (+/-): Iron Oxides (Ci 77499
12648,Ci 77491)
12649,Saccharum Officinarum Extract/Sugarcane Extract
12650,Citrus Limon Fruit Extract / Lemon Fruit Extract
12651,Acer Saccharum Extract/ Sugar Maple Extract
12652,Actinidia Chinensis Fruit Extract / Kiwi Fruit Extract
12653,Rosa Centifolia Extract / Rosa Centifolia Flower Extract
12654,['Advanced Génifique Youth Activating Serum:'
12655,'Advanced Génifique Yeux Light Pearl:'
12656,Rosa Centifolia Stem Extract
12657,['Advanced Génifique Face Serum:'
12658,'Advanced Génifique Eye Cream:'
12659,Parfum/Fragrance &bull; (F.I.L. : B257052/2).'
12660,'Advanced Génifique Night Cream:'
12661,Hydroxypalmitoyl Sphinganine Hydroxypropyl Starch Phosphate
12662,['Betaine
12663,['Idole Ultra-Precise Felt Tip Liquid Eyeliner:'
12664,Iodopropynyl Butylcarbamate.'
12665,'Lash Idole Lash-Lifting & Volumizing Mascara:'
12666,[May Contain/Peut Contenir Ci 77499 /Iron Oxides.']
12667,['Cils Booster XL Enhancing Lash Primer:'
12668,Propylparaben.'
12669,'Monsieur Big Volumizing Mascara:'
12670,'Aqua/Water Paraffin Potassium Cetyl Phosphate Copernicia Cerifera Cera/Carnauba Wax Ethylene/Acrylic Acid Copolymer Styrene/Acrylates/Ammonium Methacrylate Copolymer Cera Alba/Beeswax Synthetic Beeswax Bis-Diglyceryl Polyacyladipate-2 Polybutene Cetyl Alcohol Steareth-20 Glyceryl Dibehenate Steareth-2 C12-13 Pareth-23 C12-13 Pareth-3 Tribehenin Acacia Senegal Gum Glyceryl Behenate Sodium Laureth Sulfate Silica Divinyldimethicone/Dimethicone Copolymer Disodium Edta Hydrogenated Jojoba Oil Hydrogenated Palm Oil Hydroxyethylcellulose Caprylyl Glycol Tetrasodium Edta Ethylenediamine/Stearyl Dimer Dilinoleate Copolymer Butylene Glycol Bht Pentaerythrityl Tetra-Di-T-Butyl Hydroxyhydrocinnamate Potassium Sorbate Sodium Dehydroacetate Phenoxyethanol [May Contain Ci 75470/Carmine Ci 77007 /Ultramarines Ci 77491
12671,Ci 77499 / Iron Oxides].'
12672,'Lash Idole Mascara:'
12673,[May Contain/Peut Contenir Ci 77499/Iron Oxides.']
12674,Phyto- Steryl/Isostearyl/Cetyl/Stearyl/Behenyl Dimer Dilinoleate
12675,Microcrystalline Wax / Cera Microcristallina / Cire Microcri Stalline
12676,Euphorbia Cerifera (Candelilla) Wax / Candelilla Cera Hydrocarbons / Cire De Candelilla
12677,Candelilla Wax Esters
12678,Copernicia Cerifera (Carnauba) Wax / Copernicia Cerifera Cera / Cire De Carnauba
12679,Rubus Idaeus (Raspberry) Juice
12680,Vitis Vinifera (Grape) Juice']
12681,Phytosteryl/Isostearyl/Cetyl/Stearyl/Behenyl Dimerdilinoleate
12682,Hydrogenatedpoly(C6-14 Olefin)
12683,Diisostearylmalate
12684,Phytosterylisostearyl Dimer Dilinoleate
12685,Microcrystalline Wax /Ceramicrocristallina / Ciremicrocristalline
12686,Butyrospermumparkii (Shea) Butter
12687,Sucrosetetrastearate Triacetate
12688,Astrocaryum Murumuruseed Butter
12689,Euphorbia Cerifera(Candelilla) Wax / Candelillacera Hydrocarbons / Ciredecandelilla
12690,Copernicia Cerifera(Carnauba) Wax / Coperniciacerifera Cera / Cire De Carnauba
12691,Red 6 (Ci15850)
12692,Lyciumchinensefruit Extract
12693,Rubus Idaeus(Raspberry) Fruit Extract
12694,Vaccinium Angustifolium(Blueberry) Fruit Extract
12695,Coffea Arabica (Coffee) Seedextract
12696,Sapindus Mukorossifruit Extract
12697,Vacciniummacrocarpon (Cranberry)Fruit Extract
12698,Fragari Achiloensis (Strawberry) Fruitextract
12699,Rubus Chamaemorusseed Extract
12700,Peg/Ppg-17/6 Copolymer
12701,Caprylylmethicone
12702,Carmine (Ci75470)
12703,Aloe Barbadensis
12704,Flower Extract
12705,Caprylic/Capric Triglyceeride
12706,Glycine Serine
12707,Threonine.']
12708,Polyglyceryl- 10 Stearate
12709,Phytosteryl/ Isostearyl/Cetyl/Stearyl/Behenyl Dimer Dilinoleate
12710,Euphorbia Cerifera (Candelilla) Wax/Candelilla Cera Hydrocarbons/Cire De Candelilla
12711,Palmitoyl Tripeptide-1.']
12712,Undaria Pinnatifida Extract.']
12713,Thymol Trimethoxycinnamate
12714,Pca Dimethicone
12715,Acrylates/C10-30 Alkyl Acrylate  Crosspolymer
12716,Raffinose
12717,Polyglyceryl-3  Methylglucose Distearate
12718,Acorus Gramineus  Extract
12719,['Milk Oil: Helps melt makeup and cleanse away impurities.'
12720,GlycerylCaprylate
12721,Acetyl Heptapeptide-4
12722,Acetyl Octapeptide-3']
12723,Malpighia Emarginata (Acerola) Fruit Extract
12724,Sodium Magne Sium Silicate
12725,['Lip Sleeping Mask [Berry]:'
12726,Polyglyceryl-2 Triisos-Tearate
12727,Vitis Vinifera (Grape) Juice.'
12728,'Lip Sleeping Mask [Chocolate]:'
12729,Phytosteryl/'
12730,'Isostearyl/Cetyl/Stearyl/Behenyl Dimer Dilinoleate
12731,Hydrogenated Poly (C6-14'
12732,'Olefin)
12733,Sucrose Tetra Stearate Triacetate
12734,Euphorbia Cerifera (Candelilla) Wax/Euphorbia Cerifera Cera/'
12735,'Cire De Candelilla
12736,Astrocaryum Murumuru'
12737,'Seed Butter
12738,Iron Oxides'
12739,'(Ci 77491)
12740,Iron'
12741,'Oxides (Ci 77492)
12742,'Methicone
12743,'Pentaerythrityl Tetra-Di-T-Butyl Hydroxyhydrocinnamate
12744,Vitis'
12745,'Vinifera (Grape) Juice.']
12746,Mentha Arvensis Leaf Extract
12747,Diphenyl Siloxy Phenyl Trimethicone
12748,Cyclo Pentasiloxane
12749,Trimethylsilo Xysilicate
12750,Glycerylstea Rate
12751,Polyacry Late-13
12752,Lavan Dula Angustifolia (Lavender) Flower Water
12753,Hydroxyci Tronellal
12754,Pen Tylene Glycol
12755,Bra Ssica Oleracea Italica (Broc Coli) Extract
12756,Hibiscus Abelmo Schus Extract
12757,Magnesium Sul Fate
12758,Toco Pherol
12759,Pota Ssium Sorbate
12760,Manganese Sul Fate
12761,Avobenzone 2.5%
12762,Homosalate 9.0%
12763,Octocrylene 9.0%
12764,Octisalate 4.5%']
12765,['Water Bank Blue Hyaluronic Cream Moisturizer:'
12766,Undaria Pinnatifida Extract.'
12767,'Water Bank Blue Hyaluronic Revitalizing Toner:'
12768,PPG-13-Decyltetradeceth-24
12769,'Water Bank Blue Hyaluronic Serum:'
12770,'Water Bank Blue Hyaluronic Eye Cream:'
12771,Tocopherol. C3']
12772,['Lip Sleeping Mask:'
12773,'Water Sleeping Mask:'
12774,Acorus Gramineus Extract
12775,'Cica Sleeping Mask:'
12776,['Lip Sleeping Mask in Butter:'
12777,'Lip Sleeping Mask in Peach Iced Tea:'
12778,Potassium Alginate
12779,Manganese Sulfate
12780,Ascorbyl Glucoside.'
12781,'Lip Sleeping Mask in Sweet Candy:'
12782,Vitis Vinifera (Grape) Juice.']
12783,Diethoxyethyl Succinate
12784,['Lip Sleeping Mask Berry:'
12785,'Water Bank Blue Hyaluronic Cream Moisturizer:'
12786,'Water Bank Blue Hyaluronic Cleansing Foam:'
12787,Methicone. May contain: Ultramarines (Cl 77007)
12788,May Contain: Ci 77891 (Titanium Dioxide)
12789,Butylparaben. May Contain/Peut Contenir/(+/-): Iron Oxides (Ci 77491
12790,Peg/Ppg-14/7 Dimethyl Ether
12791,Peg-5 Glyceryl Stearate
12792,Peg-30 Phytosterol
12793,T-Butyl Alcohol. May Contain: Titanium Dioxide
12794,['Ethylhexyl Methoxycinnamate
12795,Ethylhexyl Salicylate. Water (Aqua)
12796,PEG -30 Dipolyhydroxystearate
12797,Laryl PCA
12798,Tetradibutyl Pentaerithrityl Hydroxyhydrocinnammate
12799,Isopropyl Titanium Triisostearrate
12800,PPG-15
12801,Stearyl Ether
12802,Propylparaben. (May Contain) +/-: Titanium Dioxide (CI 77891)
12803,Iron Oxide (CI 77499).']
12804,['Mica (Ci 77019)
12805,Silica. May Contain (+/-): Ci 77891 (Titanium Dioxide)
12806,Caprylyl Glycol. May Contain (+/-): Mica
12807,Red 7 (Ci 15850).']
12808,Methylparaben Phenoxyethanol
12809,Propylparaben Tetrasodium EDTA
12810,Orchis Maculata Flower Extract
12811,BHT. +/- [May Contain]: MICA (CI 77019)
12812,Titanium dioxide (CI 77891)
12813,Bis-PEG/PPG-14/14 Dimethicone
12814,Acrylates/C12-22 Alkyl Methacrylate Copolymer
12815,Serica/Silk Powder
12816,Chlorphenesin. May Contain (+/-): Titanium Dioxide (Ci 77891)
12817,Sorbic Acid. May Contain/Peut Contenir/(+/-): Blue 1 Lake (Ci 42090)
12818,C30 Isohexadecane
12819,Potassium Sorbate. May Contain/Peut Contenir/(+/-): Titanium Dioxide (Ci 77891)
12820,Rhus VernicifluaPeel Wax/Cera
12821,T-Butyl Alcohol. May Contain (+/-): Titanium Dioxide (Ci 77891)
12822,'Diethylene Glycol
12823,Diethylhexanoate/Diisononanoate
12824,Copernicia Cerifera (Carnauba) Wax (Cera Carnauba)
12825,Honey Extract (Mel)
12826,Mica (CI 77019). May Contain (+/-): Iron Oxides (CI 77491
12827,Lanolin Oil (Lanolin)
12828,['Yclopentasiloxane
12829,Calcium Sodium Borosilicate. May Contain/Peut Contenir/(+/-): Ferric Ferrocyanide (Ci 77510)
12830,Cera Carnauba (Copernicia Cerifera Wax)
12831,Lanolin Acid
12832,Anthemis Nobilis Flower Extract. +/- [May Contain]: CI 77019 (Mica)
12833,Sodium Silicoaluminate
12834,Water. May Contain (+/-): Ci 77891 (Titanium Dioxide)
12835,Isoceteth-10. May Contain (+/-): Mica
12836,Myristyl Trisiloxane
12837,Polyperfluoroethoxymethoxy Difluoroethyl Peg Phosphate
12838,Ci 77947 (Zinc Oxide (Nano).']
12839,Phenoxyethanol. May Contain/Peut Contenir/(+/-): Bismuth Oxychloride (Ci 77163)
12840,['Correct Camouflage for Complexion:'
12841,'Isodecyl Neopentanoate
12842,Propylene Carbonate. May Contain/Peut Contenir/(+/-): Blue 1 Lake (CI 42090)
12843,'Brighten Concealer for Under Eyes:'
12844,Diacetyl Boldine
12845,Aqua/Water/Eau. May Contain/Peut Contenir/(+/-): Iron Oxides (CI 77491
12846,['Cetyl Dimethicone
12847,Padina Pavonica ThallusExtract
12848,Zinc Oxide (Ci 77947).']
12849,Peg-8/Smdi Copolymer
12850,Sorbeth-30 Tetraisostearate
12851,Ppg-8-Ceteth-20
12852,Sodium Carrageenan
12853,Phenoxyethanol. May Contain/ Peut Contenir/(+/-): Iron Oxides (Ci 77491).']
12854,Butylparaben. May Contain/Peut Contenir/(+/-): Iron Oxides (CI 77491
12855,Mineral Oil (Paraffinium Liquidium)
12856,Alumina. May Contain (+/-): CI 77499 (Iron Oxides)
12857,Sodium Dehydroacetate. May Contain (+/-): Titanium Dioxide (Ci 77891)
12858,Macademia Ternifolia Seed Oil
12859,Shorea Stenoptera (Illipe) Butter
12860,Acrylamide/Sodium Acryloyldimethylaurate Copolymer
12861,Honey (Mel)
12862,Cinnamoum Cassia (Cinnamon) Bark Extract
12863,Honey (Mel) Extract
12864,Protein
12865,Polysorbate 90
12866,Xantham Gum
12867,Caprylyl Glycol. May Contain (+/-): Iron Oxides (Ci 77491)
12868,Potassium Hydroxide. May Contain/Peut Contenir/(+/-): Iron Oxides (Ci 77491)
12869,Citric Acid. May Contain/Peut Contenir/(+/-):Blue 1 Lake (Ci 42090)
12870,Phenoxyethanol. May Contain/Peut Contenir/(+/-): Iron Oxides (Ci 77491
12871,Peg-6 Stearate
12872,Phenoxyethanol. May Contain/Peut Contenir/(+/-): Iron Oxides (Ci 77491)
12873,Argania Spinosa Leaf Extract
12874,Sodium Metabisulfate. (+/-): Mica (CI 77019)
12875,'Hydrogenated Coco-Glycerides
12876,Ricinus Communis (Castor) Seed Oil [Ricinus Communis]
12877,Copernicia Cerifera (Carnauba) Wax [Cera Carnauba]
12878,Citric Acid. May Contain (+/-): Titanium Dioxide (CI 77891)
12879,Methylparaben. May Contain (+/-): Titanium Dioxide (Ci 77891)
12880,C 12-15 Alkyl Benzoate
12881,Butyrospermum Parkii (Shea Butter) Fruit
12882,Cinnamomum Cassia (Cinnamon) Bark Extract
12883,Aloe Barbadensis Leaf Juice (Aloe Vera Gel)
12884,Retinyl Palmitate (Vitamin A Palmitate)
12885,Linoleic Acid (Vitamin F)
12886,Theophylline
12887,Titanium Dioxide (C1 77891)
12888,FD&C Yellow No. 6 (C1 15985)
12889,FD&C Yellow No. 5 (C1 19140)
12890,D&C Red No. 33 (CI 17200).']
12891,CocoGlucoside
12892,BIS-PEG/PPG-14/14 Dimethicone
12893,Avobenzone (3.0%)
12894,Homosalate (5.0%)
12895,Octisalate (5.0%)
12896,Octocrylene (3.0%). May Contain: Iron Oxides
12897,Butylene Glycol. May Contain/Peut Contenir/(+/-): Iron Oxides (Ci 77491
12898,PEG-6 Stearate
12899,Phenoxyethanol. May Contain/Peut Contenir/(+/-): Iron Oxides (CI 77491)
12900,Titanium'
12901,'Dioxide (CI 77891).']
12902,Sorbic Acid. May Contain/Peut Contenir/(+/-): Bismuth Oxychloride (Ci 77163)
12903,Dehydroacetic Acid. May Contain/Peut Contenir/(+/-): Iron Oxides (Ci 77491
12904,Caprylic/Capric Triglyceride Glycerin
12905,Lactic Acid. May Contain: Iron Oxides (CI 77492)
12906,Morus Nigra Fruit Extract
12907,Potassium Hyaluronate
12908,Benzyl Alcohol. May Contain: Iron Oxides (CI 77492)
12909,Red 33 Lake (CI 17200)
12910,['Dipentaerythrityl Hexahydroxystearate/Hexastearate/Hexarosinate
12911,C18-21 Alkane
12912,May Contain: Red 30 Lake (CI 73360)
12913,['First Base:'
12914,Attalea Speciosa Mesocarp Extract
12915,Passiflora Edulis
12916,Glyceryl Caprylate. May Contain (+/-): Iron Oxides (Ci 77489
12917,'Pony
12918,Clutch
12919,Lush:'
12920,Stearoyl Glutamic Acid. May Contain (+/-): Iron Oxides (Ci 77491
12921,'Luster:'
12922,Synthetic Fluorphogopite
12923,Tocopherol. May Contain (+/-): Titanium Dioxide (Ci 77891)
12924,'Smolder:'
12925,Coco - Caprylate/Caprate
12926,Tocopherol. May Contain (+/-): Iron Oxides (Ci 77489
12927,'Bonfire:'
12928,'Plunge:'
12929,'Stearoyl Glutamic Acid
12930,Lauryl Laurate. May Contain (+/-): Iron Oxides (Ci 77499).']
12931,Sodium HyaluronateMay Contain: Iron Oxides (CI 77491
12932,CI 77499) *Titanium Dioxide (CI 77891)
12933,Red 7 Lake (CI 15850) Yellow 5 Lake (CI 19140).']
12934,['Little Doll:'
12935,Triethoxycaprylylsilane. May Contain: Iron Oxides (CI 77491
12936,Carmine (CI 75470).'
12937,'Honey Child
12938,Cozy Bundle
12939,Forever Mine:'
12940,Glyceryl Undecylenate. May Contain: Iron Oxides (CI 77491
12941,Red 40 Lake (CI 16035).'
12942,'Baby Love:'
12943,'Unconditional:'
12944,Glyceryl Undecylenate. May Contain: Ultramarines (CI 77007)
12945,'Cherub
12946,Sweet Dreams:'
12947,Glyceryl Undecylenate. May Contain: Iron Oxides (CI 77492
12948,Red 40 Lake (CI 16035.']
12949,['First Base
12950,Steady:'
12951,'Casual:'
12952,Bronze Powder
12953,Calciam Sodium Borosilicate
12954,Stearoyl Glutamic Acid. May Contain (+/-): Titanium Dioxide (Ci 77891)
12955,Carmine.'
12956,Crushing:'
12957,'Butterflies
12958,Everything
12959,Infatuation:'
12960,Stearoyl Glutamic Acid. May Contain (+/-): Yellow 5 Lake (Ci 19140)
12961,Carmine
12962,'Complicated:'
12963,Dimer Dilinoleyl Dimer Dilinoleate.'
12964,'Play Cool:'
12965,Glyceryl Caprylate. May Contain (+/-): Iron Oxides (Ci 77491
12966,'Next Level
12967,Shady
12968,DTR'
12969,'Feels:'
12970,'Cutie:'
12971,Copper Powder (Ci 77400). May Contain (+/-): Iron Oxides (Ci 77491
12972,'Baby:'
12973,Glyceryl Caprylate. May Contain (+/-): Titanium Dioxide (Ci 77891)
12974,+Benzyl Alcohol. May Contain: Iron Oxides (CI 77491
12975,Polyglyceryl-6
12976,Coco- Caprylate/Caprate
12977,Lycium Barbarum Seed Oil
12978,Zingiber Officinale Root Extract (Zingiber Officinale (Ginger) Root Extract). May Contain: Ci 77891 (Titanium Dioxide)
12979,Zingiber Officinale Root Extract (Zingiber Officinale (Ginger) Root Extract)
12980,Ascorbyl Palmitate. May contain: CI 77891 (Titanium Dioxide)
12981,CI 77491 (Iron Oxides) CI 77499 (Iron Oxides).']
12982,Citric Acid. May Contain): Iron Oxides Ci 77499
12983,Iron Oxides Ci 77491
12984,Iron Oxides Ci 77492
12985,Red 7 Lake Ci 15850
12986,Red 6 Ci 15850.']
12987,P-Anisic Acid. May Contain (+/-): Titanium Dioxide.']
12988,Picea Abies Extract
12989,['Glam and Angel Rose:'
12990,Tin Oxide. May Contain (+/-): Titanium Dioxide (CI 77891)
12991,Bronze Powder (CI 77400).'
12992,'Blondie
12993,Fox
12994,Bohemia
12995,and Caviar:'
12996,Rosa Hybrid Flower Extract. May Contain (+/-): Titanium Dioxide (CI 77891)
12997,'Mystique and Sable:'
12998,Zinc'
12999,Citrus Limon (Lemon) Peel Oil [Citrus Medica Limonum Oil]
13000,Citrus Aurantium Dulcis (Orange) Peel Oil [Citrus Aurantium Dulcis Oil]
13001,Copernicia Cerifera Cera (Copernicia Cerifera (Carnauba) Wax)
13002,Ricinus Communis Seed Oil (Ricinus Communis (Castor) Seed Oil)
13003,Rhus Verniciflua Peel Cera (Rhus Verniciflua Peel Wax)
13004,Argania Spinosa Kernel Oil. May Contain: Iron Oxides (Ci 77499).']
13005,May Contain: Iron Oxides (CI 77491)
13006,['Pink Salt:'
13007,'Rosewater:'
13008,'Orchid:'
13009,'Rosé:'
13010,'Praline:'
13011,Titanium Dioxide  (Ci 77891)
13012,'Violette:'
13013,'Blackberry:'
13014,['b. elegant:'
13015,Silybum Marianum Ethyl Ester
13016,'b. remarkable:'
13017,Carbonate
13018,[+/-: Iron Oxides (Ci 77492)
13019,['Lovingly Lip Hyaluronic Treatment Oil:'
13020,Glucomannan.'
13021,'Lovingly Lip Tinted Lip Oil:'
13022,[+/-: Titanium Dioxide (CI 77891)
13023,Polyhydroxystearic Acid. May Contain: Iron Oxides (Ci 77491
13024,['Triisodecyl Trimellitate
13025,Polygonum Aviculare Extract
13026,Calcium Glucoheptonate
13027,PPG-26-Buteth-26.']
13028,['Isoeicosane
13029,Mother Of Pearl
13030,Simmondsia Chinensis (Jojoba) Seed Oil/Simmondsia Chinensis Seed Oil
13031,Rosmarinus Officinalis (Rosemary) Extract/Rosmarinus Officinalis Extract
13032,Ribes Nigrum (Black Currant) Seed Oil/Ribes Nigrum Seed Oil
13033,Helianthus Annuus (Sunflower) Seed Oil Unsaponifiables/Helianthus Annuus Seed Oil Unsaponifiables
13034,Tocopherol [+/- : Iron Oxides (Ci 77491
13035,2-Hexanediol. May Contain (+/–): Iron Oxides (Ci 77491
13036,Phenoxyethanol. May Contain: Iron Oxides (Ci 77491
13037,Manganese Violet (Ci 7774).']
13038,['Prunus Amygdalus Dulcis (Sweet Almond)Oil
13039,Polyglyceryl-4oleate
13040,Polyglyceryl-6oleate
13041,Calophyllum Inophyllum Seedoil
13042,Vitis Vinifera(Grape) Fruit Extract
13043,Camelliasinensis Leaf Powder
13044,***Tocopherol
13045,[+/-: Ironoxides (Ci 77491
13046,Titainium Dioxide (Ci 77891)].']
13047,Olymethylsilsesquioxane
13048,Tocopherol. May Contain (+/-): Iron Oxides (Ci 77491
13049,[+/-: Iron Oxides (CI 77491
13050,100% Cotton Lash Band.']
13051,['CI 77499
13052,['Synthetic Fibers.']
13053,['Synthetic Fibers On A Cotton Lash Band.']
13054,['Faux Mink Magnetic Lash:'
13055,'Synthetic Fibers.'
13056,'Click Magnetic Felt Tip Eyeliner:'
13057,'Styrene Acrylate Copolymer
13058,Polyvinyl alcohol
13059,['Styrene Acrylate Copolymer
13060,Styrene Acrylates Copolymer
13061,Ci 77266
13062,C12-15 Alketh-2
13063,Octafluoropentyl Methacrylate
13064,Polyalkylaminoester-1
13065,DimethylPABAminopropyl Laurdimonium Tosylate
13066,PPG-3 Benzyl Ether Ethylhexanoate
13067,Astrocaryum Tucuma Seed Butter
13068,Myrica Pubescens Fruit Wax
13069,PEG/PPG-8/3 Laurate
13070,SodiumCocoyl Glycinate
13071,Ceteareth-60   Myristyl Glycol
13072,PPG-2   Hydroxyethyl Cocamide
13073,TrisodiumEthylenediamine Disuccinate
13074,Polyglyceryl-3 Betainate Acetate
13075,Linoleamidopropyl Dimethylamine Dimer Dilinoleate
13076,Ethyl Lauroyl Arginate HCl
13077,Hydroxyethyl Diethylenetriamine Dioleamide/Palmitamide
13078,Isodecyl Oleate
13079,Polyglycerin -3
13080,Dioleoylethyl Hydroxyethylmonium Methosulfate
13081,Polyquaternium-68
13082,Polyalkylaminoester-1 (PBAE)
13083,Polyamide-8
13084,Trisodium Glutamate Diacetate
13085,PEG-5 Ethylhexanoate
13086,Octafluoropentyl Methacrylate (OFPMA)
13087,Hydrolyzed Ceratonia Siliqua Seed Extract
13088,Amaranthus Hypochondriacus Leaf Extract
13089,Yeast Amino Acids
13090,C8-22 Alkyl Acrylates/Methacrylic Acid Crosspolymer
13091,PVM/MA Copolymer
13092,Ricinoleamidopropyl Ethyldimonium Ethosulfate
13093,PCA Ethyl Cocoyl Arginate
13094,Polyacrylamidopropyltrimonium Chloride
13095,Methylthiopropylamido Acetyl Methionine
13096,PFP
13097,Steareth- 21
13098,Hexyl Cinnamyl
13099,DimethylPABAmidopropyl Laurdimonium Tosylate
13100,Methylthisopropylamido Acetyl Methionine
13101,Polyimide‐1
13102,Polyurethane‐14
13103,AMP‐Acrylates Copolymer
13104,PEG/PPG‐8/3 Laurate
13105,PEG‐40 Hydrogenated Castor Oil
13106,Lagenaria Sphaerica Seed Oil
13107,Bis-Ethyl(isostearylimidazoline) Isostearamide
13108,Babassuamidopropyl Hydroxysultaine
13109,Sunfloweroyl Methylglucamide
13110,PPG-20 Methyl Glucose Ether Distearate
13111,Sodium Grapeseedamidopropyl PG-Dimonium Chloride Phosphate
13112,Sodium Cocoyl Threoninate
13113,PEG-75 Shea Butter Glycerides
13114,Cetylpyridinium Chloride
13115,C21-28 Alkane
13116,Glyceryl Triacetyl Hydroxystearate
13117,['Triheptanoin
13118,C13-16 Isoalkane
13119,Pca Ethyl Cocoyl Arginate
13120,Ethyl Lauroyl Arginate Hcl
13121,Polycitronellol t-butyl ether
13122,Sodium Grapeseed Amidopropyl PG-Dimonium Chloride Phosphate
13123,Methylthiopropylamido Acetyl Methionine.']
13124,Polycitronellol t-butyl Ether
13125,Polyquaternium-61
13126,['No Frizz Shampoo:'
13127,'No Frizz Conditioner:'
13128,'No Frizz Nourishing Styling Cream:'
13129,['Perfect hair Day Shampoo:'
13130,'Perfect hair Day Conditioner:'
13131,'Advanced Clean Dry Shampoo:'
13132,'Hydrofluorocarbon 152a
13133,Hydroxypropyl Arginine Lauryl/Myristyl Ether HCl
13134,Di-C20-40 Alkyl Dimer Dilinoleate
13135,Persea Gratissima(Avocado) Oil
13136,Myristyl Malate Phosphonic Acid. May Contain [+/-]: Titanium Dioxide (Ci 77891)
13137,Panax Quinquefolius (Ginseng) Root Extract
13138,Ethylhexylglycerin. May Contain [+/-]: Titanium Dioxide (Ci 77891)
13139,Rosa Rubiginosa (Rosehip) Seed Oil. May Contain (+/-): Red Iron Oxide (Ci 77491)
13140,Yellow Iron Oxide (Ci 77492)
13141,Tri(Polyglyceryl-3/Lauryl) Hydrogenated Trilinoleate
13142,Curcuma Longa Root Oil
13143,Citrullus Vulgaris (Watermellon) Fruit Extract
13144,Polyglyceryl‐3 Polyricinoleate
13145,Phenoxyethanol. May Contain [+/-]: Titanium Dioxide (Ci 77891)
13146,Propylene Glycol. May Contain [+/-]: Iron Oxides (Ci 77491
13147,Bis-Diglycerylpolyacyladipate-2
13148,Propylene Glycol. May Contain [+/-]: Yellow 5 Lake (Ci 19140)
13149,Hybrid Helianthus Annuus (High Oleic Sunflower) Seed Oil
13150,['Triisotridecyl Trimellitate
13151,Aluminum Hydroxide. May Contain [+/-]: Titanium Dioxide (Ci 77891)
13152,D&C Red 7 Calcium Lake (Ci 15850).']
13153,Mangifera indica (Mango) Seed Butter
13154,Tin Oxide. May Contain [+/-]: Iron Oxides (Ci 77491
13155,Fd&C Yellow 5 Lake (Ci 19140)
13156,Saccharum Officinarum Extract
13157,Acer Saccharum Extract
13158,['Euphorbia Cerifera (Candelilla) Wax
13159,Pentaerythrityl Tetracocoate
13160,Ethylhexylglycerin. May Contain [+/-]: Iron Oxides (Ci 77491
13161,Red 7 Lake (15850).']
13162,Myrciaria dubia Fruit Extract
13163,Mangifera indica (Mango) Fruit Extract
13164,Tin Oxide. May Contain [+/-]: Titanium Dioxide (Ci 77891)
13165,Ilex Paraguariensis (Yerba Mate Tea) Leaf Extract
13166,Tremella Fuciformis Sporocarp (Silver Ear Mushroom) Extract
13167,Kappaphycus Alvarezii (Red Algae) Extract
13168,Scenedesmus Rubescens (Microalgae) Extract
13169,Hydroxypropylmethylcellulose Stearoxyether
13170,Sodium Methyl Stearoyl Taurate
13171,PotassiumSorbate
13172,Leontopodium Alpinum (Edelweiss) Flower/Leaf Extract
13173,Cnidium Monnieri Fruit Extract
13174,Sesamum Indicum Seed Extract
13175,Palmitoyl Hexapeptide
13176,Ilex Paraguariensis (Yerba Mate) Leaf Extract
13177,Sodium Methyl Stearoyl. Taurate
13178,Palmaria Palmata (Red Algae) Extract
13179,Sodium Hydroxypropyl Starch Phosphate
13180,Punica Granatum (Pomegranate) Juice Extract
13181,Olea Europaea (Olive)Leaf Extract
13182,Mentha Viridis (Spearmint) Leaf Extract
13183,['Fragrance/Parfum
13184,Rosmarinus Officinalis (Rosemary) Leaf Extract'
13185,Linalool'
13186,'Superberry Hydrate + Glow Oil:'
13187,'Helianthus Annuus (Sunflower) Seed Oil*
13188,Simmondsia Chineses (Jojoba) Seed Oil*
13189,Opuntia Tuna Extract (Prickly Pear)
13190,Euterpe Oleracea Fruit Extract (Acai)
13191,Lycium Barbarum (Goji) Extract
13192,Aristotelia Chilensis (Maqui) Fruit Extract
13193,And Moringa Oleifera Leaf Extract
13194,Squalane Olive
13195,Mixed Tocopherols (Vitamin E)
13196,Linum Usitatissimum (Flaxseed) Oil*
13197,Borago Officinalis (Borage) Oil*
13198,Rosa Canina (Rosehip) Fruit Oil*
13199,Punica Granatum (Pomegranate) Seed Oil*
13200,Vaccinium Macrocarpon (Cranberry) Seed Oil*
13201,Natural Fragrance.'
13202,'Superfood Air-Whip Moisture Cream:'
13203,Brassica Oleracea (Kale) Leaf Extract
13204,Natural Fragrance
13205,Hydroxyethyl cellulose
13206,Chlorophyll.']
13207,['Soy Wax Blend
13208,['No.02 Le Long Fond Eau de Parfum:'
13209,Geraniol. No.04 Bois de Balincourt Eau de Parfum:'
13210,Aqua/Water/Eau Geraniol
13211,Butylphenyl Methylpropional.No.09 Vallée de Farney Eau de Parfum:'
13212,Aqua/Water/Eau Limonene
13213,Hexyl Cinnamal. No.12 Bousval Eau de Parfum:'
13214,'Antidris Cassis Eau de Parfum:'
13215,['No.04 Bois De Balincourt Eau de Parfum:'
13216,'Alcohol Denat
13217,Water (Aqua)Contains Amyl Cinnamal
13218,Hydroxycitronellal.              No.04 Bois De Balincourt Perfume Oil:'
13219,'Safflower Oil
13220,Parfume
13221,Hydroxycitronellal Safflower Oil Contains: Linoleic Acid. No.04 Bois De Balincourt Candle:'
13222,'Soy Wax Blend
13223,Sodium Acrylate/sodium Acryloyldimethyl Taurate Copolymer
13224,['Rose Hibiscus Coconut Water Hydrating Face Mist:'
13225,Leuconostoc/Radish Root Ferment Filterate
13226,Coccinia Indica Fruit Extract (Neer Sikkappu Red).'
13227,'Prism Exfoliating Glow Potion:'
13228,Malus Fructus (Apple) Extract
13229,Populus Tremuloides (Aspen) Bark Extract
13230,Terminalia Ferdinandiana Fruit Extract (Kakadu Plum)
13231,Vaccinium Myrtillus
13232,(Bilberry) Extract
13233,Citrus Limon (Lemon) Fruit Extract.'
13234,'Pink Cloud Rosewater Moisture Créme:'
13235,Aleurites Moluccana (Kukui) Nut Oil
13236,Oryza Sativa (Rice) Seed Extract
13237,Sodium Anisate.']
13238,['No.02 Le Long Fond:'
13239,'Fragrance/Parfum
13240,'No.04 Bois de Balincourt:'
13241,'No.12 Bousval:'
13242,'Eugenol
13243,'No.09 Vallée de Farney:'
13244,'Antidris Cassis:'
13245,Hexyl Cinnamal']
13246,['Diglycerin
13247,Calendula Officinalis Flower/Leaf/Stem Juice
13248,L (+) Lactic Acid
13249,Borago Officinalis (Borage) Leaf Extract
13250,Silybum Marianum (Milk Thistle) Ethyl Ester
13251,Calcium Ketogluconate
13252,Lavandula Stoechas (Spanish Lavender) Extract
13253,Dunaliella Salince (Algae) Extract
13254,Rosmarinyl Glucoside
13255,Dicrateria Rotunda/Ruttnera Lamellosa Oil
13256,Narcissus Tazetta (Daffodil) Bulb Extract*
13257,Hippophae Rhamnoides (Sea Buckthorn) Oil*
13258,Opuntia Ficus Indica*
13259,Dictyopteris Membranacea (Sea Fern) Extract
13260,Euterpe Oleracea (Acai) Fruit Oil*
13261,Camellia Sinensis (Green Tea) Seed Oil*
13262,Rosa Rubiginosa Seed Oil*
13263,Santalum Spicatum (Sandalwood) Seed Oil
13264,Plukenetia Volubilis Seed Oil*
13265,Eugenol']
13266,Simmondsia Chineses (Jojoba)'
13267,'Seed Oil*
13268,Opuntia Tuna Extract(Prickly Pear)
13269,Lycium'
13270,'Barbarum (Goji) Extract
13271,And Moringa Oleifera Leaf'
13272,Linum'
13273,'Usitatissimum (Flaxseed) Oil*
13274,Rosa Canina (Rosehip) Fruit'
13275,'Oil*
13276,'Vaccinium Macrocarpon (Cranberry) Seed Oil*
13277,Laurly Glucoside
13278,Musa Sapientum (Banana) Extract
13279,Sorbitan Oleate Decylglucoside Crossploymer
13280,Cetyl Betaine
13281,Shea Butter Amidopropyl Betaine
13282,Butylphenyl Methylpropional (Lilial)
13283,['Lapis:'
13284,Rosa Centifolia Flower Extract.'
13285,'Phoenix:'
13286,Citrus Aurantium Dulcis (Orange) Flower Oil'
13287,Orchid Root Extract
13288,Jasminum Sambac (Jasmine) Flower Extract.']
13289,['PPG-2 Methyl Ether Acetate
13290,Diprolene Glycol
13291,Neyl Benzoate
13292,Isobutyl Methyl Tetrhydropyranol
13293,Sandalore
13294,Daucus Carota Sativa (Carrot) Oil
13295,Elatarria Cardamomum Seed Oil
13296,Eucallytputus Globulus Leaf Oil
13297,Citrus Limon (Lemon) Peel Oil.']
13298,['Calendula Officinalis Flower/Leaf/Stem Juice*
13299,Morus Alba (Mulberry) Leaf Extract
13300,Chlamydomonas Acidophila Extract
13301,['Green Clean Makeup Meltaway Cleansing Balm with Echinacea GreenEnvy:'
13302,'Honey Potion Renewing Antioxidant Hydration Mask with Echinacea GreenEnvy:'
13303,'Honey Drop Lightweight Moisturizer with Echinacea GreenEnvy:'
13304,Viscum Album (Mistletoe) Leaf Extract
13305,C179346/1.']
13306,Amyl Cinnamyl Alcohol
13307,Ci 15510/Orange 4
13308,B206223/1.']
13309,['Replica Beach Walk Eau De Toilette:'
13310,Ci 14700/Red 4.'
13311,'Replica Lazy Sunday Morning Eau De Toilette:'
13312,Ci 60730/ext. Violet 2
13313,Ci 19140/Yellow 5.'
13314,'Replica Sailing Day Eau De Toilette:'
13315,'560326 08 Alcohol
13316,B218007/1.'
13317,'Replica Jazz Club Eau De Toilette:'
13318,'875650 18 Alcohol
13319,C162585/2.'
13320,'Replica Autumn Vibes Eau De Toilette'
13321,Ci 60730/Ext. Violet 2.'
13322,'Replica Coffee Break Eau de Toilette:'
13323,Benzyl Salicylate. Benzyl Alcohol
13324,Hexyl Cinnamal. Linalool
13325,Arnesol
13326,Ci 42090 / Blue 1'
13327,'Replica By the Fireplace Eau de Toilette:'
13328,'875655 10 Alcohol
13329,Ci 60730/EXT. Violet 2
13330,C179346/1.'
13331,'Replica Springtime in the Park Eau de Toilette:'
13332,'Replica Under the Lemon Trees Eau de Toilette:'
13333,'Replica Bubble Bath Eau de Toilette:'
13334,Eugenol Citronellol
13335,C162585/2.']
13336,C162587/2.']
13337,Ci 42090 / Blue 1']
13338,B218007/1.']
13339,['Parfum / Fragrance
13340,Ci 19140 / Yellow 5']
13341,Ci 60730 / Ext. violet 2.']
13342,Coumari
13343,Formula : 947976 21 Code F.I.L N70013647/1.']
13344,['Tetramethyl Acetyloctahydronaphthalenes
13345,Cyclododecane
13346,Amber Decatriene.']
13347,['Benzyl Salicylate
13348,Cyclamen Aldehyde.']
13349,['Acetyl Cedrene
13350,Trimethyltricyclododecanyl Acetate.']
13351,['Beach Walk Eau de Toilette:'
13352,'By The Fireplace Eau de Toilette:'
13353,Methoxyhydratropaldehyde
13354,Methylenedioxyphenyl
13355,Methylpropanal
13356,['1-(1
13357,8-Tetramethyl 2naphthalenyl) Ethanone (Ethoxymethoxy)
13358,Dl-Citronellol
13359,6-Trimethylcyclo-Hexyl)-3-Hexanol
13360,Dipentene
13361,Alpha-Methyl-1
13362,3-Benzodioxole-5-Propionaldehyde
13363,Alpha-Iso-Methylionone.']
13364,['Linalool
13365,4-Tertbutylcyclohexyl Acetate
13366,Formaldehyde Cyclododecyl Ethyl Acetal
13367,8- Octahydro-2
13368,8-Tetramethyl-2-Naphthalenyl) Ethanone
13369,6-Trimethylcyclohexyl)- 3-Hexanol
13370,3-Pentamethyl- 4(5h)-Indanone
13371,Trans-Isoeugenol.']
13372,8a-Octahydro-2
13373,8-Tetramethyl
13374,7-Hexahydro-1
13375,3-Pentamethyl-4h-Inden-4-One
13376,Methyl-1
13377,Geraniol; (2e)-3
13378,7-Dimethylocta-2
13379,6']
13380,['3
13381,7-Dimethyl-1
13382,6- Nonadien-3-Ol.']
13383,C162585.']
13384,['4-Tert-Butylcyclohexyl Acetate
13385,8- Tetramethyl-2-Naphthyl)Ethan-1-One
13386,Delta-1-(2
13387,6-Trimethyl-3-Cyclohexen-1-Yl)-2- Buten-1-One.']
13388,Bht. May Contain (+/-): Ci 15850 (Red 6
13389,Tin Oxide. May Contain (+/-): Ci 19140 (Yellow 5
13390,Ci 77499 (Iron Oxides)] 15941.']
13391,Ascorbyl Palmitate. A']
13392,Trilaurin
13393,[+/- : Ci 77491
13394,[+/- : Ci 19140 (Yellow 5
13395,Ci 77891 (Titanium Dioxide) ].']
13396,Ci 77891 (Titanium Dioxide].']
13397,Solum Diatomeae (Diatomaceous Earth)
13398,Zingiber Officinale (Ginger) Root Extract. May Contain (+/-): Yellow 5/Yellow 5 Lake (Ci 19140)
13399,Dimethicone / Vinyl Dimethicone Crosspolymer
13400,Nails
13401,Perfume (Fragrance)
13402,Maris Sal
13403,+/- [Toc: Cia Salt
13404,15850 (Red 6
13405,[+/- : Ci 77491 (Iron Oxides)
13406,Ci 77400 (Bronze Powder)
13407,Calcium Sodium Borosilicate.']
13408,Serine.']
13409,Bis Peg/Ppg 14/14 Dimethicone
13410,C30 45 Alkyl Dimethicone
13411,[+/-: Ci 19140 (Yellow 5
13412,Vinyl Dimethicone/Methicone Silsesquioxane Crosspolymer.']
13413,Ci 77163 (Bismuth Oxychloride)].']
13414,Gossypium Herbaceum (Cotton) Flower Extract
13415,Arginine Hcl
13416,Ornithine Hcl
13417,Hydrogenated  Styrene/Methyl Styrene/Indene Copolymer
13418,Pentaerythrityl Tetra-Di-t-Butyl Hydroxyhydrocinnamate.']
13419,['Shade 1.0:'
13420,'Solumdiatomeae(Diatomaceousearth)
13421,Zeamays(Corn)Starch
13422,Caprylylglycol
13423,Pentyleneglycol
13424,Octyldodecylstearoylstearate
13425,Sodiumdehydroacetate
13426,Tocopherylacetate
13427,Sorbitansesquioleate
13428,[+/-Ci77891(Titaniumdioxide)
13429,Ci77491
13430,Ci77492(Ironoxides)
13431,Ci77007(Ultramarines)
13432,Ci19140(Yellow5Lake)]'
13433,'Shade 2.0:'
13434,[+/-Ci77007(Ultramarines)
13435,Ci77891(Titaniumdioxide)
13436,Ci19140(Yellow5Lake)
13437,Ci73360(Red30Lake)]'
13438,'Shade 3.0:'
13439,[+/-Ci77491
13440,Ci77499(Ironoxides)
13441,Ci15850(Red6)]'
13442,'Shade 4.0:'
13443,[+/-Ci19140(Yellow5Lake)
13444,'Shade 5.0:'
13445,'Zeamays(Corn)Starch
13446,Solumdiatomeae(Diatomaceousearth)
13447,Ci77891(Titaniumdioxide)]'
13448,'Shade 6.0:'
13449,'Zea Mays (Corn) Starch
13450,[+/-Ci 77491
13451,Ci 77891 (Titanium Dioxide)]']
13452,['Light Green:'
13453,Ci 77891 (Titanium Dioxide) ].'
13454,'Y215:'
13455,'Y245:'
13456,Dehydroacetic Acid .']
13457,['Aqua(Water)
13458,Ci 77492 (Iron Oxides)].']
13459,[+/- Ci 45410 (Red 28 Lake)
13460,['Trisiloxane
13461,Polyglyceryl-2 Sesquiisostearate
13462,[+/- Ci 77499 (Iron Oxides)].']
13463,Diphenylsiloxy
13464,Phenxyethanol
13465,Aqua (Water).']
13466,Methyl Trmethicone
13467,Butylene Gylcol
13468,Peg-9 Polydimethysiloxyethyl
13469,Pantehnol
13470,Sodium Myristoyl Glutamte
13471,Pentaerythrityl Tetra-Di-T-Buty Hydroxyhydrocinnamate
13472,Caprylic/Capric Glycerides Polyglyceryl-10 Esters
13473,['Shade 130'
13474,Glass Beads
13475,Rosmarinus Officinalis(Rosemary) Leaf Extract
13476,[+/-Ci 12085 (Red 36
13477,Ci42090 (Blue 1
13478,Ci 77891 (Titanium Dioxide)]'
13479,'Shade 132'
13480,Ci77742 (Manganese Violet)
13481,'Shade 134'
13482,'Shade 180'
13483,'Shade 182'
13484,'Shade 184'
13485,'Shade 234'
13486,'Shade 238'
13487,'Shade 332'
13488,'Shade 338'
13489,'Shade 432'
13490,'Shade 436'
13491,Peg-9 Polydimethysiloxyethyl Dimethicone
13492,[+/- Ci 77163 (Bismuth Oxychloride)
13493,Ci 15850 (Red 7 Lake)].']
13494,Arginine HCL
13495,Ornithine HCL
13496,Amp-Acrylates/Allylmethacrylate Copolymer
13497,Zinc Sulfate.']
13498,['112 Chic Brick:'
13499,Maris Sal (Sea Ciopher Salt)
13500,+/-: Toctic Acid 15850 (Red 6
13501,'164 Sassy Rhubarb:'
13502,Maris Sal (Sea Ciol)
13503,+/-: Tocopher 15850 (Red 6
13504,PEG-2 Hydrogenated Castor Oil
13505,PVP.']
13506,77499 (Iron Oxides) &bull; Ci 77891 (Titanium Dioxide)].']
13507,[+/- Ci 77499 (Iron Oxides)].'
13508,C20-40 Acid
13509,77499 (Iron Oxides)].']
13510,Vaccinium Vitis-Idaea Fruit Extract
13511,Persea Gratissima (Avocado) Ethylene/Propylene Copolymer
13512,Actinidia Chinensis (Kiwi) Seed Pentaerythrityl Tetra-di-t-butyl Hydroxyhydrocinnamate
13513,Hexylene Tin Oxide
13514,[May Contain/Peut Contenir (+/-): Titanium Dioxide (CI 77891)
13515,Red 28 Lake 45410)
13516,Iron Oxides 77491
13517,Yellow 5 19140)
13518,7 15850)
13519,Blue 1 42090)].']
13520,Dipentaerythrityl Hexahydroxystearate Octyldodecanol
13521,Aqua (Water) May Contain/Peut Contenir (+/-): Titanium Dioxide (Ci 77891) Iron Oxides (Ci 77491
13522,May Contain (+/-): Titanium Dioxide (CI 77891)
13523,['Matte 1:'
13524,'Matte 2
13525,Matte 3:'
13526,Silica. May Contain/Peut Contenir (+/-): Titanium Dioxide (Ci 77891)
13527,'Matte 4
13528,Matte 6
13529,Matte 11:'
13530,Dimethicone Matte 5 Talc
13531,'Matte 7:'
13532,'Matte 8:'
13533,'Matte 9:'
13534,'Matte 10:'
13535,'Matte 12:'
13536,Simmondsia Chinensis (Jojoba) Seed Oil [Simmondsia Chinensis Oil]
13537,Zea Mays (Corn) Starch [Zea Mays Starch]. May Contain/Peut Contenir (+/-): Titanium Dioxide (Ci 77891)
13538,Bht [May Contain/Peut Contenir (+/-): Titanium Dioxide (Ci 77891)
13539,Raphanus Sativus Seed Extract (Raphanus Sativus (Radish) Seed Extract)
13540,Hydrogenated Rice Bran Wax
13541,Oryza Sativa Bran Cera (Oryza Sativa (Rice) Bran Wax)
13542,Rosmarinus Officinalis Leaf Extract (Rosmarinus Officinalis (Rosemary) Leaf Extract) [May Contain/Peut Contenir (+/-): Titanium Dioxide (Ci 77891)
13543,[May Contain/Peut Contenir (+/-): Red 7 Lake (Ci 15850)
13544,['EE1:'
13545,[May Contain (+/-): Titanium Dioxide (CI 77891)
13546,Yellow 5 Lake (CI 19140)].'
13547,'EE2
13548,EE4:'
13549,'EE3
13550,EE7:'
13551,[May Contain (+/-): Manganese Violet (CI 77742)
13552,'EE5
13553,EE10:'
13554,Yellow 5 Lake (CI 19140].'
13555,'EE6:'
13556,[May Contain (+/-): Bismuth Oxychloride (CI 77163)
13557,'EE8:'
13558,'EE9:'
13559,'EE11:'
13560,'EE12:'
13561,Vitis Vinifera (Grape) Fruit Extract [Vitis Vinifera Extract]
13562,Pentaerythrityl Tetra-Di-T-Butyl Hydroxyhydrocinnamate May Contain/Peut Contenir (+/-): Iron Oxides (Ci 77491
13563,Calcium SodiumBorosilicate
13564,Dimethicone/VinylDimethicone Crosspolymer
13565,HydrogenatedPolyisobutene
13566,Carprlyl Glycol
13567,Zinc Stearate. MAY CONTAIN/PEUTCONTENIR (+/-): Titanium Dioxide (CI77891)
13568,['Dark'
13569,Trimethylolpropane Triethylhexanoate
13570,Bis-Behenyl/Isostearyl/-Phytosteryl Dimer Dilinoleyl Dimer Dilinoleate
13571,[(+/-): Titanium Dioxide (Ci 77891)
13572,Yellow 5 Lake (Ci 19140)] Talc
13573,Iron Oxides(Ci 77491
13574,Ci 77499)] Calcium Aluminum Borosilicate
13575,Calcium Sulfate Hydrate
13576,Trimethylolpropanetriethylhexanoate
13577,Bis-Behenyl/Isostearyl/Phytoster-Yl Dimer Dilinoleyl Dimer Dilinoleate
13578,Ci77499)]'
13579,'Light'
13580,Ci 77499)] Talc
13581,Ultramarines (Ci 77007)] Calcium Aluminum Borosilicate
13582,'Light Medium'
13583,Ultramarines (Ci 77007)]'
13584,'Medium'
13585,'Medium Dark'
13586,Kaolin [(+/-): Titanium Dioxide (Ci 77891)
13587,Ultramarines (Ci 77007)]']
13588,Bis- Diglyceryl Polyacyladipate-2
13589,Red 7 Lake (Ci 15985)
13590,Manganese Violet (Ci 77742)].']
13591,Phenoxyethanol May Contain/Peut Contenir (+/-): Titanium Dioxide (Ci 77891)
13592,Cera Microcristallina
13593,Propionic Acid
13594,May Contain/Peut Contenir (+/-): Ci
13595,77891
13596,CI 77742
13597,CI 77499.']
13598,Hydrogenated Poly(c6-14Olefin)
13599,Rosa Hybrid Flower Extract.']
13600,['Silver:'
13601,'Synthetic Fluorphlogopite Neopentyl Glycol Dicaprylate/Dicaprate Dimethicone Titanium/Titanium Dioxide Peg-12 Dimethicone Sorbitan Isostearate Dimethicone/Vinyl Dimethicone Crosspolymer Glycerin Polysorbate 60 Caprylyl Glycol Ethylhexylgl Ycerin Tin Oxide 1
13602,2-Hexanediol Xanthan Gum Chondrus Crispus (Carrageenan) Hydrogenated Lecithin Sodium Citrate Titanium Dioxide (Ci 77891).'
13603,'Gold:'
13604,'Synthetic Fluorphlogopite Neopentyl Glycol Dicaprylate/Dicaprate Dimethicone Peg-12 Dimethicone Sorbitan Isostearate Dimethicone/Vinyl Dimethicone Crosspolymer Glycerin Polysorbate 60 Caprylyl Glycol Ethylhexylgl Ycerin Tin Oxide 1
13605,2-Hexanediol Xanthan Gum Chondrus Crispus (Carrageenan) Hydrogenated Lecithin Sodium Citrate Titanium Dioxide (Ci 77891) Iron Oxides (Ci 77491).'
13606,'Copper:'
13607,'Synthetic Fluorphlogopite Neopentyl Glycol Dicaprylate/Dicaprate Dimethicone Peg-12 Dimethicone Tin Oxide Sorbitan Isostearate Dimethicone/Vinyl Dimethicone Crosspolymer Glycerin Polysorbate 60 Caprylyl Glycol Ethylhexylgl Ycerin 1
13608,2-Hexanediol Xanthan Gum Chondrus Crispus (Carrageenan) Hydrogenated Lecithin Sodium Citrate Iron Oxides (Ci 77491).'
13609,'Mica Neopentyl Glycol Dicaprylate/Dicaprate Dimethicone Peg-12 Dimethicone Sorbitan Isostearate Dimethicone/Vinyl Dimethicone Crosspolymer Glycerin Polysorbate 60 Caprylyl Glycol Ethylhexylgl Ycerin 1
13610,'Rose gold:'
13611,'Mica Neopentyl Glycol Dicaprylate/Dicaprate Dimethicone Peg-12 Dimethicone Sorbitan Isostearate Dimethicone/Vinyl Dimethicone Crosspolymer Silica Gl Ycerin Polysorbate 60 Caprylyl Glycol Ethylhexylgl Ycerin 1
13612,2-Hexanediol Xanthan Gum Chondrus Crispus (Carrageenan) Hydrogenated Lecithin Sodium Citrate Titanium Dioxide (Ci 77891) Iron Oxides (Ci 77491) Aluminum Powder (Ci 77000).']
13613,['Metallic 1
13614,Metallic 2:'
13615,Pentaerythrityl Tetra-Di-T- Butyl Hydroxyhydrocinnamate. May Contain/Peut Contenir (+/-): Titanium Dioxide (Ci77891)
13616,Ultramarines (Ci77007)
13617,Ferric Ammonium Ferrocyanide (Ci77510)
13618,Blue 1 Lake (Ci42090)
13619,Yellow 5 Lake (ci19140).'
13620,'Metallic 3
13621,Metallic 4
13622,Metallic 5
13623,Metallic 6
13624,Metallic 7
13625,Metallic 8
13626,Metallic 9
13627,Metallic 10
13628,Metallic 11:'
13629,Butyl Acrylate/Hydroxypropyl Diemthicone Acrylate Copolymer
13630,Hydrogenated Styrene/Isolprene Coplymer
13631,Pentaerylthrityl Tetra-Di-T- Butyl Hydroxthydrocinnamate
13632,Aluminum Calcium Sodium Silicate. May Contain/Peut Contenir (+/-): Titanium Dioxide (Ci 77891)
13633,'Metallic 12:'
13634,Ethylhexylglcerin
13635,Pentaerythriyl Tetra-Di-T-Butyl Hydroxyhydrocinnate
13636,Blue 1 Lake (Ci 42090) Yellow 5 Lake (Ci 19140)
13637,Aluminum Powder (Ci 77000).']
13638,Methylpropandiol
13639,Peg- 60 Hydrogenated Caster Oil
13640,Coco- Glucoside
13641,Black 2 (Ci77266).']
13642,Copernicia Cerifera (Carnauba) Cera [Cera Carnauba]
13643,Cocos Nucifera (Coconut) Oil [Cocos Nucifera Oil]
13644,Caprylyl/Capric Glucoside
13645,Chamomilla Recrutita (Matricaria) Flower Extract
13646,Chrondus Crispus Extract
13647,['Moringa Oleifera Seed Oil
13648,['Crambe Abyssinica Seed Oillimnanthes Alba (Meadowfoam) Seed Oil
13649,Cannabis Sativa Seed Oilglycine Soja (Soybean) Oil
13650,Pseudozyma Epicola / Apricot Kernel Oil / Olive Fruit Oil / Sunflower Seed Oil / Sweet Almond Oil / Angelica Gigas Root Extract Ferment Extract Filtrate
13651,Oenothera Biennis (Evening Primrose) Seed Oil
13652,Caprylic / Capric Triglyceride
13653,Pseudozyma Epicola / Argania Spinosa Kernel Oil Ferment Filtrate
13654,Pseudozyma Epicola / Camellia Sinensis Seed Oil / Glucose / Malt Extract / Soybean Flour / Yeast Extract Ferment Filtrate
13655,Pseudozyma Epicola/Apricot Kernel Oil/Olive Fruit Oil/Sunflower Seed Oil/Sweet Almond Oil/Angelica Gigas Root Extract Ferment Extract Filtrate
13656,Pseudozyma Epicola/Argania Spinosa Kernel Oil Ferment Filtrate
13657,Pseudozyma Epicola/Camellia Sinensis Seed Oil/Glucose/Malt Extract/Soybean Flour/Yeast Extract Ferment Filtrate
13658,Aster Tripolium (Sea Starwort Oil) Extract
13659,Ganoderma Lucidum (Reishi) Extract
13660,Chlorella Vulgaris (Dermochlorella Algae) Extract
13661,Citrus Aurantifolia (Lime) Seed Oil
13662,Ribes Nigrum (Blackcurrant) Seed Oil
13663,Thymus Vulgaris (Common Thyme) Extract
13664,Petroselinum Crispum (Parsley) Leaf Extract
13665,['Palmaria Palmata Extract
13666,Bellis Perennis (Daisy) Flower/Helichrysum Italicum Extract
13667,Euphorbia Cerifera (Candelilla) Wax/Cire De Candelilla
13668,Polyhydroxystearic AcidHelianthus Annuus (Sunflower) Seed Wax
13669,Platonia Insignis (Bacuri) Seed Butter
13670,Moringa Oleifera (Moringa) Seed Oil
13671,Rosmarinus Officinalis (Rosemary) Leaf ExtractHypnea Musciformis (Red Algae) ExtractUndaria Pinnatifida (Brown Algae) Extract
13672,TocopherolLimonene
13673,LinaloolGeraniol
13674,Organic Helianthus Annuus (Sunflower) Seed Oil
13675,Unum Usitatissimum (Linseed) Seed Oil
13676,Rubus Ldaeus (Raspberry) Seed Oil
13677,Aster Tripolium Extract
13678,Zinc Oxide 13.2%']
13679,Kaolincaprylic/Capric Triglyceride
13680,Glycerincetyl Alcohol
13681,Alaria Esculenta (Wakame Seaweed) Extract
13682,Arthrospira Platensis Extract
13683,Sea Salt (Maris Sal/Sel Marin)
13684,Honey (Mel/Miel)
13685,Vaccinium Myrtillus (Bilberry) Seed Oil
13686,Ci 75810 (Chlorophyllin-Copper Complex)
13687,Butyl'
13688,'Methoxydibenzoylmethane
13689,Fd&C Yellow N5 (Ci 19140)
13690,Fd&C Yellow N6 (Ci 15985).']
13691,['Daisy Love Eau de Toilette:'
13692,Ext. D&C Violet No. 2 (Ci 60730).'
13693,'Daisy Eau de Toilette:'
13694,Fd&C Yellow N°5 (Ci 19140)
13695,Fd&C Yellow N°6 (Ci 15985).']
13696,D&C Red N33 (Ci 17200)
13697,Ext. D&C Violet N 2 (Ci 60730)
13698,Fd&C Yellow N5 (Ci 19140).']
13699,D&C Red No. 33 (CI 17200)
13700,Ext. D&C Violet No. 2 (CI 60730).']
13701,'Hydroxycitronellal
13702,D&C Red No. 33 (ci 17200)
13703,Fd&C Blue No. 1 (ci 42090).']
13704,Methyl 2- Octynoate
13705,['Daisy Eau de Toilette:'
13706,Fd&C Yellow N°6 (Ci 15985).'
13707,'Daisy Eau So Fresh Eau de Toilette:'
13708,D&C Red N°33 (Ci 17200)
13709,Ext. D&C Violet N° 2 (Ci 60730)
13710,Fd&C Yellow N°5 (Ci 19140).'
13711,'Daisy Love Eau de Toilette:'
13712,Rosa Canina Extract
13713,Cera Alba (Beeswax
13714,Cire d’abeille)
13715,Raspberry Seed Oil /Tocopheryl Succinate Aminopropanediol Esters
13716,Glyceryl Rosinate
13717,Acacia Decurrens Flower Cera
13718,Euphorbia Cerifera Cera (Candelilla Wax)
13719,Pentaerythrityl Tetra-di-t-butyl Hydroxyhydrocinnamate.']
13720,Ethyl Ascorbic Acid
13721,Silver Citrate
13722,Sodium  Chloride
13723,CI 60730 (Violet 2).']
13724,Paraffinum Liquidum (Mineral Oil
13725,Huile Minérale)
13726,Olus (Vegetable Oil
13727,Huile Végétale)
13728,CI 15985 (Yellow 6).']
13729,['Sodium Lauryl Sulfate
13730,Hypericum Perforatum Extract
13731,Althaea Officinalis Leaf/Root Extract
13732,Diazolidinyl Urea.']
13733,CI 77288 (Chromium Oxide Green).']
13734,Phytelephas Aequatorialis Seed Powder
13735,['Calcium Carbonate
13736,Salvia Officinalis (Sage) Flower/Leaf/Stem Water
13737,Fucus Vesiculosus (Bladderwrack) Extract
13738,CI 19140 (Yellow 5)']
13739,Thymus Vulgaris (Thyme) Extract
13740,Acanthopanax Senticosus (Eleuthero) Root Extract
13741,Rhaponticum Carthamoides Root Extract
13742,['Glycolic Foaming Cleanser:'
13743,Althaea Officinalis (Marsh Mallow) Leaf/ Root Extract
13744,Hypericum Perforatum (St. John’s Wort) Extract
13745,'Glycolic Acid Toner:'
13746,'Collagen Moisturizer SPF 15:'
13747,'Avobenzone 2%
13748,Oxybenzone 5%
13749,Methoxycrylene
13750,Acrylates/C10-30 Alkyl Acrylate
13751,Hexylene Glycol.'
13752,'Super Collagen Mask:'
13753,'Glycolic Eye Cream:'
13754,'Olus Oil (Vegetable Oil
13755,Cire d´abeille)
13756,['Olus Oil (Vegetable Oil
13757,['Zinc Oxide 12.025%
13758,['Facial Spray with Aloe
13759,Herbs and Rosewater:'
13760,'Facial Spray with Aloe
13761,Cucumber and Green Tea:'
13762,Chamomile and Lavender:'
13763,['Brightening Mask with Vitamin C:'
13764,CI 77891 (Titanium Dioxide).'
13765,Aloe Barbaden-sis Leaf Juice
13766,Gardenia Flori-da Fruit Extract
13767,Citronel-lol
13768,'Vitamin C Serum:'
13769,Gardenia Florida Extract
13770,Oenothera Biennis (Evening Primrose) Seed Extract
13771,Potassium Aspartate
13772,Ichthammol
13773,Nasturtium Officinale Flower/Leaf Extract
13774,Sodium Lauroyl Glycinate
13775,Sage
13776,Orange Blossom:'
13777,Ci 16035 (Red 40).'
13778,Chamomile
13779,Lavender:'
13780,Ci 60730 (Violet 2).'
13781,Cucumber
13782,Green Tea:'
13783,Adaptogens
13784,Coconut Water:'
13785,Herbs
13786,Rosewater:'
13787,['Zinc Oxide (12.025%)
13788,Coco-Caprylate / Caprate
13789,Cetyl PEG / PPG-10 / 1 Dimethicone
13790,['Drying Lotion:'
13791,'Isopropyl Alcohol
13792,'Buffering Lotion:'
13793,'Drying Cream:'
13794,Resorcinol
13795,Glycerin.'
13796,'Facial Spray With Aloe
13797,Herb and Rosewater:'
13798,[Parfum (Fragrance)]
13799,Hydrogenated
13800,Euphorbia Cerifera (Candellia) Wax
13801,Jojoba Oil
13802,Coconut Fatty Acid
13803,Hexyl Cinnamaldehyde
13804,Tetrasodium Glutamate Diacetae
13805,Cannabis Sativa Seed Extract
13806,['Sodium Chloride (Dead Sea Salt)
13807,['Organic Clear Jojoba Oil
13808,Organic MCT Oil*
13809,Organic Argan Oil
13810,Organic Castor Oil. *Fractionated Coconut Oil.']
13811,['100% OEKO-TEX 100 Certified Viscose Rayon.']
13812,['soak:'
13813,'Sodium Chloride (Dead Sea Salt)
13814,'bath:'
13815,Sodium Bicarbonate (Baking Soda)
13816,Cocos Nucifera (Dehydrated Coconut Milk) Powder.']
13817,['Ethyl Alcohol 70%
13818,Fractionated Coconut Oil.']
13819,Behentrimonium Methosulfate (Non-Sulfate Derived From Rapeseed Oil)
13820,Brassica Rapa (Turnip) Root Extract
13821,Tocopherol (Vitamin E).']
13822,Lavandula Angustifolia(Lavender) Oil
13823,Nigella Sativa (Black Cumin) Seed Oil
13824,Charcoal Powder.']
13825,Garcinia Indica Seed Butter
13826,Rosa Canina Fruit Extract.']
13827,Musa Sapientum (Banana) Flower Extract
13828,Cymbopogon Flexuosus (Lemongrass) Oil
13829,Pellargonium Graveolens Flower (Geranium) Oil
13830,Citus Aurantifolia (Lime) Oil
13831,Salvia Sclarea (Cleary) Oil
13832,Triigonella Foenum-Graecum Seed (Fenugreek) Extract
13833,Tin Oxide. May Contain (+/-): Iron Oxide (Ci 77499)
13834,Chromium Oxide Green (Ci 77288)
13835,Ferric Ferrocyanide (Ci 19140)
13836,Benzyl Benzoate. May Contain: Titanium Dioxide Ci 77891
13837,Phenoxyethanol. May Contain (+/-): Mica (Ci 77019)
13838,D&C Red 7 (Ci 15850)']
13839,Synthetic Fluorphlogopite.']
13840,['Isostearyl Isostearate
13841,Mica. May Contain: Iron Oxides (CI 77491
13842,['Raw:'
13843,Iron Oxides Ci 77499.'
13844,Pentaerythrityl Tetra-Di-T- Butyl Hydroxyhydrocinnamate
13845,Iron Oxides Ci 77499
13846,Manganese Violet Ci 77742.']
13847,Octadecane
13848,Isoceteth-10. May Contain: Titanium Dioxide (Ci 77891)
13849,Stearyl Triethoxysilane
13850,Perfluorohexylethyl Triethoxysilane
13851,Disodium Carboxyethyl Siliconate. May Contain: Titanium Dioxide CI 77891
13852,Red 40 Lake CI 16035
13853,Chromium Hydroxide Green CI 77289
13854,Bismuth Oxychloride CI 77163.']
13855,Aluminum Calcium Sodium Silicate. May Contain (+/-): Titanium Dioxide (Ci 77891)
13856,Ultramarine Blue (Ci 77007)
13857,Tin Oxide (Ci 77861).']
13858,Phenoxyethanol. May Contain (+/-): Iron Oxides (Ci 77491)
13859,Disodium Carboxyethyl Siliconate. May Contain: Titanium Dioxide Ci 77891
13860,Iron Oxide Ci 77499
13861,Iron Oxide Ci 77491
13862,Iron Oxide Ci 77492
13863,Carmine Ci 75470
13864,Yellow 5 Lake Ci 19140.']
13865,['Materialistic:'
13866,Tin Oxide. May Contain: Mica
13867,Iron Oxides Ci 77491.'
13868,'Stubborn
13869,Type A
13870,Know-It-All
13871,Way Harsh
13872,and Heart of Stone:'
13873,Zea Mays Starch/Zea Mays (Corn) Starch
13874,Dimethiconol. May Contain: Mica
13875,Blue 1 Lake Ci 42090
13876,Ferric Ammonium Ferrocyanide Ci 77510
13877,Carmine Ci 75470.'
13878,'RBF and Overcritical:'
13879,Carmine Ci 75470.']
13880,Zea May Starch
13881,'May Contain: Titanium Dioxide CI 77891
13882,Iron Oxide CI 77491
13883,Iron oxide CI 77492
13884,Iron Oxide CI 77499
13885,Red 40 CI 16035
13886,Tin Oxide. May Contain: Titanium Dioxide Ci 77891
13887,Red 40 Lake Ci 16035
13888,Aluminum Powder Ci 77000
13889,Black 2 (Ci 77266
13890,Nano).']
13891,Calcium Aluminium Borosilicate
13892,Dimethicone Crosspolymer. May Contain: Titanium Dioxide Ci 77891
13893,Manganeses Violet Ci 77742
13894,Ferric Ferrocyanide Ci 77510.']
13895,Phenoxyethanol May Contain (+/-): Yellow Oxide (Ci 77492)
13896,Red Oxide (Ci 77491)
13897,Black Oxide (Ci 77499)
13898,Phytosterols. May Contain: Titanium Dioxide Ci 77891
13899,Iron Oxide Ci 77499.']
13900,['Luna: Talc
13901,Ptfe. May Contain: Titanium Dioxide (Ci 77891)
13902,Iron Oxide (Ci 77499).'
13903,'Gemini: Dimethicone
13904,Silica. May Contain: Titanium Dioxide (Ci 77891)
13905,'Lorelei: Mica
13906,May Contain: Iron Oxide (Ci 77492)
13907,'Polkadot: Mica
13908,Phenoxyethanol. May Contain: Iron Oxide (Ci 77492)
13909,'Cupcake: Mica
13910,Polymethylsilsesquioxane. May Contain: Iron Oxide (Ci 77499)
13911,Red 40 Lake (Ci 16035).']
13912,['Milagritos:'
13913,'Vida:'
13914,'Flor:'
13915,Triethylhexanoin.'
13916,'Feliz:'
13917,'Sonrisa:'
13918,'Zinc Stearate
13919,'Conmigo:'
13920,Glycerin. May Contain: Ultramarines Ci 77007
13921,Red 30 Lake Ci 73360
13922,Red 6 Lake Ci 15850
13923,Yellow 6 Lake  Ci 15985
13924,Red 21 Lake Ci 45380
13925,Red 40 Lake Ci 16035.']
13926,['Bela: Zinc Stearate
13927,Phenoxyethanol. May Contain: Titanium Dioxide(Ci 77891)
13928,'Lady Like: Silica
13929,'Sweetheart: Zinc Stearate
13930,Phenoxyethanol. May Contain:
13931,'Gemelas: Mica
13932,'Love Sick: Silica
13933,Boron Nitride. May Contain: Carmine Red (Ci 75470)
13934,'Shmood: Zinc Stearate
13935,Phenoxyethanol. May Contain: Red 40 Lake (Ci 16035)
13936,Black 2 Nano (Ci 77266).'
13937,'LX Queen: Talc
13938,Dimethiconol. May Contain: Iron Oxides (Ci 77499)
13939,Carmine Red (Ci 75470)
13940,'Matheo: Mica
13941,'Boy Mum: Silica
13942,Phenoxyethanol. May Contain: Iron Oxides (Ci 77499)
13943,'Almond Eyes: Silica
13944,Tin Oxide. May Contain: Titanium Dioxide (CI 77891)
13945,Ascorbyl Palmitate. May Contain: Iron Oxides (Ci 77491
13946,['Suede:'
13947,'Buff:'
13948,'Cork:'
13949,'Musk:'
13950,'Tan:'
13951,'Bourbon:'
13952,'Stout:'
13953,'Brunet:'
13954,['Tribehenin
13955,Ascorbyl Palmitate. May Contain: Iron Oxide Ci 77491
13956,Rubus Idaeus (Raspberry) Leaf Extract [Rubus Idaeus Leaf Extract]
13957,Polyurethane-64
13958,Ci 15985.']
13959,Bht. May Contain Iron.']
13960,['Bel Air:'
13961,CI 77891 (Titanium Dioxide)'
13962,'Au Naturel:'
13963,'Pink Beet:'
13964,CI 77491/77499 (Iron Oxides)
13965,CI 42090 (Blue 1 Lake)'
13966,'Marrakech:'
13967,CI 73360 (Red 30 Lake)'
13968,'Taupe:'
13969,'Cara Cara:'
13970,'Sangria'
13971,': Caprylic/Capric Triglyceride
13972,CI 17200 (Red 33 Lake)'
13973,'Falcon:'
13974,CI 77891 (Titanium Dioxide)']
13975,CI 15850 (Red 7 Lake).']
13976,Cera Carnauba (Copernicia Cerifera (Carnauba) Wax
13977,Helianthus Annuus Seed Cera [Helianthus Annuus (Sunflower) Seed Wax]
13978,Copernicia Cerifera Cera [(Carnauba) Wax]
13979,Aroma (Flavor). May Contain (+/-): CI 77891 (Titanium Dioxide)
13980,CI 15850 (Red 6).']
13981,['Octyldodecyl Myristate
13982,BHT. May Contain (+/-): Iron Oxide Yellow (CI 77492)
13983,Iron Oxide Red (CI 77491)
13984,Iron Oxide Black (CI 77499).']
13985,2- Octyldodecanol
13986,Euphorbia Cerifera (Candelilla) Wax (Candelilla Cera
13987,Ethylhexanediol
13988,Cannabis Sativa (Hemp) Seed Extract
13989,Prunus Avium (Sweet Cherry) Flower Extract
13990,Vegetable Amino Acids
13991,Hydrogenated Vegetable Oil/Huile Végétale Hydrogénée
13992,Bis-stearyl Dimethicone
13993,Yellow 5 Lake (CI 19140)']
13994,Aframomum Melegueta Seed Extract
13995,Orchis Mascula Extract
13996,Homarine HCl
13997,['Homosalate 5%
13998,Octocrylene 5%
13999,Titanium Dioxide 2.9%
14000,Zinc Oxide 5.1%
14001,[May Contain: Iron Oxides
14002,Titanium Dioxide].']
14003,['Diisopropyl Dimer Dilinoleate
14004,Meteorite Powder
14005,Iron Oxides (CI77491).']
14006,Trisodium Dicarboxymethyl Alaninate
14007,[May Contain/Peut Contenir: Mica
14008,Blue 1 (CI 42090)']
14009,Iron Oxide
14010,Orobanche Rapum Extract
14011,Hippophae Rhamnoides (Seabuckhorn) Kernel Oil
14012,*Fragrance (Parfum)
14013,Papaver Somniferum Seed Extract
14014,Oligopeptide-2
14015,Nicotiana Benthamiana Hexapeptide-40 sh-Polypeptide-9
14016,Nicotiana Benthamiana Hexapeptide-40 sh-Polypeptide-86
14017,Shorea Robusta Resin
14018,Euphorbia Cerifera (Candelilla) Wax/Cire de Candelilla
14019,Disodium Sebacoyl Bis-Lauramidolysine
14020,['Prunus Cerasus (Bitter Cherry) Fruit Water
14021,Curcuma Longa (Turmeric) Rhizome Extract
14022,['Cetearyl Ethylhexanoate
14023,Tin oxide
14024,Fragrance. May Contain (+/-): Mica (Ci 77019)
14025,sr-Hydrozoan Polypeptide-1
14026,Ganoderma Lucidum (Mushroom) Stem Extract
14027,SR-Hydrozoan Polypeptide-1
14028,Sodium Carboxymethyl Starch
14029,Red Iron Oxide (CI 77491)
14030,Black Iron Oxide (CI 77499)
14031,Yellow Iron Oxide (CI 77492).']
14032,Papaver Somniferum Seed Oil
14033,Helichrysum Italicum Extract.']
14034,Cera Carnauba/ Copernicia Cerifera (Carnauba) Wax/ Cire de carnauba
14035,Oleth-2
14036,Sea Water (Maris Aqua
14037,Eau de Mer)
14038,Prunus Domestica (Plum) Fruit Extract
14039,['VC12-15 Alkyl Benzoate
14040,Candelilla Cera/ Euphorbia Cerifera (Candelilla) Wax/ Cire de candelilla
14041,Polyglceryl-3 Stearate
14042,PCA Glyceryl Oleate
14043,Linalool. May Contain (+/-): Mica
14044,Polyglyceryl-2 Sesquicaprylate
14045,['Homosalate 5.0%
14046,Zinc Oxide          5.1%
14047,Xanthan Hydroxypropyltrimonium Chloride
14048,['Pore Eclipse Primer:'
14049,Linalool *Contains Natural Fragrance'
14050,'Lip + Cheek:'
14051,'Deluxe KUSH Mascara:'
14052,PPG-5-Ceteth-10 Phosphate
14053,Frangrance
14054,Dimethicone PEG-7 Phosphate
14055,Camelina Sativa Oil/Camelina Sativa Seed Oil
14056,Melanin.']
14057,Melaleuca Alternifolia Leaf Oil/Tea Tree Leaf Oil
14058,['Helianthus Annuus Seed Oil (Sunflower Seed Oil)
14059,Olea Europaea Fruit Oil (Olive Fruit Oil)
14060,Simmondsia Chinensis Seed (Jojoba Seed Oil)
14061,Cocos Nucifera Oil (Coconut Oil)
14062,Parfum Fragrance
14063,Glycine Soja Oil (Soybean Oil)
14064,Methyl Cocoate
14065,Jasminum Officinale (Jasmine) Extract
14066,Annuus Seed Oil/Sunflower Seed Oil
14067,Stearate Se
14068,Isopropyl
14069,Palmitate
14070,Salicylic
14071,Acid
14072,Dimethicone PEG-7 Cocoate
14073,3-Octadecanediol.']
14074,Rosa Centifolia Extract/Rosa Centifolia Flower Extract
14075,Peg-180
14076,Jasminum Officinale (Jasmine) Extract.']
14077,hydrogenated starch
14078,hydrolysate
14079,dehydroxanthan gum
14080,calcium carbonate
14081,styrene/acrylates
14082,copolymer
14083,olea europaea oil/olive fruit oil
14084,acacia
14085,senegal gum
14086,sclerocarya birrea seed oil
14087,cocos nucifera oil/coconut
14088,oil
14089,caramel
14090,sodium lauryl sulfate
14091,disodium laureth sulfosuccinate.']
14092,CI 15985/Yellow 6.']
14093,Sodium Laureth SuMassage a small amount of clarifying shampoo into wet hair. Lather. Rinse. Repeat.lfate
14094,D269845/2.']
14095,Agave Tequilana Leaf Extract.']
14096,Parafinnum
14097,Caprlyl Glycol
14098,Dimethylaminoethylmethacrylate
14099,Yellow 6
14100,['25 Miracle Milk Heat Protectant Leave-In Conditioner:'
14101,Melanin.'
14102,'Coco Dew Curl Pre-Styling & Restyling Refresher Spray:'
14103,'Wonder Crown Scalp Clarifying Foaming Pre-Cleanse:'
14104,Lithium Magnesium Sodium Silicate [Nano]/Lithium Magnesium Sodium Silicate
14105,['SD Alcohol 39-C
14106,Alcohol Denat. (SD Alcohol 39-C)
14107,['Shatavari Root Extract
14108,Ashwagandha Root And Leaf Extract
14109,Amla Fruit Extract
14110,Rhodiola Root Extract
14111,Capsule (Hypromellose)
14112,Rice Hulls
14113,Medium Chain Triglycerides
14114,Gum Arabic
14115,and Sunflower Oil.']
14116,And  Sunflower Oil.']
14117,Lonicera Japonica (Honeysuckle) Flower Extract.']
14118,Red Radix Ginseng
14119,Pumpkin Powder
14120,Horsetail Powder
14121,Kelp
14122,Saw Palmetto
14123,Vitamin C as Ascorbic Acid
14124,Vitamin B1 as Thiamine HCI
14125,Vitamin B2 as Riboflavin 5-phosphate
14126,Iron as Iron Bisglycinate
14127,Zinc as Zinc bisglycinate
14128,Vitamin B3 as Niacinamide
14129,Vitamin B5 as D-Calcium Pantothenate
14130,Vitamin B6 as Pyridoxal 5-Phosphate
14131,Folic Acid as Methyltetrahydrofolic Acid
14132,Vitamin B12 as Methylcobalamin
14133,Vitamin A Palmitate.']
14134,['Water/Aqua/Eau Hydrator
14135,Betaine Amino Acid From Sugar Beet Molasses That Helps Protect Against Dehydration
14136,Coconut Oil Polyglyceryl-6 Esters Lauric Acids From Coconut Oil With Emollient Properties
14137,Glycerin Humectant
14138,Tremella Fuciformis Sporocarp (Silver Ear Mushroom) Extract Hydrating Supermushroom
14139,Sodium Polyglutamate An Amino Acid Produced By Fermentation That Provides Silkiness And Smoothness
14140,Hydrolyzed Hyaluronic Acid Low Molecular Weight Hyaluronic Acid That Penetrates Deeply Within The Skin’s Surface
14141,Ganoderma Lucidum (Reishi Mushroom) Extract Anti-Inflammaging Supermushroom
14142,Rosa Damascena Oil Essential Oil For Fragrance
14143,Santalum Austrocaledonicum Wood Oil Essential Oil For Fragrance
14144,Pogostemon Cablin Oil Essential Oil For Fragrance
14145,Polyglyceryl-10 Oleate An Ester Of Oleic Acid That Works As An Emulsifier
14146,Oryza Sativa (Rice) Bran Oil Emollient
14147,Tocopherol Antioxidant Vitamin E
14148,Tocotrienols Antioxidant Vitamin E
14149,Citric Acid Extract Derived From Citrus Fruits To Modify The Formula’s Ph
14150,Lonicera Japonica (Honeysuckle) Flower Extract Natural Preservation System
14151,Lonicera Caprifolium (Honeysuckle) Flower Extract Natural Preservation System.']
14152,['Sex Dust Proprietary Blend (Cacao Powder°
14153,Shilajit Extract
14154,Shatavari Root Powder°
14155,Epimedium (Horny Goat Weed) Leaf Extract°
14156,Maca Root Extract°
14157,Schisandra Berry Powder°
14158,Stevia Leaf Extract (Reb A).']
14159,Hydrolyzed Hyaluronlc Acid
14160,['Nu-Mag Certified Organic Rice Extract
14161,Rice (Oryza sativa cera) Flour
14162,Organic Rice Hulls
14163,Organic Gum Arabic
14164,Organic Sunflower Oil.']
14165,['Thiamin (as B complex from Organic Blend of Psidium Guajava
14166,Ocimum Sanctum
14167,Citrus Limon Extracts)
14168,Riboflavin (as B complex from Organic Blend of Psidium Guajava
14169,Niacin (as B complex from Organic Blend of Psidium Guajava
14170,Vitamin B6 (as B complex from Organic Blend of Psidium Guajava
14171,Folate (as L-5-Methyltetrahydrofolate (Calcium-L- Methylfolate) Metafolin
14172,B complex from Organic Blend of Psidium Guajava
14173,Vitamin B12 (as Vitamin B12 (as Methylcobalamin) (MecobalActive))
14174,Pantothenic Acid (as B complex from Organic Blend of Psidium Guajava
14175,Fermented L-Glutamine Powder
14176,Ginseng (Panax quinquefolius L.) Root Extract (Cereboost)
14177,Organic Mango Flavor
14178,Organic Monk Fruit Powder
14179,Beta Carotene (Organic).']
14180,['Magnesium Gluconate
14181,Magnesium Acetyl Taruinate
14182,L-theanine
14183,Organic Natural Mixed Berry Flavor
14184,Beetroot Juice Powder (Color).']
14185,['Brain Dust Proprietary Blend (Lion’s Mane Mushroom Extract°
14186,Astragalus Root Extract°
14187,Ashwagandha Root and Leaf Extract°
14188,Ginkgo Leaf Extract
14189,Stevia Leaf Extract (Reb A)°). °Organic.']
14190,['Water/Aqua/Edu
14191,Coco Betaine
14192,Mentha Piperita (Peppermint) Flower/Leaf/Stem
14193,['Rice Bran Solubles (Tocotrienols)
14194,Organic Tremella Mushroom (Tremella fuciformis) powder (fruiting body)
14195,['SuperYou:'
14196,'Shatavari Root Extract
14197,Ashwagandha Root and Leaf Extract
14198,and Sunflower Oil.'
14199,'SuperHair:'
14200,'Ashwagandha Root Extract (KSM66)
14201,Red Radix Root Powder
14202,Pumpkin Seed Powder
14203,Horsetail Grass Extract
14204,Kelp Powder
14205,Saw Palmetto Fruit Extract
14206,Vitamin K2 as MK-7 Menaquinone-7
14207,Vitamin A as Vitamin A Palmitate
14208,Vitamin D3 as Vitashine D3️ Cholecalciferol
14209,Vitamin E as D-alpha Tocopherol
14210,Vitamin B1 as Thiamine Hydrochloride
14211,Vitamin B2 as Riboflavin 5-Phosphate
14212,Folate as L-Methylfolate Monosodium MAGNAFOLATE Pro
14213,Iodine as Kelp Powder
14214,Zinc as Zinc Bisglycinate
14215,Rice Concentrate (Nu-Flow)
14216,Hydroxypropyl Methylcellulose (Vegetarian Capsule).'
14217,'SuperBeauty:'
14218,'Vitamin C (as Acerola Powder)
14219,Vitamin D3 (as Vitashine D3️ Cholecalciferol)
14220,Vitamin E (as D-alpha Tocopherol)
14221,Glutathione (as Setria L-Glutathione Reduced)
14222,N-Acetyl-Cysteine
14223,Schisandra Chinesis Berry Extract
14224,Silicon (as LIVING SILICA️ Stabilized Monomethylsilanetriol Powder)
14225,Astaxanthin (as Astazine Haematococcus pluvialis Microalgae)
14226,Vegetable Capsule (Hypromellose)
14227,Rice Extract
14228,['Beta-Glucan (from Ganoderma lucidum) MBG
14229,Zinc (as L-OptiZinc L-Methionine bound complex)
14230,Vitamin D2 (from Agaricus bisporus)
14231,Vitamin C (as Ascorbic Acid)
14232,Vegetable capsule (Hypromellose).']
14233,CI 47000 (Yellow 11).']
14234,Pg-Hydroxyethylcellulose Cocodimonium Chloride
14235,Hordeum Vulgare Seed Extract
14236,C12-13 Pareth-9
14237,Acrylates/Palmeth-25 Acrylate Copolymer
14238,Sodium Sarcosinate
14239,Allium Sativum Bulb Extract
14240,Lamium Album Flower Extract
14241,Nasturtium Officinale Leaf Extract
14242,Pinus Sylvestris Bud Extract
14243,SD Alcohol 40-b (Alcohol Denat.)
14244,Achillea Millefolium (Common Yarrow) Extract
14245,Geranium Maculatum (Spotted Cranesbill) Extract
14246,Ppg-12 Dimethicone
14247,Hydroxypropyl Methacrylate
14248,Simmondsia Chinensis (Jojoba) Seed Extract
14249,Quaternium-98
14250,Dihydrogenated Tallow Hydroxyethylmonium Methosulfate
14251,Methoxycinnamidopropyl Hydroxysultaine
14252,CI 60725 (Violet 2)
14253,Sulfuric Acid
14254,Propoxytetramethyl Piperdinyl Dimethicone
14255,Bis-Hydroxy/Methoxy Amodimethicone
14256,CI 56059 (Basic Blue 99)
14257,CI 42520 (Basic Violet 2)
14258,CI 12245 (Basic Red 76)
14259,Linoleamidopropyl Pg-Dimonium Chloride Phosphate Dimethicone
14260,Cl 17200 (Red 33)
14261,Cl 19140 (Yellow 5)
14262,SD Alcohol 40B (Alcohol Denat.)
14263,Peg/Ppg-15/15 Allyl Ether Acetate
14264,Octadecyl Di-T-Butyl-4-Hydroxyhydrocinnamate.']
14265,Brassica Campestris Sterols
14266,Silicone Quaternium-22
14267,VA/Crotonates/Vinyl Neodecanoate Copolymer
14268,Aminomethylpropanol
14269,Ocimum Sanctum (Basil) Leaf Extract
14270,CI 60730 (Ext. Violet No. 2)
14271,Alpha-Isomethylionone.']
14272,Bis-Vinyl Dimethicone
14273,Hydrogen
14274,MOSC01.']
14275,Polyurethane 14
14276,Hydroxyisohexyl 3-Cyclohexene Carboxaldehydethylpropional.']
14277,Disodium Lauroamphodiacetate
14278,Ci 26100 (Red 17)
14279,Ci 47000 (Yellow 11)
14280,Anthemis Nobelis Flower Extract
14281,Hydroxyisohexyl 3- Cyclohexene Carboxaldehyde
14282,Peg-45 Palm Kernel Glycerides
14283,['Caprylic/ Capric Triglyceride
14284,Argan Oil Polyglyceryl-6 Esters
14285,C12-15 Pareth-12
14286,Sodium Cocoyl Hydrolyzed Wheat Protein
14287,Soytrimonium Chloride
14288,Caramel. MOHCRO05']
14289,['Hydrating Shampoo:'
14290,Diethylhexyl Syringlyidenemalonate
14291,'Hydrating Conditioner:'
14292,Geranium Maculatum Extract
14293,PEG-12
14294,Linalool. MOPC01']
14295,Sea Salt/Maris Sal
14296,Ethylhexyl Salicylate (Octisalate)
14297,Butyl Methoxydibenzoylmethane (Avobenzone)
14298,Ethylhexyl Methoxycinnamate (Octinoxate)
14299,Lanolin Cera
14300,Nylon-10/10
14301,['Moisture Repair Shampoo:'
14302,'Moisture Repair Conditioner:'
14303,['Extra Volume Shampoo:']
14304,['Oryza Sativa (Rice) Bran Oil
14305,Argania Spinosa (Argan) Shell Powder
14306,HC Blue No. 15
14307,['Moroccanoil Treatment:'
14308,'Cyclomethicone
14309,CI 47000 (Yellow 11).'
14310,'Shower Gel:'
14311,Caramel.'
14312,'Dry Body Oil:'
14313,'Hair & Body Fragrance Mist:'
14314,'Sd Alcohol 40-B (Alcohol Denat.)
14315,['Moroccanoil Treatment Light:'
14316,Ci 47000 (Yellow 11).'
14317,'Extra Volume Shampoo:'
14318,Cocamide Dipa
14319,Diethylhexyl Syringyldenemalonate
14320,'Extra Volume Conditioner:'
14321,'Hand Cream Fragrance Originale:'
14322,'Hydrating Shampoo:'
14323,Sorbeth-230 Tetraoleate
14324,Sodium Methyl Isethionate
14325,PEG/PPG-20/20 Phenylisopropyl Caprylyl Dimethicone
14326,PEG-12 Allyl Ether
14327,['Xiyuan Jade
14328,Silver-Plated Iron.']
14329,['Helianthus Annuus (Sunflower) Seed Butter
14330,Squalane (Plant Derived)
14331,Lithospermum Erythrorhizon (Gromwell) Root Extract
14332,Achillea Millefolium (Yarrow) Oil
14333,Sambucus Nigra (Elderberry) Fruit Extract
14334,Glycyrrhiza Glabra (Licorice Root)
14335,Rhodiola Rosea (Rhodiola Root)
14336,Astragalus Membranaceus (Astragalus Root)
14337,Taraxacum Officinale (Dandelion Root)
14338,Angelica Archangelica (Angelica Root)
14339,Rosemary Officinalis (Rosemary) Extract
14340,Indigofera Tinctoria (Indigo) Extract
14341,Tanacetum Annuum (Blue Tansy) Oil.']
14342,['Rose Quartz
14343,Silver Plated Iron.']
14344,Ci 60730/Ext
14345,Violet 2
14346,Ci 15510 / Orange 4.']
14347,['Alien:'
14348,Ci 17200/Red 33.'
14349,'Alien Goddess:'
14350,Methyl Anthranilateh Tris(Tetramethylhydroxypiperidinol) Citrate
14351,['Salicylic Acid (1.5%)'
14352,Cimicifuga Racemosa Root Extract
14353,PEG-10 Stearate
14354,Witch Hazel Water
14355,Carrageenan Extract
14356,Cucumber Fruit Extract
14357,Grape Seed Extract
14358,Limonene*
14359,Linalool *
14360,Red 33 (CI 17200). *Allergen.']
14361,Dimethicone/Bis-Isobutyl PPG-20 Crosspolymer
14362,Diethylhexyl 2
14363,6-Naphthalate
14364,Mucor Miehei Extract
14365,4-Ethylresorcinol
14366,Nymphaea Coerulea Flower Extract
14367,Cymbopogon Schoenanthus Oil.']
14368,SH-Oligopeptide-1
14369,SH-Oligopeptide-2
14370,SH-Polypeptide-1
14371,SH-Polypeptide-9
14372,SH-Polypeptide-11
14373,Bacillus/Folic Acid Ferment Extract
14374,Propanediol Dicaprylate
14375,Albatrellus Confluens (Mushroom) Extract
14376,['Vitamin A
14377,Vitamin B2
14378,L-Lysine HCI
14379,L-Proline
14380,Burdock (Arctium lapp) 4:1 Root Extract
14381,Yellow Dock (Rumex crispus L.) 4:1 Root Extract
14382,Horsetail (Equisetum arvense L.) 6:1 Shoot Extract
14383,Grape (Vitis vinifera L.) Seed Extract
14384,dl-Alpha Tocopheryl Acetate
14385,Calcium Ascorbate
14386,Croscarmellose Sodium
14387,Zinc Glycinate Chelate
14388,Selenomethionine
14389,d-Calcium Pantothenate
14390,Thiamine HCl
14391,Riboflavin
14392,Beta Carotene
14393,Vitamin A Palmitate
14394,Chromium Polynicotinate
14395,Chromium Picolinate.']
14396,['Zinc Oxide 17.0%
14397,Glyceryl Behenate/Eiosadioate
14398,Oat Kernel Extract
14399,Soybean Sterols
14400,Corn Starch
14401,Glucosamine HCI
14402,Phoenix Dactylifera (Date) Seed
14403,Zinc Aspartate
14404,Orange Oil
14405,Mandarin Orange Peel Oil
14406,Basil Oil
14407,Grapefruit Peel Oil
14408,Galbanum Resin Oil
14409,BHA.']
14410,Meadowfoam Delta-Lactone
14411,Polyglyceryl-10 Tristearate
14412,Yellow 5 (Cl 19140)
14413,Amino Esters-1
14414,2 Hexanedio.']
14415,Marrubium Vulgare Meristem Cell Culture
14416,Xanthophyll
14417,Hydrolyzed Yeast Extract
14418,Glycine Soja  (Soybean) Sterols
14419,Polyglucuronic Acid
14420,Dioscorea Villosa (Wild Yam) Room Extract
14421,Cetyl Hydroxethylcellulose
14422,Picolinamide
14423,Peach Fruit Extract
14424,Fucus Vesiculusus Extract
14425,Acetyl Zingerone
14426,Asparagospsis Armata Extract
14427,PEG-8 Methyl Ether Triethoxysilane
14428,Bitter Orange Flower Extract
14429,Orange Fruit Extract
14430,Orange Peel Oil
14431,Green 3 (CI 42053).']
14432,10-Decanediol
14433,Dioscorea Villosa (Wild Yam) Root Extract
14434,Lavandula Angustifolia (Lavender) Oil.']
14435,Olive Oil Unsaponifiables
14436,Watermelon Fruit Extract
14437,Lentil Fruit Extract
14438,Lavender Oil.']
14439,['Clarifying Cleanser:'
14440,'Salicylic Acid 1.5%
14441,'Oil and Pore Control Mattifier Broad Spectrum SPF 45++++:'
14442,'Avobenzone 3.0%
14443,Homosalate 10.0%
14444,'Rapid Relief Acne Spot Treatment:'
14445,Salicylic Acid 2.0%'
14446,'InvisiScar Resurfacing Treatment:'
14447,['Essential-C Cleanser:'
14448,Iron Oxides (CI 77492)'
14449,'Vita-C Glycolic Brightening Serum:'
14450,Titanium Dioxide (CI 77891)'
14451,'Essential-C Day Moisture SPF 30:'
14452,Homosalate 6.5%
14453,Oxybenzone 2.0%'
14454,'Rapid Dark Spot Correcting Serum:'
14455,['Retinol Youth Renewal Serum:'
14456,'Retinol Youth Renewal Eye Serum:'
14457,Adipic Acid / Neopentyl Glycol / Trimellitic Anhydride Copolymer
14458,Diacetone Alcohol
14459,Phosphoric Acid
14460,['Dream Dust:'
14461,'Ethyl Acetate
14462,Adipic Acid/Neopentyl Glycol/Trimellitic Anhydride
14463,Isobutyl Acetate
14464,Ferric Ammonium Ferrocyanide (Ci 77510).'
14465,'Rainbow Wishes:'
14466,Barium Sulfate.']
14467,Benzoguanamine
14468,Hexanal
14469,Lauraldehyde
14470,Hea Ipdi Isocyanurate Trimer/Polycaprolactone Diol Copolymer
14471,Tris-Hea Ipdi Isocyanurate Trimer
14472,Adipic Acid/Neopentyl
14473,Anhydride
14474,Isopropyl Alcohol Isopropyl
14475,Trimethylpentanediyl DIbenzoate
14476,Polyvinyl Butyral
14477,Helianthus Annuus (Sunflower) Seed Helianthus
14478,Annuus Seed Oil
14479,Pistacia Lentiscus (Mastic) Gum Oil
14480,Zinc Acetylmethionate
14481,Citrus Lemon
14482,Brassica Oleracea Acephala Leaf
14483,Viti
14484,Aloe Barbandensis Leaf Extract
14485,['Sunkissed Hibiscus Eau de Parfum:'
14486,Ethylhexyl Salicylate.'
14487,'Sunkissed Hibiscus Dry Body Oil Mist:'
14488,'Disiloxane
14489,Isononanoate
14490,Tetrahexyldecyl
14491,Ascorbate
14492,Ci 26100 (D&C Red 17)
14493,Ci 60725 (D&C Violet 2)
14494,['Back To Life Recovery Treatment:'
14495,Pässiflora Edulis Seed Oil
14496,Acetyl Cysteine
14497,Polyurethane-67
14498,Methoxyisopropyl Acetate
14499,'Superfood Cuticle Repair Oil:'
14500,'Prunus Amygdalus Dulcis (Sweet Almond)
14501,Yellow 11 Ci 47000 Glycine Soja (Soybean) Oil.'
14502,'45 Second Top Coat With Retinol:'
14503,'Mayfair Lane Gel Effect Nail Polish:'
14504,Trimethylpentanediyl Dibenzoate
14505,Red Iron Oxide Ci 77491
14506,Red 6 Lake
14507,['Glowing My Way:'
14508,'Got Me Glowing:'
14509,['Real Peaches Only (Polish)'
14510,Ci 19140 (Fd&C Yellow 5)
14511,Ci 15850 (D&C Red No. 7)
14512,Benzoguanamine.'
14513,'Double The Juice (Rollerbaby)'
14514,Prunus Persica (Peach) Kernel Oil
14515,['Not From Concentrate:'
14516,Glycol/Trimellitic Anhydride Copolymer
14517,Ci 12085 (Red 36)
14518,Ci 73360 (Red 30)
14519,'Looking Super Juicy:'
14520,Ci 15850 (Red 6 Lake)
14521,['Free Time Is Me Time:'
14522,'Detox on Repeat:'
14523,Isophorone Diamine/Isophthalic Acid/Tromethamine Copolymer
14524,Ci 45410 (Red 28)
14525,Ci 45380 (Red 22)
14526,Ci45350 (Yellow 8)
14527,['Love On the Fly:'
14528,'Don’t Give a Flutter:'
14529,Ext Violet 2 (Ci 60730)
14530,['Summerland Gardens:'
14531,Titanium Dioxide (Titanium Dioxide [Nano])
14532,'Coral Sreet:'
14533,Polyester-3
14534,Dimethicone.'
14535,'Little Somerset Street:'
14536,Red 36 (Ci 12085)
14537,'Rising Sun Court:'
14538,['Need Some Vitamin Sea:'
14539,'You’re My Sol Mate:'
14540,Helianthus Annuus (Sunflower) Seed Helianthus Annuus Seed Oil
14541,Lemon
14542,Magnesium Ascorbyl
14543,Phosphate
14544,Biotinm Tocopherol
14545,Isopropanol Isopropyl Alcohol
14546,Sucrose Acetate Isobutylate
14547,4-Dihydroxybenzophenone Benzophenone-1
14548,Butanol N-Butyl Alcohol
14549,Methyl Polysiloxane Dimethicone
14550,Murasaki Ci 60725.']
14551,Parraffinium Liquidium
14552,CI42025.']
14553,['Underwood Road:'
14554,Ci 77499 (Iron Oxides).'
14555,'Amoury Way:'
14556,Ci 7726 [Nano] (Black 2)
14557,'Discovery Walk:'
14558,'Hide Place:'
14559,Rosa Rubiginosa (Rosehip) Seed Oil
14560,Glyceryl Palmitate
14561,Ci 47000 (Yellow 11).']
14562,['Find Me In Fulham:'
14563,'Knightsbridge Nights Out:'
14564,['Glazy For You:'
14565,'Donut Give Up:'
14566,['Ocean Street:'
14567,Silica.'
14568,'Tide Way:'
14569,Brassica Oleracea Acephala (Kale )Leaf Extract
14570,'Water Mews:'
14571,'Waverley Road:'
14572,Tosylamide/Epoxy Resin
14573,Bis-Aminopropyl Diglycol Dimaleate
14574,Etocrylene.']
14575,Bis-Butyldimethicone Polyglyceryl-3
14576,[+/- (May Contain/Peut Contenir): Mica
14577,[+/- (May Contain/Peut Contenir): Bismuth Oxychloride (Ci 77163)
14578,['C12-13 Alkyl Ethylhexanoate
14579,[+/- (May Contain): Blue 1 Lake (Ci 42090)
14580,Peg-400
14581,[+/- (May Contain): Mica
14582,Coprinus Comatus (Mushroom) Extract
14583,[+/-(May Contain/Peut Contenir): Iron Oxides (CI 77491
14584,Dimethicone/Vinal Dimethicone Crosspolymer
14585,Dis-Butydimethicone Polyglyceryl-3
14586,Sodium Glutamate
14587,Sorbitan
14588,Sesquiisostearate
14589,1-Methylhdantoin-2-Imide
14590,Phenoxyenthanol
14591,Polusilocone-2
14592,Serralysin
14593,Curcuma Longa
14594,Glycuosyl Hesperidin
14595,Tocpherol
14596,[+/- (May Contain): CI 77891 (Titanium Dioxide)
14597,[+/- (May Contain/Peut Contenir):Blue 1 Lake (Ci 42090)
14598,Red 7'
14599,'(Ci 15850)
14600,Stearic Acid Phenoxyethanol
14601,Dimethicone/Vinyl
14602,Trisodium
14603,Vibrio Alginolyticus Ferment Filtrate
14604,Algae (Algae Extract)
14605,Curcuma Longa [Curcuma Longa (Turmeric) Root Extract]
14606,Linalool [+/- (May Contain): Ci 77891 (Titanium Dioxide)
14607,Bis-Hydroxyethoxypropyl Dimethicone/Peg-2 Soyamine/Ipdi Copolymer
14608,Titanium Dioxide(Ci 77891)
14609,Iron Oxides ( Ci 77491)
14610,'Methoxycinnamate
14611,'Tocopheryl Acetate
14612,[+/- (May Contain): Carmine (Ci 75470)
14613,Aminobutyric Acid
14614,['San Juan: Talc
14615,[+/- (May Contain/Peut Contenir): Carmine (Ci 75470)
14616,Titanium Dioxide (Ci 77891)]'
14617,'Laguna: Talc
14618,Iron Oxides (Ci 77499)]'
14619,'Casino: Talc
14620,'Punta Cana: Talc
14621,[+/- (May Contain/Peut Contenir): Iron Oxides (Ci 77491)
14622,Titanium Dioxide (Ci 77891)]']
14623,['Polymethyl Methacrylate
14624,Euphorbia Cerifera (Candelilla) Wax/Candelillacera /Cire De Candelill A
14625,C10-30 Cholesterol /L Anosterol Esters
14626,Safflower Oil/Palm Oil Aminopropanediol Esters
14627,Water/Aqua /Eau
14628,Titanium Dioxide (C I77891)
14629,Ironoxides (Ci774 91)
14630,Ironoxides (Ci 77499)
14631,Oryza Sativa [Oryza Sativa (Rice) Bran Oil Extract]
14632,Castor Oil Phosphate
14633,Ci 77163 (Bismuth Oxychloride).']
14634,['Soleil:'
14635,Peg-10 Phytosterol
14636,Sorbic Acid. May Contain (+/-): Mica
14637,'Jumeirah:'
14638,'Condesa:'
14639,'Deep Chic
14640,Graffiti:'
14641,'Stilt House:'
14642,[+/-(May Contain/Peut Contenir): Iron Oxides (Ci 77491
14643,['Triple X:'
14644,'A-Lister:'
14645,Titanium Dioxide (Ci 77891)].'
14646,'Orgasm:'
14647,[+/-(May Contain/Peut Contenir): Carmine (Ci 75470)
14648,'Supervixen:'
14649,'Unbroken:'
14650,[+/-(May Contain/Peut Contenir): Blue 1 Lake (Ci 42090)
14651,'Chelsea Girls:'
14652,Yellow 6 Lake (Ci 15985)].'
14653,'Nympho:'
14654,'Aragon:'
14655,'Turkish Delight:'
14656,'Lover To Lover:'
14657,['Afterglow Lip Balm in Orgasm:'
14658,Lauryl PCA
14659,May Contain (+/-): Carmine (Ci 75470)
14660,'Afterglow Lip Balm in Dolce Vita:'
14661,May Contain (+/-): Iron Oxides (Ci 77492)
14662,'May Contain: Blue 1 Lake (Ci 42090)
14663,['Orgasm:'
14664,Triclosan
14665,Ci 17200 (Red 33 Lake)
14666,Ci 15880 (Red 34 Lake)].'
14667,'Laguna:'
14668,Phenoxyethanol. May Contain/Peut Contenir/(+/-): Iron Oxides (CI 77491
14669,[+/-(May Contain/Peut Contenir):  Blue 1 Lake (Ci 42090)
14670,[+/-(May Contain/Peut Contenir): Bismuth Oxychloride (CI 77163)
14671,Ethylhexyl Methoxycinnamate/Octinoxate
14672,Phenoxyethanol [+/-(May Contain/Peut Contenir): Carmine (Ci 75470)
14673,Silk Powder
14674,[+/- (May Contain): Iron Oxides (Ci 77491)
14675,[+/- (May Contain/Peut Contenir): Iron Oxides (Ci 77491
14676,Benzoic Acid. May Contain/Peut Contenir/(+/-): Bismuth Oxychloride (Ci 77163)
14677,Gardenia Tahitensis (Gardenia Tahitensis Flower)
14678,Bixa Orellana (Bixa Orellana Seed Extract)
14679,Ci 61565 (Green 6)
14680,['Mini Velvet Matte Lip Pencil:'
14681,'C12-13 Alkyl Ethylhexanoate
14682,'Mini Afterglow Lip Shine:'
14683,['Hot Sand:'
14684,Yellow 5.']
14685,['Blush:'
14686,'Afterglow Lip Shine:'
14687,['Hotwired:'
14688,[+/-(May Contain/Peut Contenir): Bismuth Oxychloride (Ci 77163)
14689,'High Speed:'
14690,'Seven Heaven:'
14691,'Seduced:'
14692,Titanium Dioxide(Ci 77891)].'
14693,'Reckless:'
14694,'Push It:'
14695,Mica].'
14696,'Faster Pussycat:'
14697,'Galapagos:'
14698,Titanium Dioxide(Ci 77891)].']
14699,['Swinger:'
14700,'Orgasm X:'
14701,'Orgasm Rush:'
14702,[+/-(May Contain/Peut Contenir): Titanium Dioxide (CI 77891)].']
14703,[+/-(May Contain/Peut Contenir): Black 2 (CI 77266) (Nano).']
14704,['Afterglow Lip Balm Orgasm: Hydrogenated Polyisobutene
14705,Red 7 Lake
14706,Red 27
14707,'Blush Orgasm: Calcium Sodium Borosilicate
14708,['Mini Radiant Creamy Concealer:'
14709,Vitis Vinifera (Grape) Seed Extract.'
14710,'Mini Afterglow Lip Shine Gloss:'
14711,Diglyceryl Sebacate/Isopalmitate
14712,['Center Eye Lid 320M:'
14713,Ci 77891 (Titanium Dioxide )
14714,Ci 77510 (Ferric Ferrocyanide )
14715,Ci 77499 (Iron Oxides )
14716,Ci 75470 (Carmine).'
14717,'Inner Corner 328M:'
14718,Ci 77510 (Ferric Ferrocyanide)
14719,Ci 77491 (Iron Oxides )
14720,Ci 77000 (Aluminum Powder).'
14721,'Outer Eye Lid 333M:'
14722,'Smoke 325CM:'
14723,'Blend 326CM:'
14724,'Brow Bone 334M:'
14725,Ci 77510 (Ferric Ammonium Ferrocyanide Ci 77510)
14726,Ci 77007 (Ultramarines )
14727,Ci 77400 (Bronze Powder )
14728,Ci 77400 (Copper Powder )
14729,'Center Eye Lid 329M:'
14730,Ci 77000 (Aluminum Powder )
14731,Ci 77492 (Iron Oxides )
14732,'Center Eye Lid 330M:'
14733,Ci 77510 (Ferric Ferrocyanide).'
14734,'Center Eye Lid 332M:'
14735,Ci 77400 (Copper Powder)
14736,'Crease 323CM:'
14737,'Inner Corner 322K:'
14738,'Lash Line 327CM:'
14739,'Outer Eye Lid 321M:'
14740,'Outer Eye Lid 331M:'
14741,'Transition 324CM:'
14742,Ci 75470 (Carmine).']
14743,['Satin Skin:'
14744,Thylhexylglycerin
14745,'Aubergine:'
14746,'Nina’s Orchide:'
14747,'Vintage
14748,True Gold:'
14749,Diisostearyl Alate
14750,May Contain [+/-]: Ci 77891 (Titanium Dioxide)
14751,Ci 77499 (Iron Oxides) Ci 75470 (Carmine)
14752,Ci 77000 (Aluminum Powder).']
14753,['Bronzage:'
14754,'Sienna
14755,Lumino:'
14756,'Quoin
14757,Soil:'
14758,Mica. May Contain (+/-): Titanium Dioxide (Ci 77891)
14759,['Deep Dive:'
14760,'Mica Dimethicone Squalane Silica Trimethylsiloxysilicate Hydrogenated Styrene/Isoprene Copolymer Zinc Stearate Caprylyl Glycol  Ethylhexylglycerin Octyldodecyl Stearoyl Stearate Boron Nitride Dimethicone/Vinyl Dimethicone Crosspolymer Pentaerythrityl Tetra-Di-T-Butyl Hydroxyhydrocinnamate Laureth-4 Ci 77891 (Titanium Dioxide) Ci 77491 (Iron Oxides) Ci 77492 (Iron Oxides) Ci 77499 (Iron Oxides) Ci 42090 (Blue 1 Lake) Ci 75470 (Carmine) Ci 77510 (Ferric Ammonium Ferrocyanide) Ci 77007 (Ultramarines) Ci 19140 (Yellow 5 Lake).'
14761,'Alloy:'
14762,'Talc Calcium Aluminum Borosilicate Octyldodecyl Stearoyl Stearate Calcium Sodium Borosilicate Synthetic Fluorphlogopite Diisostearyl Malate Silica Caprylyl Glycol Ethylhexylglycerin Tin Oxide Ptfe Zinc Stearate Ci 77891 (Titanium Dioxide) Ci 77491 (Iron Oxides) Ci 77492 (Iron Oxides) Ci 77499 (Iron Oxides) Ci 75470 (Carmine).'
14763,'Palladium:'
14764,'Talc Ci 77400 (Copper Powder) Octyldodecyl Stearoyl Stearate Mica Diisostearyl Malate Ci 77000 (Aluminum Powder)
14765,Ci 77491 (Iron Oxides) Silica Ci 77499 (Iron Oxides) Caprylyl Glycol Ethylhexylglycerin Ptfe.'
14766,'Gloaming:'
14767,'Talc Mica Octyldodecyl Stearoyl Stearate Calcium Sodium Borosilicate Ci 77891 (Titanium Dioxide) Diisostearyl Malate Ci 75470 (Carmine ) Ci 77400 (Copper Powder) Ci 77491 (Iron Oxides) Alumina Ci 19140 (Yellow 5 Lake) Caprylyl Glycol Ethylhexylglycerin Ci 77499 (Iron Oxides) Silica Tin Oxide Ptfe Zinc Stearate Synthetic Fluorphlogopite Calcium Titanium Borosilicate Calcium Aluminum Borosilicate Aluminum Calcium Sodium Silicate Ci 77492 (Iron Oxides).'
14768,'True Copper:'
14769,'Talc Synthetic Fluorphlogopite
14770,Ci 77491 (Iron Oxides) Octyldodecyl Stearoyl Stearate Calcium Aluminum Borosilicate Mica Diisostearyl Malate Alumina Ci 77891 (Titanium Dioxide)
14771,Silica Caprylyl Glycol Ethylhexylglycerin Tin Oxide Ptfe Zinc Stearate
14772,Ci 77400 (Bronze Powder) Ci 77400 (Copper Powder)
14773,Calcium Titanium Borosilicate Calcium Sodium Borosilicate Aluminum Calcium Sodium Silicate Ci 77492 (Iron Oxides) Ci 77499 (Iron Oxides).'
14774,'Silk:'
14775,'Talc Synthetic Fluorphlogopite Octyldodecyl Stearoyl Stearate
14776,Calcium Sodium Borosilicate Mica Diisostearyl Malate
14777,Alumina Caprylyl Glycol Ethylhexylglycerin Tin Oxide.'
14778,'Rhodium:'
14779,'Talc Octyldodecyl Stearoyl Stearate Micaci 77491 (Iron Oxides)Silica Calcium Aluminum Borosilicate Diisostearyl Malateci 77400 (Copper Powder)Ci 77499 (Iron Oxides) Ci 77492 (Iron Oxides)Ci 77891 (Titanium Dioxide)Ci 75470 (Carmine)Caprylyl Glycol Ethylhexylglycerin Tin Oxide Ptfe Zinc Stearateci 77400 (Bronze Powder)Calcium Titanium Borosilicate Calcium Sodium Borosilicate Aluminum Calcium Sodium Silicate Aluminacorporate Regulatory Affairs Officesynthetic Fluorphlogopiteci 77510 (Ferric Ferrocyanide.'
14780,'High Degree:'
14781,'Talcci 77491 (Iron Oxides)Synthetic Fluorphlogopite Octyldodecyl Stearoyl Stearateci 77400 (Copper Powder)Calcium Titanium Borosilicate Diisostearyl Malateci 77492 (Iron Oxides) Ci 77499 (Iron Oxides)Calcium Sodium Borosilicate Calcium Aluminum Borosilicateci 75470 (Carmine)Ci 77891 (Titanium Dioxide)Silica Caprylyl Glycol Ethylhexylglycerinci 19140 (Yellow 5 Lake)Tin Oxide Ptfe Zinc Stearateci 77400 (Bronze Powder)Aluminum Calcium Sodium Silicate.'
14782,'True Bronze:'
14783,'Talc Calcium Sodium Borosilicate Synthetic Fluorphlogopite Octyldodecyl Stearoyl Stearateci 77491 (Iron Oxides)Diisostearyl Malate Aluminaci 77891 (Titanium Dioxide)Caprylyl Glycol Ethylhexylglycerin Mica Tin Oxide Ptfe Zinc Stearate Calcium Titanium Borosilicate Calcium Aluminum Borosilicate Silica Aluminum Calcium Sodium Silicateci 77510 (Ferric Ferrocyanide)Ci 77492 (Iron Oxides)Corporate Regulatory Affairs Officeci 77499 (Iron Oxides).'
14784,'Bliss:'
14785,'Talc Octyldodecyl Stearoyl Stearateci 77891 (Titanium Dioxide)Synthetic Fluorphlogopite Alumina Diisostearyl Malate Silicaci 75470 (Carmine)Ci 77491 (Iron Oxides)Tin Oxide Caprylyl Glycol Ethylhexylglycerin Mica Ptfe Zinc Stearateci 77007 (Ultramarines)Ci 77492 (Iron Oxides) Ci 77499 (Iron Oxides)Ci 42090 (Blue 1 Lake)Ci 77510 (Ferric Ammonium Ferrocyanide)Ci 19140 (Yellow 5 Lake)Ci 77400 (Bronze Powder)Ci 77400 (Copper Powder)Ci 77000 (Aluminum Powder)Calcium Titanium Borosilicate Calcium Aluminum Borosilicate Calcium Sodium Borosilicate Aluminum Calcium Sodium Silicate.']
14786,['Glitz 392DC:'
14787,Octyldodecyl'
14788,'Stearoyl Stearate
14789,'Ethylhexylglycerin
14790,'Dioxide (Ci 77891)
14791,'Andy 393CP:'
14792,Hydrogenated Styrene/Isoprene'
14793,Titanium Dioxide (Ci'
14794,'77891)
14795,'Oxides (Ci 77499)
14796,'Jude 394M:'
14797,Blue 1 Lake (Ci'
14798,'42090)
14799,Aluminum'
14800,'Powder (Ci 77000)
14801,Ferric Ammonium Ferrocyanide (Ci'
14802,'77510)
14803,'Mod 395CM:'
14804,'Triethoxycaprylylsilane
14805,Hdi/Trimethylol Hexyllactone'
14806,'Oxides (Ci 77491)
14807,'Vivienne 396CP:'
14808,'Groove 397CM:'
14809,Iron Oxides (Ci'
14810,'77499)
14811,'Opart 398CP:'
14812,'Psychedelic 399K:'
14813,Ultramarines (Ci'
14814,'77007)
14815,'Go-Go 400CP:'
14816,Yellow'
14817,'5 Lake (Ci 19140)
14818,'Patty 401M:'
14819,Ferric Ammonium'
14820,'Ferrocyanide (Ci 77510).'
14821,'Swing 402M
14822,Nude Mauve 144CM:'
14823,Hdi/Trimethylol'
14824,'Hexyllactone Crosspolymer
14825,Carmine'
14826,'(Ci 75470)
14827,'Rebellion 403CP:'
14828,'Helio 149M:'
14829,'Aluminum Borosilicate
14830,'Ferrocyanide (Ci 77510)
14831,'Carmine (Ci 75470).'
14832,'Amara 137CM:'
14833,['Orion:'
14834,'Atik:'
14835,'Synthetic  Fluorphlogopite
14836,'Bellatrix
14837,Cosmo:'
14838,Octyldodecyl Stearoyl  Stearate
14839,Synthetic Fluorphlogopite. May Contain (+/-): Titanium Dioxide (Ci 77891)
14840,'Earth:'
14841,['Golden Flesh:'
14842,'Synthetic fluorphlogopite
14843,caprylylglycol
14844,ethylhexylglycerin
14845,hdi/trimethylol hexyllactone crosspolymer
14846,triethoxycaprylylsilane
14847,Ci77491/ci77492/ci 77499 (iron oxides).'
14848,'Anjo:'
14849,\rCalcium Titanium Borosilicate
14850,\rSynthetic Fluorphlogopite
14851,Ci 77491/ Ci 77492/ Ci 77499 (Iron Oxides)
14852,'Faye:'
14853,\rTin Oxide
14854,\rCi 75470 (Carmine)
14855,Ci77000 (Aluminum Powder).'
14856,'Harlow:'
14857,Ci 77491/  Ci 77499 (Iron Oxides)
14858,'Seed:'
14859,\rHDI/Trimethylol Hexyllactone Crosspolymer
14860,\rCi77491/Ci77492/Ci 77499 (Iron Oxides)
14861,['Cream Blush:'
14862,'Isostearyl Neopentanoate
14863,Polyurethane 44
14864,Aluminum Hydroxide +/- Ci 77891/Titanium Dioxide
14865,Ci 19140/Yellow 5 Lake.'
14866,'Star Glow:'
14867,Copernicia Cerifera Cera (Copernicia Cerifera (Carnauba) Wax/Cire De Carnauba)
14868,Tocopherol  +/- Ci 77891 (Titanium Dioxide)
14869,'Transition and Smoke:'
14870,Hexylene Glycol +/- Ci 77891 (Titanium Dioxide)
14871,'Inner Corner and Outer Corner:'
14872,Tocopherol +/- Ci 77891 (Titanium Dioxide)
14873,['Galaxia
14874,Industrial
14875,Pixie:'
14876,'Calcium Sodium
14877,Borosilicate
14878,Octyldodecyl Stearoyl
14879,Calcium Titanium
14880,Aluminum Calcium Sodium
14881,Silicate
14882,Calcium Aluminum
14883,Alumina.'
14884,'Vintage Taupe:'
14885,Hdi/Trimethylol
14886,Hexyllactone
14887,Silica. May Contain ( +/-) : Titanium Dioxide Ci 77891
14888,Carmine Ci 75470. May Contain ( +/ -): Titanium Dioxide Ci 77891
14889,['Dark Sepia:'
14890,'Bia and Lodge:'
14891,Silica. (+/-) May Contain: Ci 77891 (Titanium Dioxide)
14892,'Antheia:'
14893,'D’or:'
14894,Ci 77400 (Bronze Powder).']
14895,C20-24 Olefin'
14896,Iron Oxides (Ci 77499). Laureth-4'
14897,'Natasha Denona – My Dream E/S Palette - Thrill'
14898,['Glow Extreme in Citrus:'
14899,Citric Acid. May Contain (+/-): Titanium Dioxide (Ci 77891)
14900,'Blush in Neutral Beige:'
14901,Hexyleneglycol
14902,Dimethicone Crosspolymer. May Contain (+/-): Iron Oxides (Ci 77492
14903,['Mint Frost:'
14904,'Limoncello:'
14905,'Bubble:'
14906,Laureth-4.'
14907,'Tulle:'
14908,'Bora:'
14909,'Bellini:'
14910,'Adriatic:'
14911,Zinc Stearate.'
14912,'Zest:'
14913,'Starlet:'
14914,'Brisk:'
14915,'Feather:'
14916,'Airy:'
14917,'Dainty:'
14918,'Duet:'
14919,'Illusion:'
14920,['Bruno 417CM:'
14921,'Izzy 418CM:'
14922,'Blaze Nude 419M:'
14923,Bismuth Oxychloride (CI 77163).'
14924,'Plush 420CM:'
14925,'Wink 421CP:'
14926,['Aura:'
14927,Ci 77499  (Iron Oxides)
14928,Ci 77510 (Ferric Ammonium Ferrocyanide )
14929,Ci 16035 ( Red 40 Lake).'
14930,'Sense
14931,Equilibrium:'
14932,(+/-)/May Contain: Ci 77891 (Titanium Dioxide)
14933,'Tranquil:'
14934,'Calm
14935,Mindful
14936,Breath
14937,Mantra:'
14938,Laureth-4. (+/-)/May Contain: Ci 77891 (Titanium Dioxide)
14939,'Balance
14940,Zeal
14941,Relief
14942,Vigor:'
14943,Silica. (+/-)/May Contain: Ci 77891 (Titanium Dioxide)
14944,'Yama:'
14945,'Flow:'
14946,Ci 77400 (Copper Powder).']
14947,['You:'
14948,'Talc  Synthetic Fluorphlogopite Octyldodecyl Stearoyl Stearate Silica Diisostearyl Malate Mica Caprylyl Glycol Ethylhexylglycerin Tin Oxide Ptfe Zinc Stearate Calcium Titanium Borosilicate Calcium Aluminum Borosilicatecalcium Sodium Borosilicate Aluminum Calcium Sodium Silicate Alumina Titanium Dioxide (Ci 77891) Iron Oxides (Ci 77491) Iron Oxides (Ci 77492) Iron Oxides (Ci 77499) Aluminum Powder (Ci 77000) Blue 1 Lake (Ci 42090) Bronze Powder (Ci 77400) Copper Powder (Ci 77400) Ferric Ammonium Ferrocyanide (Ci 77510) Ferric Ferrocyanide (Ci 77510) Manganese Violet (Ci 77742) Yellow 5 Lake (Ci 19140) Ultramarines (Ci 77007) .'
14949,'Are:'
14950,'Synthetic Fluorphlogopite Zinc Stearate Triethoxycaprylylsilane Caprylyl Glycol Dimethicone Ethylhexylglycerin Hdi/Trimethylol Hexyllactone Crosspolymer Alumina Glycerin Silica Titanium Dioxide (Ci 77891) Iron Oxides (Ci 77491) Iron Oxides (Ci 77492) Iron Oxides (Ci 77499) Blue 1 Lake Ci 42090 Carmine (Ci 75470) Ferric Ammonium Ferrocyanide (Ci 77510) Yellow 5 Lake (Ci 19140) Ultramarines (Ci 77007).'
14951,'My:'
14952,'Synthetic Fluorphlogopite Zinc Stearate Dimethicone Triethoxycaprylylsilane Caprylyl Glycol Ethylhexylglycerin Hdi/Trimethylol Hexyllactone Crosspolymersilica Iron Oxides (Ci 77491)Iron Oxides (Ci 77499)Carmine (Ci 75470)Ultramarines (Ci 77007).'
14953,'True:'
14954,'Talc Mica Octyldodecyl Stearoyl Stearate Diisostearyl Malate Calcium Aluminum Borosilicate Caprylyl Glycol Ethylhexylglycerin Tin Oxide Ptfe Zinc Stearate Calcium Sodium Borosilicatesilica Calcium Titanium Borosilicate Synthetic Fluorphlogopite Aluminum Calcium Sodium Silicate Alumina Titanium Dioxide (Ci 77891) Iron Oxides (Ci 77491iron Oxides (Ci 77492) Iron Oxides (Ci 77499) Aluminum Powder (Ci 77000) Bronze Powder (Ci 77400) Carmine (Ci 75470) Copper Powder (Ci 77400)Ferric Ferrocyanide (Ci 77510).'
14955,'Love:'
14956,'Talc Mica Octyldodecyl Stearoyl Stearate Diisostearyl Malate Caprylyl Glycol Ethylhexylglycerin Ptfe Zinc Stearate Synthetic Fluorphlogopite Calcium Aluminum Borosilicate Silica Calcium Sodium Borosilicate Aluminum Calcium Sodium Silicate Alumina Tin Oxide Titanium Dioxide (Ci 77891) Iron Oxides (Ci 77491) Carmine (Ci 75470) Ferric Ferrocyanide (Ci 77510).']
14957,['Glow Extreme:'
14958,Aluminum Calcium  Sodium Silicate
14959,Hexylene Glycol. May Contain (+/-): Titanium Dioxide (Ci 77891)
14960,'Duo Glow:'
14961,'Cream Blush:'
14962,Aluminum Hydroxide. May Contain (+/-): Titanium Dioxide (Ci 77891)
14963,'Glow Cream Base:'
14964,Copernicia Cerifera Cera (Copernicia Cerifera (Cernauba) Wax)
14965,Tin Oxide. May Contain (+/-): Ci 77891  (Titanium Dioxide)
14966,['Flutter:'
14967,'Talc Aluminum Calcium Sodium Silicate Octyldodecyl Stearoyl Stearate Calcium Aluminum Borosilicate Mica Titanium Dioxide Ci 77891 Diisostearyl Malate Caprylyl Glycol Ethylhexylglycerin Iron Oxides Ci 77491 Tin Oxide Carmine Ci 75470 Zinc Stearate Tocopherol.'
14968,'Evergreen:'
14969,'Mica Dimethicone Squalane Titanium Dioxide Ci 77891 Silica Trimethylsiloxysilicate Iron Oxides Ci 77499 Iron Oxides Ci 77492 Hydrogenated Styrene/Isoprene Copolymer Blue 1 Lake Ci 42090 Zinc Stearate Caprylyl Glycol Ethylhexylglycerin Octyldodecyl Stearoyl Stearate Boron Nitride Dimethicone/Vinyl Dimethicone Crosspolymer Pentaerythrityl Tetra-Di-T-Butyl Hydroxyhydrocinnamate Tocopherol Laureth-4.'
14970,'Lucy:'
14971,'Synthetic Fluorphlogopite Titanium Dioxide Ci 77891 Zinc Stearate Iron Oxides Ci 77492 Iron Oxides Ci 77499 Dimethicone Iron Oxides Ci 77491 Triethoxycaprylylsilane Caprylyl Glycol Ethylhexylglycerin Hdi/Trimethylol Hexyllactone Crosspolymer Silica Tocopherol.'
14972,'Holly:'
14973,'Synthetic Fluorphlogopite Titanium Dioxide Ci 77891 Zinc Stearate Dimethicone Iron Oxides Ci 77491 Iron Oxides Ci 77492 Carmine Ci 75470 Triethoxycaprylylsilane Iron Oxides Ci 77499 Caprylyl Glycol Ethylhexylglycerin Hdi/Trimethylol Hexyllactone Crosspolymer Maltodextrin Silica Tocopherol.'
14974,'Synthetic Fluorphlogopite Titanium Dioxide Ci 77891 Zinc Stearate Iron Oxides Ci 77499 Iron Oxides Ci 77492 Dimethicone Iron Oxides Ci 77491 Triethoxycaprylylsilane Caprylyl Glycol Ethylhexylglycerin Hdi/Trimethylol Hexyllactone Crosspolymer Silica Tocopherol.'
14975,'Jazzy:'
14976,'Talc Mica Iron Oxides Ci 77499 Octyldodecyl Stearoyl Stearate Diisostearyl Malate Titanium Dioxide Ci 77891 Zinc Stearate Iron Oxides Ci 77491 Caprylyl Glycol Ethylhexylglycerin Iron Oxides Ci 77492 Tocopherol.'
14977,'Maxi:'
14978,'Talc Mica Octyldodecyl Stearoyl Stearate Iron Oxides Ci 77499 Titanium Dioxide Ci 77891 Iron Oxides Ci 77491 Diisostearyl Malate Caprylyl Glycol Ethylhexylglycerin Iron Oxides Ci 77492 Zinc Stearate Tocopherol.'
14979,'Belle:'
14980,'Synthetic Fluorphlogopite Titanium Dioxide Ci 77891 Zinc Stearate Carmine Ci 75470 Iron Oxides Ci 77491 Iron Oxides Ci 77499 Dimethicone Iron Oxides Ci 77492 Triethoxycaprylylsilane Caprylyl Glycol Ethylhexylglycerin Hdi/Trimethylol Hexyllactone Crosspolymer Maltodextrin Silica Tocopherol.'
14981,'Flare:'
14982,'Talc Calcium Aluminum Borosilicate Mica Octyldodecyl Stearoyl Stearate Iron Oxides Ci 77491 Diisostearyl Malate Titanium Dioxide Ci 77891 Silica Zinc Stearate Synthetic Fluorphlogopite Caprylyl Glycol Ethylhexylglycerin Carmine [Ci 75470] Iron Oxides Ci 77499 Tin Oxide Tocopherol.'
14983,'Palladian:'
14984,'Talc Mica Octyldodecyl Stearoyl Stearate Titanium Dioxide Ci 77891 Diisostearyl Malate Synthetic Fluorphlogopite Caprylyl Glycol Ethylhexylglycerin Chromium Oxide Greens Ci 77288 Tin Oxide Zinc Stearate Tocopherol.'
14985,'Fringe:'
14986,'Synthetic Fluorphlogopite Titanium Dioxide Ci 77891 Zinc Stearate Iron Oxides Ci 77492 Dimethicone Iron Oxides Ci 77499 Triethoxycaprylylsilane Blue 1 Lake Ci 42090 Caprylyl Glycol Ethylhexylglycerin Hdi/Trimethylol Hexyllactone Crosspolymer Mica Silica Tocopherol.'
14987,'Oscar:'
14988,'Talc Octyldodecyl Stearoyl Stearate Mica Titanium Dioxide Ci 77891 Alumina Diisostearyl Malate Zinc Stearate Iron Oxides Ci 77491 Bronze Powder Ci 77400 Iron Oxides Ci 77499 Silica Tin Oxide Caprylyl Glycol Ethylhexylglycerin Tocopherol.'
14989,'Oz:'
14990,'Talc Mica Titanium Dioxide Ci 77891 Octyldodecyl Stearoyl Stearate Diisostearyl Malate Iron Oxides Ci 77499 Chromium Oxide Greens Ci 77288 Caprylyl Glycol Ethylhexylglycerin Iron Oxides Ci 77491 Zinc Stearate Tocopherol.'
14991,'Sage:'
14992,'Synthetic Fluorphlogopite Zinc Stearate    Titanium Dioxide Ci 77891  Iron Oxides Ci 77499    Iron Oxides Ci 77492    Dimethicone    Blue 1 Lake Ci 42090    Triethoxycaprylylsilane  Caprylyl Glycol    Ethylhexylglycerin    Hdi/Trimethylol Hexyllactone Crosspolymer Silica    Iron Oxides Ci 77491    Tocopherol.'
14993,'Marlin:'
14994,'Talc Octyldodecyl Stearoyl Stearate Titanium Dioxide Ci 77891 Alumina Mica Diisostearyl Malate Aluminum Powder Ci 77000 Synthetic Fluorphlogopite Zinc Stearate Yellow 5 Lake Ci 19140 Silica Iron Oxides Ci 77491 Caprylyl Glycol Ethylhexylglycerin Tin Oxide Ferric Ammonium Ferrocyanide Ci 77510 Ferric Ferrocyanide Ci 77510 Iron Oxides Ci 77499 Tocopherol.']
14995,['Bare:'
14996,'Stark:'
14997,'Dazz:'
14998,(Ci 42090) Blue 1 Lake
14999,Ci 77400 (Copper Powder).'
15000,'Uncovered:'
15001,['Glow Cream Base:'
15002,'Super Glow:'
15003,'Glow Impact Powder:'
15004,'Blush & Bronze Powder:'
15005,['Flesh 104CM:'
15006,'Russet 435CM:'
15007,'Gobi 436M:'
15008,'Tuff 438CM:'
15009,Dimethicone Triethoxycaprylylsilane
15010,Iron Oxides (Ci 77491) Iron Oxides (Ci 77499)
15011,'Bronze Foil 437CM:'
15012,Alumina Diisostearyl Malate
15013,Polyacrylate Crosspolymer-11
15014,Polyglyceryl-10 Eicosanedioate / Tetradecanedioate
15015,Prunus Persica Fruit Extract
15016,Disodium Phosphate +/- Ci 77891 / Titanium Dioxide.']
15017,IPDI/Di-C12-13 Alkyl Tartrate/BIS-Hydroxyethoxypropyl Dimethicone Copolymer
15018,Psilanthus Bengalensis Leaf Cell Culture Extract
15019,Cirsium Eriophorum Callus Extract
15020,Cyanidium Caldarium Extract
15021,Lotus Japonicus Somatic Embryo Extract. May Contain (+/-): Titanium Dioxide (Ci 77891)
15022,[+/-] Ci 15850/Red 6
15023,['Triisodecyl Trimellitate Trimethylolpropane Triisostearate Polybutene Octyldodecanol Titanium Dioxide (Ci 77891) Microcrystalline Wax (Cera Microcristallina) Hydrogenated Polyisobutene Caprylic/Capric Triglyceride Vp/Eicosene Copolymer Polyethylene Mica Iron Oxides (Ci 77491) Iron Oxides (Ci 77492) Stearalkonium Bentonite Methyl Methacrylate Crosspolymer Red 7 Lake (Ci 15850) Hydrogenated Styrene/Butadiene Copolymer Phytosteryl Isostearate Propylene Carbonate Blue 1 Lake (Ci 42090) Pentaerythrityl Tetra-Di-T- Butyl Hydroxyhydrocinnamate Ethyl Vanillin Dicalcium Phosphate Bht Rubus Idaeus (Raspberry) Leaf Extract [Rubus Idaeus Leaf Extract] Yellow 5 Lake (Ci 19140) Tin Oxide.']
15024,['Dream Glow Highlighter:'
15025,'Cream Elite Blush:'
15026,'Diisostearyl Malate Octyldodecanol Mica Polyglyceryl-3 Diisostearate Polyethylene Titanium Dioxide (Ci 77891) Microcrystalline Wax (Cera Microcristallina) Hydrogenated Microcrystalline Wax Synthetic Wax Iron Oxides (Ci 77491) Carthamus Tinctorius (Safflower) Seed Oil [Carthamus Tinctorius Seed Oil].']
15027,Mica Phenylpropyldimethylsiloxysilicate
15028,&quot;Acrylates/Stearyl Acrylate/Dimethicone Methacrylate Copolymer&quot;
15029,&quot;Rubus Idaeus (Raspberry) Leaf Extract [Rubus Idaeus Leaf Extract]&quot;.']
15030,Vitis Vinifera Extract [Vitis Vinifera (Grape) Fruit Extract]
15031,['Twiggy:'
15032,Iron Oxides (Ci 77499) Ferric Ammonium Ferrocyanide (Ci 77510)
15033,'Sea Star:'
15034,'Aurora:'
15035,'Ontario:'
15036,'Ari:'
15037,Microcrystalline Wax (Cera Microcristallina}
15038,&quot;Rubus Idaeus (Raspberry) Leaf Extract [Rubus Idaeus Leaf Extract]&quot;
15039,BHT Calcium Aluminum Borosilicate
15040,['Ridecyl Trimellitate Trimethylolpropane Triisostearate Polybutene Octyldodecanol Microcrystalline Wax (Cera Microcristallina) Hydrogenated Polyisobutene Vp/Eicosene Copolymer Caprylic/Capric Triglyceride Polyethylene Mica Stearalkonium Bentonite Silica Hydrogenated Styrene/Butadiene Copolymer Phytosteryl Isostearate Propylene Carbonate Pentaerythrityl Tetra-Di-T-Butyl Hydroxyhydrocinnamate Ethyl Vanillin Dicalcium Phosphate Rubus Idaeus (Raspberry) Leaf Extract [Rubus Idaeus Leaf Extract] Calcium Aluminum Borosilicate Aluminum Calcium Sodium Silicate Calcium Titanium Borosilicate Alumina Calcium Sodium Borosilicate Synthetic Fluorphlogopite Tin Oxide Titanium Dioxide (Ci 77891) Iron Oxides (Ci 77491) Iron Oxides (Ci 77492) Blue 1 Lake (Ci 42090) Yellow 5 Lake (Ci 19140) Red 6 (Ci 15850) Red 7 Lake (Ci 15850).']
15041,Ci 77492 ( Iron Oxides )
15042,Microcrystalline Wax (Cera Microcristallina) Bis-Diglyceryl Polyacyladipate-2
15043,Hydrogenated Styrene/Isoprene Copolymer Caprylic/Capric Triglyceride
15044,Pentaerythrityl Tetra-Di-T-Butyl Hydroxyhydrocinnamate Tocopherol
15045,Rubus Idaeus (Raspberry) Leaf Extract [Rubus Idaeus Leaf Extract] Bht
15046,Dicalcium Phophate
15047,Ci 77266 (Nano) [Black 2]. Isododecane
15048,Mica.Isododecane
15049,['Iron Oxides Ci 77499 Black 2 Ci 77266 (Nano) Ferric Ammonium Ferrocyanide Ci 77510 (The Allergen Substances Are Not Present Corporate - Regulatory Affairs Office) Ascorbyl Palmitate Citric Acid Lecithin Tocopherol Disteardimonium Hectorite Propylene Carbonate Caprylyl Methicone Dicalcium Phosphate Disiloxane Mica Phenylpropyldimethylsiloxysilicate Polyhydroxystearic Acid Bis-Diglyceryl Polyacyladipate-2 Polyethylene Trimethylsiloxysilicate Synthetic Wax Dimethicone.']
15050,2-Hexanediol Acrylates/Dimethylaminoethyl Methacrylate Copolymer
15051,Black 2 CI 77266 (Nano).']
15052,['Affinity 476SF:'
15053,Aluminum Powder Ci 77000.'
15054,'Esme 473 Cm.:'
15055,Blue 1 Lake Ci 42090.'
15056,'Giddy 477CM:'
15057,Yellow 5 Lake Ci 19140.'
15058,'Aiko 475cm.:'
15059,Ultramarines Ci 77007. '
15060,'Juliette 474cm.:'
15061,'Dream Glow:'
15062,Titanium Dioxide [Ci 77891]
15063,['Brushes:'
15064,'Aluminum Synthetic Hair.'
15065,'Travel Makeup Pouch:'
15066,'PU Leather.']
15067,Coleus Barbatus Root Extract
15068,Pinus Cembra Wood Extract
15069,Geraniol and Fragrance/Parfum*.']
15070,Volcanic Sand
15071,Fragrance/Parfum*
15072,Zinc Oxide (CI 77947).']
15073,Angelica Archangelica Root Extract
15074,Limonene. Linalool
15075,Pinus Strobus Bark Extract
15076,Limonene and Fragrance/Parfum*.']
15077,and Fragrance/Parfum*.']
15078,['Titanium Dioxide 4.28%
15079,Zinc Oxide 19.03%
15080,Octyldodecyl Erucate
15081,Citrus Aurantifolia (Lime) Peel Oil
15082,Perilla Ocymoides Seed Oil
15083,Polyglyceryl-10 Heptahydroxystearate
15084,Palmitoyl Dipeptide-5 Diaminonhydroxybutyrate
15085,Stearic Acid.']
15086,Abies Sibirica (Siberian Fir) Oil
15087,Pogostemon Cablin (Patchouli) Oil.']
15088,20% Zinc Oxide']
15089,Nicotiana Benthamiana Octapeptide-30 sh-Oligopeptide-2
15090,Corylus Avellana (Hazelnut) Seed Oil
15091,Sclerocarya Birrea Seed Oil.']
15092,Cetyl Glyceryl Ether
15093,Glyceryl Stearates
15094,CeramiClinide AG
15095,['Sodium Palmate (RSPO)
15096,Sodium Palm Kernelate (RSPO)
15097,Cellulose Acetate*
15098,Ceramide AG
15099,Glyceryl Stearate.']
15100,Ethyl Hexyl Glycerin
15101,Adansonia Digitata Seed Oil (Baobab Oil)
15102,['Seville Orange:'
15103,'Fragrance (Parfum)
15104,'Turkish Rose:'
15105,'South Pacific Sandalwood:'
15106,'Indian Jasmine:'
15107,'Madagascar Vanilla:'
15108,Anisyl Alcohol
15109,['Golden Nectar Mini Rollerball:'
15110,'Indigo Mini Rollerball:'
15111,'Wild Poppy Mini Rollerball:'
15112,Pentaerythrithyl Tetra-di-t-butyl Hydroxyhydrocinnamate
15113,['Seville Orange Perfume Oil Rollerball:'
15114,'Turkish Rose Perfume Oil Rollerball:'
15115,['Food-Grade Paraffin (FDA-Approved and Naturally Derived)
15116,Renewable Plant Oils
15117,Vegetable Soy Wax
15118,['Renewable Plant Oils
15119,['Pure FDA Approved
15120,Naturally Derived
15121,Food-Grade Paraffin
15122,['Balinese Coconut Perfume Oil:'
15123,'Seville Orange Perfume Oil:'
15124,'Turkish Rose Perfume Oil:'
15125,'Indian Jasmine Perfume Oil:'
15126,'Madagascar Vanilla Perfume Oil:'
15127,['Pure
15128,FDA Approved
15129,Olive Oil PEG-8 Esters
15130,Phyllostachis Bambusoides Juice
15131,FDA approved
15132,Hexyl Cinnamic
15133,Styrax Benzoin Resin (Amber) Extract
15134,naturally derived
15135,food-grade paraffin
15136,Cocamido-propyl Betaine
15137,Benxyl Benzoate
15138,Hexylene Glycol'
15139,'[+/- Red 6 (Ci 15850)
15140,Nylon
15141,Copernicia Cerifera (Carnauba) Wax'
15142,['Mini Magnetic Luminous Eye Color – Smoke'
15143,Copernicia Cerifera (Carnauba) Wax [+/- Titanium Dioxide (Ci 77891)
15144,'Mini Magnetic Luminous Eye Color – Burnish'
15145,Polyglyceryl-4 Diisostearate/Polyhydroxystearate/ Sebacate
15146,'Mini Magnetic Luminous Eye Color– Nudity'
15147,Ci77499)]']
15148,Ethylene/Propyelene Copolymer
15149,Euphorbia
15150,Cerifera (Candelilla) Wax
15151,Colorants.']
15152,['Hey
15153,Honey:'
15154,C12-15 Alkyl
15155,Glycerin [+/- Titanium Dioxide (Ci 77891)
15156,'Bondi Bae:'
15157,Glycerin'
15158,'Bohemian Rose:'
15159,Euphorbia Cerifera(Candelilla) Wax
15160,Pentaerythrityl Tetra-D-T- Butyl Hydroxyhydrocinnamate
15161,Mica'
15162,Isoceteth-10.']
15163,Yellow 5 Lake.']
15164,[+/- Mica (Ci 77019)
15165,['Nudies All Over Face Blush Color Shade: Sunset Strip'
15166,Ci 77492) Red 6 Lake (Ci 15850)]'
15167,'Magnetic Luminous Eye Color Shade: Sunrise Star'
15168,Iron Oxides (Ci 77491)]'
15169,'Gel Color Lip + Cheek Balm Shade: Babe'
15170,'Bis-Behenyl/Isostearyl/Phytosteryl Dimer Dilinoleyl Dimer Dilinoleate
15171,Tocopherol'
15172,Red 7 Lake (Ci 15850)]']
15173,Copernicia Cerifera (Carnauba) Wax. [+/- Mica
15174,Ferric Ferrocyanide
15175,Blue 1 Lake
15176,Manganese Violet.']
15177,['Bis-Behenyl/Isostearyl/Phytosteryl Dimer Dilinoleyl Dimer Dilinoleate
15178,'Caprylate
15179,Bismuth Oxychloride'
15180,'(Ci 77163)
15181,'Red 30 (Ci 73360)
15182,Manganese Violet (Ci'
15183,'77742)].']
15184,Carthamus Tinctorius (Safflower) Flower Extract
15185,Castanea Crenata (Chestnut) Shell Extract
15186,Phosphoric Acid [+/- Titanium Dioxide (Ci 77891)
15187,Zinc Oxide (Ci 77947)].']
15188,['Terracotta Tan:'
15189,Tin Oxide  [+/- Titanium Dioxide (Ci 77891)
15190,'Bubbly Bebe:'
15191,Polyethylene  [+/- Titanium Dioxide (Ci 77891)
15192,'Nude Buff:'
15193,Aluminum Hydroxide [+/- Titanium Dioxide (Ci 77891)
15194,Ci 77499)] .']
15195,['Eyebrow Stylus Pencil:'
15196,Hexylene Glycol [+/- Mica (Ci 77019)
15197,Ferric Ammonium Ferrocyanide (Ci 77510)].'
15198,'Eyebrow Stylus Gel:'
15199,Hexylene Glycol [+/- Titanium Dioxide (Ci 77891)
15200,Hexylene Glycol[+/- Titanium Dioxide (Ci 77891)
15201,Camellia Sinensis Leaf Extract [+/- Titanium Dioxide (Ci 77891)
15202,Zinc Oxide 15%']
15203,['Nudies Matte Blush & Bronze:'
15204,'Nudies All Over Face Color Bronze + Glow:'
15205,Artemisia Capillaris Extract
15206,Houttuynia Cordata Extract.']
15207,['Magnetic Matte Lip Pencil: Greystone:'
15208,Copernicia Cerifera (Carnauba) Wax [+/- Iron Oxides (Ci 77491
15209,'Magnetic Matte Lip Pencil: Boho:'
15210,'Intense Matte Lip & Cheek Pencil: Fringe:'
15211,Isoceteth-10. [+/- Titanium Dioxide (Ci 77891)
15212,['Nudies Matte Blush & Bronze in Body Language:'
15213,Red 7 (Ci 15850)].'
15214,'Nudies Bloom All Over Dewy Color:'
15215,Pentaerythrityl Tetra-D-T-Butyl Hydroxyhydrocinnamate
15216,Ci 77492)].']
15217,Pyrus Malus (Apple) Peel Extract
15218,*Limonene']
15219,Citrus Junos Seed Oil
15220,*Limonene
15221,*Linalool.']
15222,['Citrus Clean Balm & Makeup Melt:'
15223,'Lemon-Aid Detox & Glow Micro-Peel:'
15224,'Citrus-C Mask & Daily Moisturizer:'
15225,Acrylates/C10- 30 Alkyl Acrylate Crosspolymer
15226,['Nudies Matte All Over Face Bronze Color:'
15227,Camellia Sinensis Leaf Extract  [+/- Titanium Dioxide (Ci 77891)
15228,'Nudies Matte Lux All Over Face Blush Color:'
15229,Camellia Sinensis Leaf Extract'
15230,'Blot & Blur Matte Stick:'
15231,['Magnetic Luminous Eye Color in Dewwap:'
15232,Copernicia Cerifera (Carnauba) Wax [+/- Titanium Dioxide (CI 77891)
15233,'Magnetic Luminous Eye Color in Angel:'
15234,Manganese Violet (CI 77742)].'
15235,'Magnetic Luminous Eye Color in Copper Foil:'
15236,Bronze Powder (CI 77400)].'
15237,'Magnetic Luminous Eye Color in Rustic Grotto:'
15238,Pentaerythrityl Tetra- Di-T-Butyl Hydroxyhydrocinnamate
15239,Copper Powder (CI 77400)].'
15240,'Magnetic Matte Lip Color in Boho:'
15241,Copernicia Cerifera (Carnauba) Wax [+/- Iron Oxides (CI 77491
15242,'Lip Glace in Labadi:'
15243,Palmitoyl Tripeptide-38 [+/- Titanium Dioxide (CI 77891)]
15244,'Nudies Glow Highlighter in Euphorix:'
15245,Hexylene Glycol [+/- Titanium Dioxide (CI 77891)
15246,Iron Oxides (CI 77491)].']
15247,Sodium Benzoate [+/- Titanium Dioxide (Ci 77891)
15248,Ppg-25-Laureth-25
15249,Lecithin'
15250,'[+/- Iron Oxides (ci 77499)].']
15251,['Hydra-Peptide Lip Butter:'
15252,Palmitoyl Tripeptide1
15253,'Intense Matte Lip + Cheek Pencil in Belle:'
15254,Isoceteth-10 [+/- Titanium Dioxide (CI 77891)
15255,Red Lake 7 (CI 15850)
15256,Red Lake 6 (CI 1580)
15257,Manganese Violet (CI 77742)].']
15258,['Moodie Blu:'
15259,Blue 1 Lake (Ci 42090)].'
15260,'Picante:'
15261,Hexylene Glycol  [+/- Yellow 6 Lake (Ci 15985)
15262,'Rosy Posy:'
15263,['Brow Boost + Set Gel XL:'
15264,'Lash Lengthening Mascara:'
15265,Ppg-25- Laureth-25
15266,Sodium Laureth- 12 Sulfate
15267,'[+/- Iron Oxides (Ci 77499)].'
15268,'Magnetic Luminous Eye Color:'
15269,Zinc Oxide 15%/Oxyde De Zinc 15%']
15270,['Magnetic Luminous Eye Color/Couleur Magnétique Lumineux Pour Les Yeux - Lilith:'
15271,'Magnetic Luminous Eye Color/Couleur Magnétique Lumineux Pour Les Yeux - Bright Eyes:'
15272,Copper Powder (Ci 77400)].'
15273,'Magnetic Luminous Eye Color/Couleur Magnétique Lumineux Pour Les Yeux - Queen Olive:'
15274,'Magnetic Matte Eye Color/Couleur Magnétique Mat Pour Les Yeux - Hot Stone:'
15275,'Magnetic Matte Eye Color/Couleur Magnétique Mat Pour Les Yeux - Slate:'
15276,'Magnetic Matte Eye Color/Couleur Magnétique Mat Pour Les Yeux - G-Baby:'
15277,Ppg-17/Ipdi/Dmpa Copolymer
15278,Iodopropynyl Butylcarbamate [+/- Iron Oxides (Ci 77499)].']
15279,['Isodecyl Neopentanoate
15280,Citral*
15281,Linalool*
15282,Citronellol*
15283,Tricholoma Matsutake Extract
15284,Hydrolyzed Cicer Seed Extract
15285,Rhododendron Chrysanthum Leaf Extract
15286,Tocopherol *Limonene
15287,*Linalool']
15288,*Citral
15289,['Aqua Gel Activator:'
15290,Sea Silt Extract
15291,Olivine Extract
15292,Sodium Nitrate.'
15293,'Silk Créme Activator:'
15294,Leucojum Aestivum Bulb Extract
15295,['NuFACE Gel Primer:'
15296,2 Propanediol
15297,Acrylic Acid Polymer
15298,Cellulose Polymer.']
15299,Sodium Nitrate.']
15300,['FIX Line Smoothing Serum:'
15301,['Silk Créme:'
15302,Isopentyldiol 1
15303,Bellis Perennis Flower Extract
15304,Biosaccharide
15305,Gum-4
15306,'Hylocereus Undatus Fruit Extract
15307,'Trifolium Pratense Flower Extract
15308,Zingiber Officinale Root Extract
15309,Sodium Metabisulfite.'
15310,'Aqua Gel:'
15311,['Ashwaganda
15312,Tocotrienol Complex
15313,Marine Collagen Peptides
15314,Kelp Minerals
15315,Horsetail
15316,Vitamin A (Beta Carotene)
15317,Vitamin D
15318,Black Pepper
15319,Cayenne.']
15320,Melaleuca Alternifolia (Tea Tree) Leaf Water
15321,Lepidium Meyenii (Maca) Root Extract
15322,Capryl- hydroxamic Acid
15323,Laminaria Saccharina (Neptune Kelp) Extract
15324,Melatonin
15325,Pisum Sativum (Pea Sprout) Extract
15326,Phosphate Buffered Saline
15327,Withania Somnifera Seed Exo Extract.']
15328,['Maca
15329,Vitamin A (beta carotene)
15330,Syzygium Luehmannii Fruit Extract
15331,Sodium Borate.']
15332,Piroctone Olamine
15333,Salvia Hispanica Seed Extract.']
15334,['Maldavian Dragonhead
15335,Amino Acids
15336,Bamboo
15337,Beet Root
15338,Pea Sprouts
15339,Cayenne
15340,Preforpro Prebiotic
15341,Blue Spirulina
15342,B12 (Methylated)
15343,Liposomal Vitamin C
15344,Vitamin D (Algae)
15345,Vitamin K2.']
15346,Prunus Persica (Peach) Gum
15347,Zingiber Officinale (Ginger) Leaf Cell Extract
15348,Bacillus Ferment Filtrate Extract
15349,['Saw Palmetto
15350,['Shatavari
15351,DHA Omega 3s
15352,Apply Polyphenols
15353,Stinging Nettle
15354,Collagen-OSA
15355,Theanine
15356,Pea Sprout Extract
15357,Sea Buckthorn
15358,B Complex
15359,Methylfolate
15360,Methylcobalamin.']
15361,Hydroxyethyl Ethylcellulose
15362,Pseudozyma Epicola/Camellia Sinensis Seed (Green Tea) Oil Ferment Extract Filtrate.']
15363,DivinylDimethicone/Dimethicone Copolymer
15364,PG-Propyl Silanetriol
15365,Helianthus Annus (Sunflower) Seed Extract
15366,Rosemarinus Officinalis (Rosemary) Leaf Extract
15367,Origanum Vulgare Lear Extract
15368,Articum Lappa Root Extract
15369,PEG-8/SMDI Copolymer
15370,\u2028Pseudozyma Epicola/Camellia Sinensis Seed Oil Ferment Extract
15371,Filtrate Tocopheryl Acetate
15372,\u2028Vitis Vinifera (Grape) Seed Oil
15373,\u2028Aloe Barbadensis Leaf Juice
15374,\u2028Panthenol
15375,\u2028Citric Acid\u2028Gigartina Stellata Extract
15376,\u2028Chondrus Crispus (Carrageenan) Extract
15377,\u2028Ascorbic Acid
15378,\u2028Cocos Nucifera (Coconut) Oil.']
15379,Isododecane Cetyl Esters
15380,Phospholipds
15381,Glycine Soya (Soybean) Oil
15382,Polyacrylate
15383,Iodpropynyl Butylcarbamate
15384,['No.0 Intensive Bond Building Hair Treatment:'
15385,Rosa Canina (Rose Hip) Seed Extract
15386,['Diglycol Dimaleate: Patented and proven technology to repair broken bonds for stronger hair.'
15387,Acid Violet 43 (Cl 60730).']
15388,Trisodium Ethylenediamine
15389,Disuccinate Ethylhexylglycerin
15390,Isoleucin
15391,['No. 3 Hair Perfector:'
15392,Bis-Aminopropyl Diglycol'
15393,'Dimaleate
15394,'Stearamidopropyl Dimethylamine
15395,Cetrimonium'
15396,'Methosulfate
15397,Tetrasodium EDTA'
15398,'Phytantriol
15399,'No.8 Bond Intense Moisture Mask:'
15400,['Sources of vitamin C:'
15401,Eucalpytus Globulus Leaf Oil
15402,Melia Azadirachta Seed Oil
15403,Saussurea Involucrata Extract
15404,Eucalyptus Globulus Leaf Extract*
15405,Chondrus Crispus (Carrageenan) Extract*
15406,Gossypium Herbaceum (Cotton) Fruit Water
15407,Saccharum Officinarum (Sugarcane) Extract/Extrait De Canne A Sucre
15408,Sodium Riboflavin Phosphate
15409,Dimethylhydroxy Furanone
15410,Chonrus Crispus (Carrageenan) Extract
15411,Saccharum Officinarum (Sugarcane) Extract/Extrait De Canne a Sucre
15412,Violet 2 (Ci 60730)
15413,Dimethicone/Vinyltrimethylsiloxysilicate Crosspolymer
15414,Calanthe Discolor Extract
15415,['PEG-400
15416,Eucalyptus Globululs Leaf Oil
15417,Cetearyl  Alcohol
15418,Stearyl  Alcohol
15419,Acetyl Hexapeptide-1
15420,Ceramide  NP
15421,Ceramide  AP
15422,Ceramide  EOP
15423,Glutamic    Acid
15424,Linoleic   Acid
15425,Parfum/Fragrance*
15426,3-o-ethyl Ascorbic Acid
15427,Citrus Aurantium Dulcis (Orange) Callus Culture Extract
15428,Leuconostoc/radish Root Ferment Filtrate
15429,Beheneth-5
15430,Hippophae Rhamnoides Kernel Extract
15431,Saccharum Officinarum (Sugar Cane) Extract/Extrait De Canne a Sucre
15432,Cera Microcristallina/Microcrystalline  Wax/Cire  Microcristalline
15433,Synthetic  Wax
15434,['Sambucus Nigra Seed Oil
15435,Vaccinium Vitis-Idaea Seed Oil
15436,Cymbopogon Citratus Leaf/Stem Oil
15437,Yellow 6  (CI 15985)
15438,Hydrogenated  Polydecene
15439,Hydrogenated   Styrene/Isoprene   Copolymer
15440,Cera   Microcristallina/Microcrystalline Wax/Cire  Microcristalline
15441,Rubus  Chamaemorus  Seed  Oil
15442,Garcinia  Indica  Seed Butter
15443,Euterpe   Oleracea   Sterols
15444,Palmitoyl   Hexapeptide-12
15445,Palmitoyl   Tripeptide-1
15446,Irvingia  Gabonensiskernel  Butter
15447,Citrus  Aurantium Dulcis  (Orange)  Peel  Oil
15448,Citrus  Aurantium  Dulcis  (Orange)  Peel  Wax
15449,Citrus  Aurantium Dulcis   (Orange)   Fruit   Extract
15450,Linolenic   Acid
15451,Oleic   Acid
15452,Lactic   Acid
15453,Cera Carnauba/Copernicia  Cerifera  (Carnauba)  Wax/Cire  De  Carnauba
15454,Hydrogenated  Coco-Glycerides
15455,Sorbitan   Isostearate
15456,Pentaerythrityl   Tetraisostearate
15457,Pentaerythrityl Tetra-Di-T-Butyl     Hydroxyhydrocinnamate
15458,Ethylhexyl     Palmitate
15459,Dicalcium   Phosphate
15460,Propylene   Carbonate
15461,Stearalkonium   Hectorite
15462,Iron  Oxides  (Ci  77491
15463,Ci  77492)
15464,['Glow2OH Dark Spot Toner:'
15465,'Banana Bright Vitamin C Serum:'
15466,Red 4 (Ci 14700).'
15467,'C-Rush Brightening Gel Créme:'
15468,Octadecenedioic Acid
15469,'Lemonade Smoothing Scrub:'
15470,'Dewtopia 20% Acid Night Treatment:'
15471,['Find Your Balance Oil Control Cleanser:'
15472,'Balancing Force Oil Control Toner:'
15473,Glycolici Acid
15474,'Cold Plunge Pore Remedy Moisturizer:'
15475,['Truth Serum:'
15476,3-0-Ethyl Ascorbic Acid
15477,'Banana Bright+ Eye Créme:'
15478,['Truth Juice Daily Cleanser:'
15479,'Glow2OH Dark Spot Toner:'
15480,'Dewtopia Night Créme:'
15481,['Banana Bright Vitamin C Serum:'
15482,'Strength Trainer Peptide Boost Moisturizer:'
15483,Mangifera Indica (mango) Seed Butter
15484,Ceramide np
15485,Ceramide ap
15486,Ceramide eop
15487,Lysine hcl
15488,Sodium pca
15489,pca
15490,Glycine Soja(Soybean) Oil
15491,['Strength Trainer Peptide Boost Moisturizer:'
15492,'Banana Bright+ Vitamin C Eye Créme:'
15493,['Talc*
15494,Oryza Sativa (Rice) Hull Powder. May Contain/Peut Contenir (±): Iron Oxides (CI 77491
15495,['Talc (Asbestos-Free)*
15496,May Contain/Peut Contenir (±): Iron Oxides (CI 77491
15497,Ultramarines (CI77007).']
15498,Alumnia
15499,Rose Rugosa Leaf Extract
15500,Tocopherol. May contain Peur Contenir (+): Titanium Dixoide (CI 77891)
15501,['Butane*
15502,Hydrolyzed Vegetable Protein.  May Contain/Peut Contenir (±): Titanium Dioxide (CI 77891)
15503,CI 77266 (Black 2) [NANO].']
15504,['Manila Sands
15505,Suede Charm
15506,and Mango:'
15507,Disodium Stearoyl Glutamate. May Contain/Peut Contenir (±): Titanium Dioxide (CI 77891)
15508,'Taupe of My Game:'
15509,Solum Diatomeae/Diatomaceous Earth/Terre de diatomées
15510,Zinc Sulfate. May Contain/Peut Contenir (±): Iron Oxides (CI 77491
15511,'Brownie:'
15512,Sorbic Acid. May Contain/Peut Contenir (±): Iron Oxides (CI 77491
15513,'Turban Legend:'
15514,'Title Holder:'
15515,Lauroyl Lysine. May Contain/Peut Contenir (±): Titanium Dioxide (CI 77891)
15516,'Soft Serve:'
15517,Alumina. May Contain/Peut Contenir (±): Iron Oxides (CI 77491
15518,'Everything:'
15519,Silica. May Contain/Peut Contenir (±): Iron Oxides (CI 77491
15520,'Olive It!:'
15521,Boron Nitride. May Contain/Peut Contenir (±): Bronze Powder (CI 77400)
15522,'Blue Mon Dieu:'
15523,Tin Oxide. May Contain/Peut Contenir (±): Ultramarines (CI 77007)
15524,'Booked:'
15525,'Walnut Strut:'
15526,Lauroyl Lysine. May Contain/Peut Contenir (±): Iron Oxides (CI 77491
15527,'Matcha:'
15528,Disodium Stearoyl Glutamate. May Contain/Peut Contenir (±): Iron Oxides (CI 77491
15529,'Rebel Grey:'
15530,Silica. May Contain/Peut Contenir (±): Titanium Dioxide (CI 77891)
15531,Manganese Violet (CI 77742).']
15532,['DEEP TRIO SHADES:'
15533,'Pay No Mind: Talc
15534,Magnolia Officinalis Bark Extract. May Contain/Peut Contenir (±): Titanium Dioxide (CI 77891)
15535,Manganese Violet (CI 77742)'
15536,'Serve: Talc
15537,Magnolia Officinalis Bark Extract. May Contain/Peut Contenir (±): Iron Oxides (CI 77491
15538,Ultramarines (CI 77007)'
15539,'Chocolate Covered: Talc
15540,'DARK TRIO SHADES:'
15541,'Legendary: Mica
15542,'Press Rec: Mica
15543,'Back Row: Talc
15544,'MEDIUM DARK TRIO SHADES:'
15545,'The Fix: Talc
15546,'Low Key: Mica
15547,'Dragged 4 Filth: Talc
15548,'MEDIUM TRIO SHADES:'
15549,'Legacy Honey: Talc
15550,'Masterpiece: Talc
15551,'Don’t Try It:'
15552,'LIGHT TRIO SHADES:'
15553,'Attention Needed: Talc
15554,'Tea Drinker: Talc
15555,'Clock It:'
15556,'FAIR TRIO SHADES:'
15557,'Unclockable: Talc
15558,'Cut Up:'
15559,'Made for Shade: Talc
15560,Ultramarines (CI 77007)']
15561,Tin Oxide. May Contain/Peut Contenir (±):  CI 77491 (Iron Oxides)
15562,CI 19140 (Yellow  5 Lake).']
15563,['Créme:'
15564,Tocopherol. May Contain/Peut Contenir (±): Red 7 Lake (CI 15850)
15565,'Gloss:'
15566,Tocopherol. May Contain/Peut Contenir (±): Titanium Dioxide (CI 77891)
15567,Cera Carnauba/Copernicia Cerifera (Carnauba) Wax/Cire De Carnauba. May Contain/Peut Contenir (±): CI 77499 (Iron Oxide)
15568,Euphorbia Cerifera (Candelilla) Wax (Candelilla Cera/Cire de Candelilla)
15569,Ascorbyl Palmitate. May Contain/Peut Contenir (±): Titanium Dioxide (CI 77891)
15570,['Ethyl Trisiloxane
15571,Dextrin Myristate
15572,Aluminum Hydroxide. May Contain/Peut Contenir (±): Iron Oxides (CI 77491
15573,Titanium Dioxide (CI 77891)']
15574,Sorbitan Tristearate. May Contain/Peut Contenir (±): Iron Oxides (CI 77491
15575,['Oh Boy:'
15576,Magnolia Officinalis Bark Extract. May Contain/Peut Contenir (±): Titanium Dioxide (CI 77891).'
15577,'Yensid:'
15578,'Dream:'
15579,'Classical:'
15580,Magnolia Officinalis Bark Extract. May Contain/Peut Contenir (±): Iron Oxides (CI 77491)
15581,'Broomstick:'
15582,Talc. May Contain/Peut Contenir (±): Iron Oxides (CI 77491
15583,'D Minor:'
15584,Talc. May Contain/Peut Contenir (±): Manganese Violet (CI 77742)
15585,'Symphony:'
15586,Phenoxyethanol. May Contain/Peut Contenir (±): Titanium Dioxide (CI 77891)
15587,Red 28 Lake (CI 45410).'
15588,'Orchestra:'
15589,'Intermission:'
15590,Yellow 6 Lake (CI 15985).'
15591,'Finale:'
15592,Citric Acid. May Contain/Peut Contenir (±): Titanium Dioxide (CI 77891)
15593,Ricinus Communis (Castor) Seed Oil']
15594,Citrus Aurantium Bergamia (Bergamot) Leaf Extract
15595,Litchi Chinensis (Lychee) Fruit Extract
15596,TBHQ
15597,Styrax Benzoin Resin Extract
15598,['Dry Texturizing Spray:'
15599,'Gold Lust Repair & Restore Shampoo:'
15600,'Gold Lust Repair & Restore Conditioner:'
15601,CI 77019 (Mica)
15602,Dimethiconol Meadowfoamate
15603,Nigella Sativa Seed Extract
15604,Linalool. 8003']
15605,Hedera Helix (Ivy) Leaf Extract
15606,Tropaeolum Majus Flower Extract
15607,Hexyl Cinnamal. 6008']
15608,Ceteareth-7
15609,Polyurethane-39
15610,Hexyl Cinnamal. 7004']
15611,Bambusa Arundinacea Juice
15612,Chenopodium Quinoa Extract
15613,Cupressus Sempervirens Cone Extract
15614,Polyquaternium-28
15615,Cupressus Sempervirens Bark Extract
15616,Propylheptyl Caprylate
15617,['Signature Shampoo:'
15618,'Shampoo: Aqua/Water/Eau
15619,'Signature Conditioner:'
15620,C11-13 Isoparaffin
15621,'Royal Blowout Heat Styling Spray:'
15622,PEG-7 Dimethicone
15623,['Gold Lust Repair & Restore Shampoo:'
15624,Cocos Nucifera Water/Cocos Nucifera (Coconut) Liquid Endosperm
15625,Bertholletia Excelsa Seed Extract
15626,Theobroma Grandiflorum Fruit Extract
15627,Sunflower Seed Oil Glycereth-8 Esters
15628,Citrus Aurantium Dulcis (Orange) Flower Extract
15629,Cynara Scolymus (Artichoke) Extract
15630,Vicia Faba Seed Extract
15631,Hypericum Perforatum Flower/Leaf/Stem Extract
15632,Viola Odorata Flower Extract
15633,Polysilicone-19
15634,SD Alcohol (Alcohol Denat.)
15635,CI 77947 (Zinc Oxide)
15636,Lactobacillus/Eriodictyon Californicum Ferment Extract
15637,Hydrolyzed Amaranth Protein
15638,Ethyl Palmate
15639,Abies Pectinata Leaf Extract
15640,Myrtus Communis (Myrtle) Leaf Water
15641,Anthemis Nobilis Flower Oil *
15642,Lavandula Hybrida Oil*
15643,Lavandula Angustifolia (Lavender) Oil*
15644,Eugenia Caryophyllus (Clove) Leaf Oil*
15645,Cistus Incanus Flower/Leaf/Stem Extract
15646,Eugenia Caryophyllus (Clove) Bud Oil*
15647,Origanum Heracleoticum Flower Oil*
15648,Citrus Aurantium Amara (Bitter Orange)Leaf/Twig Oil*
15649,Osmanthus Fragrans Flower Extract
15650,Ribes Nigrum Bud Extract
15651,Cinnamomum Camphora (Camphor) Leaf Extract
15652,Benzaldehyde
15653,Gamma-Decalactone
15654,Gaultheria Procumbens (Wintergreen) Leaf Oil*
15655,Cananga Odorata (Ylang Ylang) Flower Oil*
15656,Porphyra Yezoensis (Algae) Extract
15657,Cananga Odorata Flower Oil*
15658,Ethyl Phenylacetate
15659,Jojoba Wax PEG-120 Esters
15660,Phellinus Linteus Extract
15661,Fuscoporia Obliqua Sclerotium Extract
15662,Cucumis Sativus (Cucumber) Oil*
15663,Gigartina Stellata (Algae) Extract
15664,Phenoxyethanol <ILN42077>.']
15665,Orange 4 (Ci 15510)']
15666,Illicium Verum (Anise) Fruit/Seed Oil*
15667,Litsea Cubeba Fruit Oil*
15668,Citrus Nobilis (Mandarin Orange) Peel Oil*
15669,Myristica Fragrans (Nutmeg) Kernel Oil*
15670,Hibiscus Abelmoschus Extract
15671,Anogeissus Leiocarpus Bark Extract
15672,Jasminum Officinale (Jasmine) Oil*
15673,Viola Odorata Flower/Leaf Extract
15674,Polianthes Tuberosa Extract
15675,Rosa Roxburghii Fruit Extract
15676,Paeonia Albiflora (Peony) Root Extract
15677,Essential Oil**
15678,Organic Sucrose (Brown Sugar).']
15679,Coriandrum Sativum (Coriander) Fruit Oil*
15680,Citrus Aurantifolia (Lime) Oil*
15681,Phenoxyethanol <ILN40437>* Essential Oil']
15682,Lactobacillus/Panax Ginseng Root Ferment Filtrate
15683,Salvia Sclarea (Clary) Oil*
15684,Anthemis Nobilis Flower Oil*
15685,Lavandula Angustifolia (Lavender) Oil* Pelargonium Graveolens Flower Oil*
15686,Illicium Verum (Anise) Oil*
15687,Citrus Medica Limonum (Lemon) Peel Oil*
15688,Phenoxyethanol <ILN38656>* Essential Oil']
15689,Boswellia Carterii (Olibanum) Oil**
15690,Fuscoporia Obliqua Extract
15691,Phenoxyethanol *Organic Essential Oils: Organic Orange Oil
15692,Organic Mandarin Oil
15693,Organic Patchouli Oil
15694,Organic Geranium Oil
15695,Organic Lavender Oil**. Essential Oil.']
15696,Phenoxyethanol <ILN42228>']
15697,Cymbopogon Martini Oil*
15698,Polianthes Tuberosa Flower Wax
15699,Jasminum Officinale (Jasmine) Flower Powder
15700,Helichrysum Angustifolium Wax
15701,Rosa Centifolia Flower Powder
15702,Lavandula Angustifolia (Lavender) Flower Powder
15703,Narcissus Poeticus Flower Wax
15704,Acacia Dealbata Flower Wax
15705,Iron Oxides (Ci 77499)]']
15706,Mica <ILN42082>
15707,Octocrylene 2.8%']
15708,Mica <ILN42148>
15709,['Checks and Balances Frothy Face Wash:'
15710,PEG-3 Distearate
15711,Methylisothiazolinone.'
15712,'Clear Improvement Active Charcoal Mask to Clear Pores:'
15713,'Dr. Andrew Weil For Origins Mega-Mushroom Relief & Resilience Soothing Treatment Lotion:'
15714,Pogostemon Cablin (Patchouli) Oil*
15715,Boswellia Carterii (Olibanum) Oil*
15716,Cordyceps Sinensis (Mushroom) Extract
15717,Hippophae Rhamnoides Extract*
15718,Sucrose*
15719,'PLANTSCRIPTION Multi-powered Anti-Aging Peptide Serum:'
15720,'GinZing Oil-Free Energy Boosting Gel Moisturizer:'
15721,Hydroxyethyl Ure
15722,ppg-15 stearyl ether
15723,c12-20 acid peg-8 ester
15724,phenyl trimethicone
15725,niacinamide
15726,caprylic/capric/myristic/stearic triglyceride
15727,hydroxyethyl urea
15728,cetyl alcohol
15729,retinol
15730,linum alpinum flower/leaf/stem extract
15731,illicium verum (anise) fruit/seed oil*
15732,citrus aurantium bergamia (bergamot) fruit oil*
15733,palargonium graveolens flower oil*
15734,lavandula angustifolia (lavender) oil*
15735,citrus limon (lemon) peel oil*
15736,litsea cubeba fruit oil*
15737,citrus nobilis (mandarin orange) peel oil*
15738,myristica fragrans (nutmeg) kernel oil*
15739,citrus aurantium dulcis (orange) peel oil*
15740,rosa damascena flower oil*
15741,carthamus tinctorius (safflower) seed oil
15742,hibiscus abelmoschus extract
15743,hordeum vulgare (barley) extract\\extrait D’orge
15744,anogeissus leiocarpus bark extract
15745,cynara scolymus (artichoke) leaf extract
15746,triticum vulgare (wheat) germ extract
15747,theobroma grandiflorum seed butter
15748,caffeine
15749,linoleic acid
15750,algae extract
15751,sigesbeckia orientalis (St. Paul Wort) extract
15752,coffea arabica (coffee) seed oil
15753,gelidiella acerosa extract
15754,acetyl hexapeptide-8
15755,squalane
15756,hypnea musciformis (algae) extract
15757,sorbitol
15758,trehalose
15759,sodium pca
15760,ammonium acryloyldimethyltaurate/vp copolymer
15761,sodium hyaluronate
15762,urea
15763,behenyl alcohol
15764,peg-100 stearate
15765,potassium cetyl phosphate
15766,ascorbic acid
15767,xanthan gum
15768,sodium metabisulfite
15769,polyquaternium-51
15770,disodium edta
15771,bht
15772,phenoxyethanol.']
15773,Citrus Aurantium Dulcis (Orange) Oil**
15774,Lavandula Angustifolia (Lavender) Oil**
15775,Pogostemon Cablin (Patchouli) Oil**
15776,Citrus Nobilis (Mandarin Orange) Peel Oil**
15777,Boswellia Carterii (Olibanum) Oil***
15778,Ocimum Sanctum (Holy Basil) Leaf Extract  Silybum Marianum Fruit Extract
15779,Phenoxyethanol <Iln45124>.']
15780,Gaultheria Procumbens (Wintergreen) Leaf Oil
15781,['Vegetable Wax Blend Containing Hydrogenated Soybean Oil (CAS 8016-70-4 Soybean) And Hydrogenated Coconut Oil (CAS 84836-98-6 Coconut Oil)
15782,['Vegetable Wax Blend Containing Hydrogenated Soybean Oil (CAS 8016-70-4 Soybean) and Hydrogenated Coconut Oil (CAS 84836-98-6 Coconut Oil)
15783,['Paraffin-Free 100% Vegetable Wax Blend Containing Soy And Coconut
15784,Cotton Wick.']
15785,['Paraffin-free 100% vegetable-wax blend containing soy
15786,coconut
15787,and fragrance with a cotton wick.']
15788,['Vegetable Wax Blend Containing Hydrogenated Soybean Oil (CAS 8016-70-4 Soybean)
15789,Hydrogenated Coconut Oil (CAS 84836-98-6 Coconut Oil)
15790,['Daybed Rosebud Vegan Candle
15791,Canopy Fig Vegan Candle
15792,Rattan Sandalwood Vegan Candle:'
15793,'Vegetable Wax Blend Containing Hydrogenated Soybean Oil (CAS 8016-70-4 Soybean) And Hydrogenated Coconut Oil (CAS 84836-98-6 Coconut Oil)
15794,100% Cotton Wick. Paraben
15795,Phthalate
15796,Ci 61570 (Green 5)']
15797,Hydrolyzed Rhodophyceae Extract
15798,Cetrimonium Chloride (Anti-Static Agent/Agent Antistatique)
15799,Behentrimonium Chloride (Anti-Static Agent/Agent Antistatique)
15800,Crambe Abyssinica'
15801,'Seed Oil
15802,'Beta-Carotene
15803,Benzyl'
15804,'Benzoate
15805,Cystoseira Compressa Extract
15806,Stearamido-Propyl Dimethylamine
15807,Phyllostachys Bambusoides Juice
15808,Laurdimoni- Um Hydroxypropyl Hydrolyzed Keratin
15809,Cetrimonium Chloride (Antistatic Agent/Agent Antistatique)
15810,Cystine Bis-Pg-Propyl Silanetriol
15811,Olus Oil (Vegetable Oil
15812,Octylacrylamide/Acrylates/Butylaminoethyl Methacrylate'
15813,Saccharomyces Cerevisiae'
15814,Quercus'
15815,'Alba Bark Extract
15816,Hamamelis Virginiana (Witch'
15817,'Hazel) Bark/Leaf/Twig Extract
15818,Rosa Canina'
15819,'Fruit Extract
15820,Cymbopogon Schoenanthus Stem/Leaf/Flower Extract
15821,Geranium'
15822,'Maculatum Stem/Leaf/Flower Extract
15823,Chamomilla Recutita (Matricaria) Flower'
15824,Ppg-12 Dimethicone Bht
15825,'Sodium Benzoate Potassium Sorbate
15826,Peg-200 Hydrogenated Glyceryl Palmate
15827,Cetrimonium Chloride  (Anti-Static Agent/Agent Antistatique)
15828,Mineral Oil / Paraffinum Liquidum / Huile Minérale
15829,Microcrystalline Wax / Cera Microcristallina / Cire Microcristalline
15830,['Sodium Bicarbonate
15831,Polyurethane-48
15832,Polysorbate'
15833,'20
15834,Hydrolyzed Lemon Protein
15835,Hydrolyzed Kale Protein
15836,Hydrolyzed Carrot Protein
15837,Cetrimonium Chloride (Anti-Static Agent
15838,Agent Antistatique)
15839,Butylated Pvp
15840,'Stearalkonium Hectorite
15841,C10-40 Isoalkylamidopropyl- Ethyldimonium Ethosulfate
15842,Propanediol Caprylate
15843,Salicylic Acid 2%']
15844,['Aqua (Water / Eau)
15845,Brassica Campestris/'
15846,'Aleurites Fordi Oil Copolymer
15847,'Polyquaternium-11
15848,'60
15849,Phenyl  Trimethicone
15850,Methyl  Glucose
15851,Sesquistearate
15852,Hydroxyethyl Acrylate/Sodium  Acryloyldimethyl Taurate Copolymer
15853,Sodium Stearoyl  Glutamate
15854,Butyrospermum Parkii (Shea Butter
15855,Theobroma  Grandiflorum Seed Butter
15856,Sodium  Phytate
15857,Green 3 (Ci42053)
15858,Ext Violet 2 (Ci 60730).']
15859,Ci 15985 (Yellow 6).']
15860,Citrus Japonica Fruit Extract
15861,Cetrimonium Chloride(Anti-Static Agent/Agent Antistatique)
15862,Sodium Benzotate
15863,'Tetrasodium Edta
15864,Acrylates Coplymer
15865,Avena Sativa (Oat) Peptide
15866,Peg-7'
15867,'Glyceryl Cocoate
15868,Butyl Methoxydibenzoy- Methane
15869,['Dicalcium Phosphate
15870,Pea Shoot Extract
15871,Calcium D Pantothenate
15872,Magnesium salts of fatty acids
15873,Ferrous Fumarate
15874,Amla Extract
15875,Thiamine Mononitrate
15876,Hypromellose (Capsule)
15877,Titanium Dioxide (Capsule).']
15878,AMP-Isostearoyl
15879,Quartz Fragrance
15880,['Scalp Serum:'
15881,'Thick & Full Supplements:'
15882,'Dicalcium Phosphate
15883,['Hair Oil:'
15884,'St. Barts Scalp & Body Scrub:'
15885,['Water /Aqua / Eau
15886,CI 61570 (Green 5).']
15887,Limonene'
15888,'Ethylhexyl Methoxycinnamate
15889,['Alcohol Denat. Parfum (Fragrance)
15890,['Parfum (Fragrance)
15891,Evernia Prunastri (Oakmoss) Exctract
15892,['Fame Eau de Parfum:'
15893,'Parfum (Fragrance)
15894,CI 14700 (Red 4).'
15895,'Phantom Eau de Toilette:'
15896,'Alcohol Denat. Parfum (Fragrance)
15897,Blue 1 Lake (CI  42090)
15898,MAY CONTAIN: (+/-) Iron Oxides (CI 77491
15899,Silica. May Contain / Peut Contenir / +/- : Titanium Dioxide (Ci 77891)
15900,Ipdi/Di-C12-13 Alkyl Tartrate/Bis-Hydroxyethoxypropyl Dimethicone Copolymer
15901,Benzimidazole Diamond Amidoethyl Urea Carbamoyl Propyl Polymethylsilsesquioxane
15902,Sodium Dehydroacetate. May Contain / Peut Contenir / +/- : Titanium Dioxide (Ci 77891)
15903,['Entrapment:'
15904,'Disobedient:'
15905,'PTFE
15906,'Xtreme Aubergine:'
15907,'Skinshow Divine Glow:'
15908,'VR Fire Opal:'
15909,Chondrus Crispus
15910,'Blitz Flame:'
15911,'Astral Luna Gold:'
15912,'Bronze Blaze:'
15913,'Polyethylene Terephthalate
15914,Tris-BHT Mesitylene
15915,'Gilty Pleasure:'
15916,Behenyl Dimethicone/Bis-Vinyldimethicone Crosspolymer
15917,'Rose Gold 005:'
15918,Pentaerythrityl Tetra-Di-T-Butyl Hydroxyhydrocinnamate. May Contain / Peut Contenir / +/- : Titanium Dioxide (Ci 77891)
15919,Beeswax / Cera Alba / Cire d’abeille
15920,Flavor / Aroma
15921,['Skinshow Glow:'
15922,'Copper Toned:'
15923,'Bronze 005:'
15924,'Vr Nectar:'
15925,Sodium Cocoyl Glutamate.'
15926,'Astral Ghost Orchid:'
15927,'Blitz Emerald:'
15928,Dicalcium Phosphate.'
15929,'Rose Dusk:'
15930,Carmine (Ci 75470) (Ao2)
15931,Pentaerythrityl Tetra-Di-T-Butyl Hydroxyhy
15932,'Xtreme Black:'
15933,['Divine Rose Mini Mattetrance Lipstick:'
15934,Euphorbia Cerifera (Candelilla) Wax / Candelilla Cera / Cire De Candelilla
15935,Microcrystalline Wax / Cera Microcristallina / Cire Microcrystalline
15936,Copernicia Cerifera (Carnauba) Wax / Cera Carnauba / Cire De Carnauba
15937,Synthetic Wax. (+/-): Titanium Dioxide (Ci 77891)
15938,'Divine Rose Mini Lust Gloss:'
15939,Tin Oxide. (+/-): Titanium Dioxide (Ci 77891)
15940,Red 28  Lake (Ci 45410).']
15941,['Iridescent Pink 003:'
15942,Xanthan Gum. May Contain / Peut Contenir / +/- : Titanium Dioxide (Ci 77891)
15943,'VR Rose Venus:'
15944,'Astral Solstice:'
15945,'Refined Gold 002'
15946,'Skinshow Nude:'
15947,'Velouria:'
15948,'Xtreme Mahogany:'
15949,'Ptfe
15950,'Love Lace:'
15951,'Sable Bronze:'
15952,Black 2 (Ci 77266)(Nano).']
15953,['Skinshow Nude:'
15954,Iron Oxides (Cl 77491)
15955,Iron Oxides (Cl 77499)
15956,Iron Oxides (Cl 77492).'
15957,'Depth: Talc
15958,'Ultimate Taupe:'
15959,Iron Oxides (Cl 77492)
15960,Ultramarines (Cl 77007).'
15961,'Pale Gold 002:'
15962,'Vr Violet:'
15963,'Astral White:'
15964,'Blitz Blue:'
15965,Mica.'
15966,'Substance:'
15967,'Lilac Dusk:'
15968,['Iron Oxides (CI 77491)
15969,Polyglyceryl-4 Diisostearate/Polyhydroxystearate/Seba
15970,['Skinshow Nude Xtasy:'
15971,'Secret Eden:'
15972,'Bronze Desire:'
15973,'Bronze Solaris 005:'
15974,1.2-Hexanediol
15975,'Astral Venusian Orchid:'
15976,'Xtreme Plum Noir:'
15977,'Cosmic Bloom:'
15978,'Shockwave:'
15979,'Blitz Sextreme:'
15980,'Astral Amethyst Moon:'
15981,['Fine Gold 003:'
15982,'Iridescent Pink 003:'
15983,'Bronze Nectar 003:'
15984,Peg-45/Dodecyl Glycol Copolymer
15985,Aluminum Calcium Sodium Silicate. May Contain / Peut Contenir / +/- : Titanium Dioxide (Ci 77891)
15986,['Skinshow Rose Opal:'
15987,'Naked Blush*:'
15988,'Rose Seduction:'
15989,'Bronze Rosé 005:'
15990,'Gold Lust 001:'
15991,'Xtreme Burgundy:'
15992,'Divine Dusk:'
15993,'Eleganza:'
15994,'VR Sextraterrestrial:'
15995,'Astral Pink Moon:'
15996,['Skinshow Divine Glow:'
15997,Potassium Sorbate. (+/ -): Titanium Dioxide (CI 77891)
15998,'Entrapment:'
15999,Silica. (+/ -): Iron Oxides (CI 77491
16000,'Sunset Bronze:'
16001,Tocopherol. (+/-): Titanium Dioxide (CI 77891)
16002,Silica. (+/ -): Iron Oxide (CI 77499)
16003,Zinc Stearate. (+/-): Titanium Dioxide (CI 77891)
16004,'Night Creature:'
16005,Tin Oxide. (+/ -): Titanium Dioxide (CI 77891)
16006,Tocopheryl Acetate. May Contain / Peut Contenir / +/- : Titanium Dioxide (Ci 77891)
16007,['Nude Venus Lip Fetish Divinyl Lip Shine:'
16008,Euphorbia Cerifera Cera (Euphorbia Cerifera (Candelilla) Wax)
16009,Red 7 Lake (CI 15850).'
16010,'Nude Venus Lust: Gloss:'
16011,'Nude Venus Permagel Ultra Lip Pencil:'
16012,Copernicia Cerifera (Carnauba) Wax / Cera Carnauba / CIre De Carnauba
16013,['Skinshow Moon Glow:'
16014,'Taboo:'
16015,'Wicked Envy:'
16016,CalCIum Sodium Borosilicate
16017,'Blood Moon 005:'
16018,Pentaerythrityl Tetra-Di-T-Butyl HydroxyhydroCInnamate
16019,'Jubilee:'
16020,'CalCIum Titanium Borosilicate
16021,Aluminum Powder (CI 77000).'
16022,'Xtreme Dusk:'
16023,Silica. May Contain / Peut Contenir / +/- : Iron Oxides (CI 77499
16024,'Bronze Eclipse:'
16025,'Vermillion Venom:'
16026,'Blitz Violet Orchid:'
16027,Silica Dimethyl Silylate [Nano]
16028,Phenoxyethanol. (+/-):  Titanium Dioxide (Ci 77891)
16029,Black 2 (Ci 77266) [nano].']
16030,['Skintense Glow:&lt;br&gt;Synthetic Fluorphlogopite
16031,Phenoxyethanol. (+/-): Titanium Dioxide (Ci 77891)
16032,Yellow 5 Lake (Ci 19140).&lt;br&gt;&lt;br&gt;Rosewood Romantique:&lt;br&gt;Talc
16033,Ultramarines (Ci 77007).&lt;br&gt;&lt;br&gt;Platinum Dusk:&lt;br&gt;Mica
16034,Ci 77499).&lt;br&gt;&lt;br&gt;VR Sextasy:&lt;br&gt;Synthetic Fluorphlogopite
16035,Iron Oxide (Ci 77491).&lt;br&gt;&lt;br&gt;Astral Gold Lust:&lt;br&gt;Calcium Sodium Borosilicate
16036,Ci 77492).&lt;br&gt; &lt;br&gt;Xtreme Nocturne:&lt;br&gt;Mica
16037,Ci 77499).&lt;br&gt; &lt;br&gt;Bronze Devotion:&lt;br&gt;Mica
16038,Ci 77499).&lt;br&gt; &lt;br&gt;Plum Cabaret:&lt;br&gt;Talc
16039,Ultramarines (Ci 77007).&lt;br&gt; &lt;br&gt;Blitz Venus:&lt;br&gt;Mica
16040,Iron Oxide (Ci 77491).&lt;br&gt; &lt;br&gt;Astral Lilac Aura:&lt;br&gt;Calcium Sodium Borosilicate
16041,Mica. May Contain (+/-): Carmine (Ci 75470)
16042,['Desert Orchid:'
16043,Phenoxyethanol. (+/-): Titanium Dioxide (CI 77891)
16044,'Nude Venus:'
16045,'Divine Rose III:'
16046,Phenoxyethanol. (+/-): Iron Oxides (CI 77491)
16047,'Paradise Venus:'
16048,Sodium Dehydroacetate. (+/ -): Iron Oxides (CI 77491
16049,'Sunset Nectar:'
16050,['Pink Mystique:'
16051,'Temptation:'
16052,'Earthly Delight:'
16053,Ultrmarines (Ci 77007).'
16054,'Forbidden Fruit:'
16055,Oryza Sativa Extract
16056,['Golden Polaris:'
16057,'Divine Dahlia:'
16058,'Hypnotique:'
16059,'Blue Blood:'
16060,Microcrystalline Wax/Cera Microcristallin/Cire Microcrystalline
16061,['Moonlight Liaison:'
16062,'Rose Fire Nectar:'
16063,'After Dusk:'
16064,'Twilight Bronze:'
16065,Pentaerythrityl Tetra-Di-T-Butyl Hydroxyhydrocinnamate. (+/-): Iron Oxides (Ci 77491
16066,Tocopherol. (+/-): Titanium Dioxide (Ci 77891)
16067,Tin Oxide. (+/-): Iron Oxides (CI 77491
16068,['Binary Sunset:'
16069,'Tatooine:'
16070,'Gold Etiquette:'
16071,'Coral Blitz:'
16072,Carmine (75470).'
16073,'Cyborg Relations:'
16074,['Twilight Bronze:'
16075,'Moonlight Liaison:'
16076,['Candlelight Affair:'
16077,'Bare Venus:'
16078,'Platinum Divinity:'
16079,'Eternal Love:'
16080,'CI 77499)
16081,'Fleurever Adored:'
16082,'Endearment:'
16083,['Beige Bliss:'
16084,'Enamoured:'
16085,'Plum Provocateur:'
16086,'Midnight Mink:'
16087,'Barely Veiled:'
16088,'Voluptuous Rose:'
16089,Euphorbia Cerifera (Candelilla) Wax / Candelilla Cera/Cire De Candelilla
16090,Synthetic Wax. (+/-): Titanium Dioxide (CI 77891)
16091,['Cream:'
16092,'Powder:'
16093,Tin Oxide. MAY CONTAIN/PEUT CONTENIR'
16094,'(+/-): CI 77891 (Titanium Dioxide)
16095,CI 77491/CI 77492/CI77499 (Iron Oxides)
16096,CI 77510 (Ferric Ammonium Ferrocyanide)
16097,CI 15850 (Red 6).'
16098,'Creme:'
16099,Behenyl Beeswax
16100,Copernicia Cerifera Cera/Copernicia Cerifera (Carnauba) Wax
16101,Stearyl Beeswax
16102,Limonene. MAY CONTAIN/PEUT CONTENIR (+/-):CI 77891 (Titanium Dioxide)
16103,CI 77491/CI 77492/CI 77499 (Iron Oxides)
16104,['Mother
16105,Scandal:'
16106,Triethoxycaprylylsilane. May Contain/Peut Contenir (+/): Ci 77491/Ci 77492/Ci 77499 (Iron Oxides)
16107,'Transition:'
16108,Triethoxycaprylylsilane. May Contain/Peut Contenir (+/-) : Ci 77891 (Titanium Dioxide)
16109,Ci 77007 (Ultramarines).'
16110,'Absolutely:'
16111,Tin Oxide. May Contain/Peut Contenir (+/-) : Ci 77891 (Titanium Dioxide)
16112,Ci 77491/Ci 77492/Ci 77499 (Iron Oxides).'
16113,'Divine:'
16114,Tin Oxide. May Contain/Peut Contenir (+/-) : Ci 77491/Ci 77492/Ci 77499 (Iron Oxides).'
16115,'Exquisite:'
16116,Hydrogenated Phosphatidylcholine. May Contain/Peut Contenir (+/-) : Ci 77891 (Titanium Dioxide)
16117,Ci 77492 (Iron Oxides).'
16118,'Lady:'
16119,'Ppg-3 Benzyl Ether Myristate
16120,'Woman:'
16121,Pentaerythrityl Tetra-Di-T-Butyl Hydroxyhydrocinnamate. May Contain/Peut Contenir (+/-) : Ci 77891 (Titanium Dioxide)
16122,Triethoxycaprylylsilane. MAY CONTAIN/PEUT CONTENIR (+/-) : CI 77891 (Titanium Dioxide)
16123,CI 77491/CI 77492/CI 77499 (Iron Oxides).'
16124,Divinyldimethicone/Dimethicone/Phenylsilsesquioxane Crosspolymer
16125,Polyglyceryl-10 Polyricinoleate
16126,Isostearic Acid. MAY CONTAIN/PEUT CONTENIR (+/-) : CI 77891 (Titanium Dioxide)
16127,CI 77491/CI 77492/CI 77499 (Iron Oxides).']
16128,Mentha Piperita (Peppermint) Oil [Mentha Piperita Oil]
16129,Butylphenyl
16130,Isohexadecan
16131,MAY CONTAIN: Titanium Dioxide (CI 77891)
16132,Cinnamomum Zeylanicum Bark Oil
16133,Butylene/ Ethylene/Styrene Copolymer
16134,Synthetic Fluorphlogopite. May Contain/Peut Contenir (+/-) : CI 45410 (Red 27 Lake)
16135,['Loyal
16136,Unfaithful:'
16137,'Ppg 3 Benzyl Ether Myristate
16138,Pentaerythrityl Tetra Di T Butyl Hydroxyhydrocinnamate. May Contain (Peut Contenir
16139,+ : Ci 77891
16140,Ci 77491 (Ci 77492 (Ci 77499
16141,Ci 77007
16142,Ultramarines.'
16143,'Heartache:'
16144,Hydroxybutyric Acid (Hydroxypentanoic Acid Copolymer
16145,Caprylic (Capric Triglyceride
16146,Butyrospermum Parkii
16147,Potassium Sorbate. May Contain (Peut Contenir
16148,Ci 16035
16149,Red 40 Lake
16150,'Passion: Synthetic Fluorphlogopite
16151,'Devotion Amour: Synthetic Fluorphlogopite
16152,'Crush: Mica
16153,'Affair: Mica
16154,Cera Microcristallina (Microcrystalline Wax (Cire Microcristalline
16155,Ci 77491 (Ci 77499
16156,Ci 75470
16157,Ci 77400
16158,Copper Powder.'
16159,'Desire: Calcium Sodium Borosilicate
16160,Tin Oxide. May Contain (Peut Contenir
16161,Copper Powder. Synthetic Fluorphlogopite
16162,'Romance: Mica
16163,'˝Adore: Calcium Aluminum Borosilicate
16164,Copper Powder.']
16165,Sodium Oleate
16166,Sodium Myristate
16167,May Contain +/-: Titanium Dioxide
16168,Sodium Hyaluronate. May Contain: Ci 77891 (titanium dioxide)
16169,Ci 77491/ 77492/ 77499 (Iron Oxides)
16170,Ci 15850 (Red 7 Lake
16171,Red 7)
16172,Ci 73360 (Red 30 Lake).']
16173,Aqua ‑Water
16174,Vinyl CaprolactamVpDimethylaminoethyl Methacrylate Copolymer
16175,Isochrysis Galbana Extract
16176,Cocos Nucifera ‑Coconut Fruit Extract
16177,Myristoyl Pentapeptide\xad17
16178,T\xadbutyl Alcohol
16179,Tin Oxide.  May Contain +/-: Ci 77891 (Titanium Dioxide)
16180,Ci 77491/77492 (Iron Oxides).']
16181,Hexylene Glycol. May Contain: Ci 77499 Iron Oxides
16182,Ci 16035 Red 40
16183,Ci 42090 Blue 1
16184,Ci77742 Manganese Violet.']
16185,Laureth-4. May Contain/Peut Contenir [+/-]: CI 77891 (Titanium Dioxide)
16186,CI 73360 (Red 30 Lake).']
16187,['Capric/Caprylic Triglyceride
16188,Simmodsia Chinensis (Jojoba) Seed Oil
16189,Hydrogenated Polybutene
16190,Fragrance. May Contain +/-: Iron Oxides (CI 77491)
16191,Synthetic Flurophlogopite
16192,Saccharomyces Xylinum Black Tea Ferment
16193,Hamamelis Virginiana (Witch Hazel Extract)
16194,Fragrance (Parfum). May Contain +/-: FD&C Red 40 (Ci 16035).']
16195,['Ethylpetrolatum
16196,Octyldodecyl Steroyl Stearate
16197,Methone Glycerin Acetal
16198,Rosa Canina Fruit Oil. May Contain +/-: Mica (Ci 77019)
16199,['100% Cruelty-free Synthetic Bristles.']
16200,Sorbitan Tristearate. May Contain/Peut Contenir (+/-) : CI 77891 (Titanium Dioxide)
16201,Stearic Ac Id
16202,Copernic Ia Ceri Fera Cera/Copern Ic Ia Cerifera (Carnauba) Wax
16203,Polyhydroxystearic Ac Id
16204,Silic A
16205,Ammonium Acrylates  Copolymer
16206,Hydroxyet Hylcellulose
16207,Lauroyl  Lysine
16208,Dipropylene  Glycol
16209,Tridecet H-6 Ph Osphate
16210,Glyceryl Caprylate Potassium Sorbate
16211,Tocop Heryl Acetate
16212,Disodium  Phosphate
16213,Sodium  Phosphate
16214,Myristoyl  Pentapep Tide-17
16215,C L 77499 (Iron Oxides).']
16216,Hydrolyzed Wheat Protein.']
16217,Hibiscus Esculentus Seed Extract
16218,['Leave-In Conditioner for Curly & Coily Hair:'
16219,'Hydration Shampoo:'
16220,['Curl Gel:'
16221,Citronellol'
16222,'Limonene Styling Cream:'
16223,Coumarin'
16224,'Leave-In Conditioner:'
16225,Copernicia Cerifera (Carnauba) Wax/Copernicia Cerifera Cera/Cire de carnauba
16226,Babassu Oil Glycereth-8 Esters
16227,Citronellol']
16228,['Argania Spinosa Kernel Oil
16229,Yellow 5 (CI 19140)']
16230,Agave Rigida (Sisal) Extract
16231,Vegetable Oil/Olus/Huile végétale
16232,Celluose
16233,PEG-1M
16234,['Medium Conditioner:'
16235,Copernicia Cerifera Cera (Copernicia Cerifera (Carnauba) Wax/Cire de Carnauba)
16236,'Heavy Conditioner:'
16237,'Intensive Conditioner:'
16238,Castor Oil Propanediol Esters
16239,Pentaclethra Macroloba Seed Oil/Behenic Acid/Aminopropanediol Amides/Esters
16240,Octocrylene 2%
16241,Sambucus Nigra (Black Elderberry) Fruit Extract
16242,Sh-Polypeptide-121
16243,Zerumbone
16244,Acetyl sh-Hexapeptide-5 Amide Acetate
16245,Palmitoyl Tetrapeptide-72 Amide
16246,SYN-TC
16247,Diaminobutyroyl Hydroxythreonine
16248,Castor Isostearate Succinate
16249,PEG-33
16250,Sodium Hydroxide (pH adjuster)
16251,PEG-14
16252,Glycerth-26
16253,Butylene Glycol (Hydration)
16254,Cetyl Alcohol (Texture-Enhancing)
16255,PPG-14 Butyl Ether (Texture-Enhancing)
16256,Salicylic Acid (Beta Hydroxy Acid/Exfoliant)
16257,Dimethicone (Hydration)
16258,Tocopheryl Acetate (Vitamin E/Antioxidant)
16259,Chamomilla Recutita (Matricaria) Flower Extract (Chamomile Extract/Skin-Soothing)
16260,Epilobium Angustifolium Flower/Leaf/Stem (Willowherb) Extract (Skin-Soothing)
16261,Camellia Oleifera (Green Tea) Leaf Extract (Skin-Soothing)
16262,Vanilla Planifolia Fruit Extract (Skin-Soothing)
16263,Bisabolol (Skin-Soothing)
16264,Allantoin (Skin-Soothing)
16265,Cyclopentasiloxane (Hydration)
16266,Cyclohexasiloxane (Hydration)
16267,Dimethiconol (Hydration/Texture-Enhancing)
16268,PEG-40 Stearate (Texture-Enhancing)
16269,Sorbitan Stearate (Texture-Enhancing)
16270,PVM/MA Decadiene Crosspolymer (Texture-Enhancing)
16271,Polyacrylamide (Texture-Enhancing)
16272,C13-14 Isoparaffin (Texture-Enhancing)
16273,Laureth-7 (Texture-Enhancing)
16274,Disodium EDTA (Stabilizer)
16275,Sodium Hydroxide (Ph Adjuster)
16276,Hexylene Glycol (Hydration/Texture-Enhancing)
16277,Caprylyl Glycol (Preservative)
16278,Caprylic/Capric Triglyceride (Skin-Replenishing)
16279,Ethylhexylglycerin (Preservative)
16280,Phenoxyethanol (Preservative).']
16281,Spiraea Ulmaria (Meadowsweet) Extract
16282,Portulaca Oleracea (Purslane) Extract
16283,Niacinamide (Vitamin B3
16284,Skin-Restoring )
16285,Acetyl Glucosamine (Skin Replenishing/Antioxidant)
16286,Ascorbyl Glucoside (Vitamin C/Antioxidant)
16287,Phospholipids (Skin Replenishing)
16288,Sodium Hyaluronate (Hydration/Skin Replenishing)
16289,Boerhavia Diffusa Root Extract (Skin-Soothing)
16290,Glycerin (Hydration/Skin Replenishing)
16291,Dipotassium Glycyrrhizate (Skin-Soothing)
16292,Glycyrrhiza Glabra Root Extract (Licorice Extract/Skin-Soothing)
16293,Ubiquinone (Antioxidant)
16294,Epigallocatechin Gallate (Antioxidant)
16295,Beta-Glucan (Skin-Soothing/Antioxidant)
16296,Panthenol (Skin Replenishing)
16297,Carnosine (Antioxidant)
16298,Genistein (Antioxidant)
16299,Citric Acid (Ph Balancing)
16300,Sodium Citrate (Ph Balancing)
16301,Sodium Hydroxide (Ph Balancing)
16302,Xanthan Gum (Texture-Enhancing)
16303,Dimethicone (Hydration/Skin-Softening)
16304,Pentaerythrityl Tetraisostearate (Texture Enhancer/Stabilizer)
16305,Isononyl Isononanoate (Emollient)
16306,Butylene Glycol (Slip Agent/Hydration)
16307,Bakuchiol (Skin-Restoring/Antioxidant)
16308,Arachidyl Alcohol (Texture Enhancer/Stabilizer)
16309,Glyceryl Polymethacrylate (Film-Forming Agent)
16310,Dimethicone Crosspolymer (Texture Enhancer)
16311,Behenyl Alcohol (Texture Enhancer)
16312,Glycerin (Skin-Replenishing)
16313,PEG-75 Shea Butter Glycerides (Emollient)
16314,Glyceryl Stearate (Texture Enhancer)
16315,C12-15 Alkyl Benzoate (Emollient)
16316,Polysorbate 20 (Emulsifier)
16317,Tetrahexyldecyl Ascorbate (Vitamin C/Antioxidant)
16318,Retinol (Vitamin A/Skin-Restoring)
16319,Ceramide NG (Skin-Replenishing)
16320,Palmitoyl Tetrapeptide-7 (Skin-Restoring)
16321,Palmitoyl Hexapeptide-12 (Skin-Restoring)
16322,Sodium Hyaluronate (Skin-Replenishing)
16323,Glycyrrhiza Glabra (Licorice) Root Extract (Skin-Soothing/Antioxidant)
16324,Avena Sativa (Oat) Kernel Extract (Skin-Soothing/Antioxidant)
16325,Arctium Lappa (Burdock) Root Extract (Skin-Soothing/Antioxidant)
16326,Salix Alba (Willow) Bark Extract (Skin-Soothing/Antioxidant)
16327,Glycine Soja (Soybean) Sterols (Skin-Replenishing)
16328,Lecithin (Skin-Restoring)
16329,Hydrolyzed Soy Protein (Skin-Softening)
16330,Palmitoyl Tripeptide-1 (Skin-Restoring)
16331,Tribehenin (Emollient)
16332,Caprylyl Glycol (Skin-Softening)
16333,Dipeptide-2 (Skin-Restoring)
16334,Polygonum Cuspidatum Root Extract (Antioxidant)
16335,PEG-10 Phytosterol (Fatty Acid-Based Emollient)
16336,PEG-8 (Texture Enhancer)
16337,Magnesium Aluminum Silicate (Texture Enhancer)
16338,Arachidyl Glucoside (Texture Enhancer)
16339,Chrysin (Skin-Softening)
16340,Pentylene Glycol (Slip Agent)
16341,Sodium Acrylates Copolymer (Film-Forming Agent)
16342,Steareth-20 (Emulsifier)
16343,Hydroxyethyl Acrylate/Sodium Acryloyldimethyl Taurate Copolymer (Texture Enhancer)
16344,Cetearyl Alcohol (Emollient)
16345,Coco-Glucoside (Surfactant)
16346,Hesperidin Methyl Chalcone (Antioxidant)
16347,N-Hydroxysuccinimide (Skin-Softening)
16348,Disodium EDTA (Chelating Agent)
16349,Phenoxyethanol (Preservative)
16350,Benzoic Acid (Preservative)
16351,Ethylhexylglycerin (Preservative).']
16352,Tocopheryl Acetate (vitamin E/Antioxidant).']
16353,Niacinamide (Skin-Restoring)
16354,Lactobacillus (Skin-Replenishing/Skin-Soothing)
16355,Tranexamic Acid (Skin-Conditioning/Brightening)
16356,Dicaprylyl Carbonate (Emollient Solvent)
16357,Ethyl Macadamiate (Skin-Softening)
16358,C13-15 Alkane (Solvent)
16359,Glyceryl Stearate (Emulsifier)
16360,Silybum Marianum Seed Oil (Non-Fragrant Antioxidant Plant Oil)
16361,Tocopherol (Vitamin E/Antioxidant)
16362,Cocos Nucifera (Coconut) Fruit Extract (Antioxidant)
16363,Xanthan Gum (Texture Enhancer)
16364,Caprylyl Glycol (Emollient)
16365,Hydrogenated Lecithin (Skin-Restoring)
16366,Glycine Soja (Soybean) Oil (Non-Fragrant Antioxidant Plant Oils)
16367,Hexylene Glycol (Solvent)
16368,Boerhavia Diffusa Root Extract (Skin-Soothing Antioxidant Plant)
16369,Glycine Soja (Soybean) Sterols (Skin-Replenishing/Antioxidant)
16370,Citric Acid (Ph Adjuster)
16371,Sodium Phytate (Chelating Agent)
16372,Malic Acid (Ph Adjuster)
16373,Clitoria Ternatea (Butterfly Pea) Flower Extract
16374,['Zinc Oxide 13%
16375,Iron Oxide (CI77491
16376,Glyceryl Stearate/PEG-100 Stearate
16377,Hydrolyzed Pumpkin Seedcake
16378,Euterpe Oleracea (Acai) Fruit Extract
16379,Prunus Serotina (Wild Cherry) Fruit Extract
16380,Niacinamide (skin-restoring)
16381,['Benzoyl Peroxide 2.5%
16382,Butyrospermum Parkii (Shea) Butter (Emollient/Antioxidant)
16383,Ceteareth-6 Olivate (Hydration/Texture Enhancer)
16384,Polyglyceryl-4 Laurate (Emollient/Emulsifier)
16385,Decyl Oleate (Emollient)
16386,Linum Usitatissimum (Linseed) Seed Oil (Flax Seed; Non-Fragrant Omega 3
16387,And 9 Plant Oil)
16388,Salvia Hispanica (Chia) Seed Oil (Non-Fragrant Omega-3 Plant Oil)
16389,Olea Europaea (Olive) Fruit Oil (Non-Fragrant Antioxidant Plant Oil)
16390,Passiflora Edulis (Passion Fruit) Seed Oil (Non-Fragrant Omega-6 Plant Oil)
16391,Borago Officinalis Seed Oil (Non-Fragrant Antioxidant Plant Oil/Skin-Soothing)
16392,Hydrogenated Olive Oil (Emollient Plant Oil)
16393,Psidium Guajava (Guava)Fruit Extract (Antioxidant)
16394,Olea Europaea (Olive) Oil Unsaponifiables (Hydration)
16395,Limnanthes Alba (Meadowfoam) Seed Oil (Non-Fragrant Plant Oil)
16396,Linolenic Acid (Skin-Restoring Fatty Acids)
16397,Oleic Acid (Non-Fragrant Omega-9 Fatty Acid)
16398,Euterpe Oleracea (Acai) Sterols (Emollient)
16399,Ceramide NP (Skin-Replenishing/Skin-Restoring Ingredients)
16400,Proline (Amino Acids/Hydration)
16401,Lysine Hcl (Amino Acid Salt/Hydration)
16402,Arginine (Amino Acids/Hydration)
16403,Squalane (Emollient)
16404,Cholesterol (Skin-Replenishing)
16405,Phytosphingosine (Skin-Restoring)
16406,Anastatica Hierochuntica Extract (Rose Of Jericho/Skin-Soothing/Antioxidant)
16407,Sodium Lactate (Electrolyte Hydration)
16408,Boerhavia Diffusa Root Extract (Skin-Soothing/Antioxidant)
16409,Adenosine (Skin-Restoring)
16410,Phytic Acid (Chelating Agent)
16411,Glutamic Acid (Amino Acid/Hydration)
16412,Betaine (Hydration)
16413,Pullulan (Texture Enhance/Film-Forming Agent)
16414,Sodium PCA (Skin-Replenishing)
16415,Carbomer (Thickener)
16416,Sodium Polyacrylate Starch (Texture Enhancer/Stabilizer)
16417,Xanthan Gum (Plant-Derived Thickeners)
16418,Sodium Lauroyl Lactylate (Emulsifier)
16419,Ethylhexylglycerin (Preservatives).']
16420,PPG-20 Methyl Glucose Ether
16421,Soapberry (Sapindus Mukurossi) Peel Extract
16422,['Salicylic Acid 2% (BHA)
16423,Dipentaerythrityl Tetrabehenate/Polyhydroxystearate
16424,Chamomilla Recutita Matricaria (Chamomile) Flower Extract
16425,) Glycerin
16426,Potassium PCA
16427,Polyglyceryl-4 Olivate
16428,Laminaria Saccharina (Brown Algae) Extract
16429,Biotin/Folic Acid/Cyanocobalamin/Niacinamide/Pantothenic Acid/Pyridoxine/Riboflavin/Thiamine/Yeast Polypeptides
16430,Garcinia Mangostana (Mangosteen) Peel Extract
16431,Acetyl Hexapeptide-37
16432,Sodium Acrylates Copolymer Acrylates/C10-30 Alkyl Acrylate Crosspolymer
16433,Glyceryl Ascorbate
16434,Chamomilla Recutita Matricaria Flower Extract
16435,Potassium Thiocyanate
16436,['CLEAR Pore Normalizing Cleanser:'
16437,'Salicylic Acid 0.5% (Anti-Acne)
16438,Sodium Lauroyl Sarcosinate (Cleansing Agent)
16439,Acrylates/Steareth-20 Methacrylate Copolymer (Texture Enhancer)
16440,PEG-200 Hydrogenated Glyceryl Palmate (Cleansing Agent/Solubilizer)
16441,Sodium Laureth Sulfate (Cleansing Agent)
16442,Arginine (Amino Acid/Skin-Softening)
16443,Butylene Glycol (Hydration/Slip Agent)
16444,PEG-7 Glyceryl Cocoate (Emollient/Emulsifier)
16445,Panthenol (Vitamin B5/Hydration)
16446,PEG-60 Hydrogenated Castor Oil (Cleansing Agent/Solubilizer)
16447,Sodium Citrate (Chelating Agent)
16448,Chlorphenesin (Preservative).'
16449,'CLEAR Anti-Redness Exfoliating Solution With 2% Salicylic Acid:'
16450,'Salicylic Acid 2%
16451,Dipropylene Glycol (Hydration)
16452,Pentylene Glycol (Hydration)
16453,Polysorbate 20 (Stabilizer)
16454,Glycerin (Skin Replenishing)
16455,Panthenol (Hydration)
16456,Peg/Ppg-17/6 Copolymer (Texture-Enhancing)
16457,Methyl Gluceth-20 (Hydration)
16458,Glycereth-26 (Texture-Enhancing)
16459,Bis-Peg-18 Methyl Ether Dimethyl Silane (Hydration)
16460,Tetrasodium Edta (Stabilizer)
16461,Sodium Metabisulfite (Stabilizer).'
16462,'CLEAR Daily Skin Clearing Treatment with 2.5% Benzoyl Peroxide:'
16463,'Benzoyl Peroxide 2.5% (Anti-Acne)
16464,Propylene Glycol (Hydration/Penetration Enhancer)
16465,Acrylates/C10-30 Alkyl Acrylate Crosspolymer (Texture-Enhancing)
16466,Hydroxyethylcellulose (Texture-Enhancing)
16467,Sodium Citrate (Ph Adjuster)
16468,Laureth-4 (Stabilizer)
16469,Caprylyl Glycol (Preservatives)
16470,Hexylene Glycol (Preservatives)
16471,Phenoxyethanol (Preservative).'
16472,'CLEAR Oil-Free Moisturizer:'
16473,Ethyl Macadamiate (Hydration)
16474,Cetearyl Alcohol (Texture Enhancer)
16475,Propanediol (Hydration)
16476,Triethylhexanoin (Skin-Smoothing)
16477,Sodium Acrylates Copolymer (Texture Enhancer)
16478,PEG-100 Stearate (Thickeners)
16479,Glycyrrhiza Glabra (Licorice) Root Extract (Skin- Soothing)
16480,Hydrolyzed Pumpkin Seedcake (Skin-Replenishing)
16481,Vaccinium Angustifolium (Blueberry) Fruit Extract (Antioxidant)
16482,Euterpe Oleracea (Acai) Fruit Extract (Antioxidant)
16483,Prunus Serotina (Wild Cherry) Fruit Extract (Skin-Soothing/Antioxidant)
16484,Tripeptide-29 (Skin-Restoring)
16485,Ceramide EOP (Skin-Replenishing)
16486,Sodium Hyaluronate (Skin-Replenishing/Hydration)
16487,Lecithin (Skin-Restoring/Hydration)
16488,Arginine (Amino Acid/Hydration)
16489,Sodium Lauroyl Lactylate (Emulsifier) Sodium Gluconate (Hydration/Chelation)
16490,Isohexadecane (Solvent/Texture Enhancer)
16491,Carbomer (Thickeners)
16492,['Skin Perfecting 2% BHA Liquid Exfoliant:'
16493,Methylpropanediol (Hydration)
16494,Camellia Oleifera Leaf Extract (Green Tea/Skin Calming/Antioxidant)
16495,Sodium Hydroxide (Ph Balancer)
16496,Tetrasodium EDTA (Stabilizer).'
16497,'10% Azelaic Acid Booster:'
16498,Azelaic Acid (skin-brightening/tone-improving)
16499,Methyl Glucose Sesquistearate (Emollient)
16500,Dimethicone (Hydration/Texture Enhancer)
16501,Salicylic Acid (Exfoliant)
16502,Glycyrrhiza Glabra (Licorice) Root Extract (Skin-Soothing)
16503,Cyclopentasiloxane (Texture Enhancer)
16504,Xanthan Gum (Stabilizer)
16505,Sclerotium Gum (Stabilizer)
16506,'CLINICAL 1% Retinol Treatment:'
16507,Dimethicone (Skin-Softening)
16508,Butylene Glycol (Hydrating)
16509,Castor Isostearate Succinate (Skin-Softening )
16510,PEG-33 (Stabilizer)
16511,Polysorbate 20 (Texture Enhancer)
16512,PEG-100 Stearate (Texture Enhancer)
16513,Pentaerythrityl Tetraisostearate (Stabilizer)
16514,Polymethylsilsesquioxane (Texture Enhancer)
16515,Retinol (Skin-Restoring)
16516,Sodium Hyaluronate (Skin-Replenishing )
16517,Dipotassium Glycyrrhizate (Antioxidant Plant Extracts/Skin-Soothing)
16518,Glycyrrhiza Glabra Root Extract (Licorice Extract/Antioxidant/Skin-Soothing)
16519,Avena Sativa Kernel Extract (Oat Extract/Antioxidant/Skin-Soothing)
16520,Arctium Lappa Root Extract (Burdock Extract/Antioxidant/Skin-Soothing)
16521,Salix Alba Bark Extract (Willow Bark Extract/Antioxidant/Skin-Soothing)
16522,Glycine Soja Sterols (Antioxidant/Skin-Softening )
16523,Hydrolyzed Soy Protein (Antioxidant/Skin-Softening)
16524,Sorbitan Laurate (Texture Enhancer)
16525,Acetyl Dipeptide-1 Cetyl Ester (Skin-Soothing)
16526,Hydroxyethylcellulose (Texture Enhancer)
16527,Ethylhexylglycerin (Skin-Softening)
16528,Pentylene Glycol (Hydrating)
16529,PPG-12/SMDI Copolymer (Stabilizer)
16530,PEG-8 Dimethicone (Skin-Softening)
16531,PEG-14 (Texture Enhancer)
16532,Arachidyl Alcohol (Texture Enhancer)
16533,Sclerotium Gum (Texture Enhancer)
16534,Carbomer (Gel-Based Texture Enhancer)
16535,Benzoic Acid (Preservative).']
16536,Retinyl Acetate (Vitamin A)
16537,Hydrocolloid Polymer Technology.']
16538,['DMAE Bitartrate
16539,Hydrogenated Rice Bran Oil
16540,Heptasodium Hexacarboxymethyl Dipeptide-12
16541,Biotinoyl Hexapeptide-2 Amide
16542,Water (Aqua / Eau).']
16543,Pentaerythrityl Tetra-di-T-Butyl Hydroxyhydrocinnamate
16544,Glycyrrhiza Glabra (Licorice)'
16545,'Root Extract
16546,'1
16547,Vaccinium Myrtillus (Blueberry) Seed Oil
16548,Haematococcus Pluvialis Extract.']
16549,15 Alkane-C13
16550,Fomes Officinalis (Mushroom) Extract/Fomes Officinalis Extract
16551,Mica/CI 77019
16552,Polyglyceryl-6 Oleate.']
16553,Oligopeptide-34
16554,Camellia Sinensis(Green Tea) Leaf Extract
16555,Citrus Unshiu Fruit Extract
16556,Sodium Isethionate.']
16557,Passiflora Edulis (Passionfruit) Seed Oil
16558,Pavlova Lutheri Extract
16559,Gardenia Taitensis (Gardenia) Flower Extract
16560,Passiflora Edulis (Passion) Fruit Extract
16561,Menadione
16562,Polyvinyl Alcohol.']
16563,['Retinol Face Stick:'
16564,Tetrahexyldecyl Ascorbate (Vitamin C)
16565,Haematococcus Pluvialis Extract.'
16566,'Retinol Eye Stick:'
16567,Avena Sativa (Oat) Meal Extract
16568,Phaseolus Radiatus Seed Extract
16569,Sodium Magnesium Silicate.']
16570,Citrus Aurantium Bergamia (Bergamot) Fruit Water
16571,R-Bacillus Licheniformis Keratinase
16572,Quercus Alba Bark Extract
16573,Zinc Oxide (CI 77947)
16574,Octocrylene 10%
16575,PEG-15/Lauryl Dimethicone Crosspolymer
16576,Cucurbita Pepo (Pumpkin)
16577,Bacillus
16578,Yeast Beta-Glucan
16579,Sodium Silicate
16580,Sodium Magnesium Fluorosilicate
16581,Tripeptide-10 Citrulline
16582,Dipeptide Diaminobutyroyl  Benzylamide Diacetate
16583,Caprylic/- Capric Triglyceride
16584,Sodium Propoxyhydroxypropyl Thiosulfate Silica.']
16585,Lava Powder
16586,Sargassum Fusiforme Extract
16587,Olive Oil Decylesters
16588,Palmitoyl Hexapeptide-19
16589,Silanetriol Trehalose Ether
16590,Acrylates Copolymer.']
16591,FD&C Blue No. 1 (CI 42090)
16592,Polyglyceryl-2 Distearate
16593,Mica/CI 77019.']
16594,C9-12  Alkane
16595,PEG-75 100 Stearate
16596,PEG Glycerin
16597,Hydrolyzed Vegetable Protein.']
16598,Yellow 5 (CI19140)
16599,Morus Alba (White Mulberry) Root Extract
16600,Scutellaria Lateriflora Extract
16601,Hydrangea Arborescens Root Extract
16602,Sorbitan Isostearate.']
16603,Gold (Ci 77480)
16604,Angelica Acutiloba Root Extract
16605,Angelica Gigas Root Extract
16606,Polygonum Multiflorum Root Extract
16607,Sophora Angustifolia Root Extract
16608,Bis(Glycidoxyphenyl)Propane/Bisaminomethylnorbornane Copolymer
16609,Ethyl Hexanediol Chlorphenesin
16610,C26-28 Alkyl Dimethicone
16611,Butyrospermum Parkii (Shea) Butter.']
16612,Hydrolyzed Extensin
16613,['Titanium Dioxide 1.93%
16614,Zinc Oxide 19.24%
16615,Stearyl Phosphate
16616,Phaseolus Lunatus (Green Bean) Seed Extract
16617,Octocrylene 10%']
16618,['Allantoin
16619,'Saccharomyces Ferment Filtrate
16620,'Gluconol Actone
16621,Polyglyceryl- 6 Distearate
16622,'Coco-Caprylate/Caprate
16623,Olus Oil
16624,Histidine Hcl
16625,['Water Drench Hyaluronic Cloud Cream Hydrating Moisturizer:'
16626,Caprooyl Phytosphin-Gosine
16627,Saccharo-Myces/Silicon Ferment
16628,'Water Drench Hyaluronic Cloud Hydra-Gel Eye Patches:'
16629,Dimethylacrylamide/Acrylic Acid/Polystyrene Ethyl Methacrylate Copolymer
16630,Sodium Acryloyldimethyltaurate/VP Crosspolymer
16631,Myristoyl Hexapeptide-16
16632,['Vegetable Collagen
16633,Ammonium Acrylolydimethyltaurate/VP Copolymer
16634,Iron Oxide Red (Ci 77491)
16635,FD&C Blue No. 1/CI 42090
16636,['Active Purple Pore-Refining Antioxidant Mask:'
16637,Manganese Violet/CI 77742
16638,Bismuth Oxychloride/CI 77163
16639,'Pumpkin Enzyme Mask Enzymatic Dermal Resurfacer:'
16640,'24K Gold Mask Pure Luxury Lift & Firm:'
16641,Gold (CI 77480)
16642,'Cucumber Gel Mask Extreme De-Tox Hydrator:'
16643,Blue 1 (CI 42090).'
16644,'Water Drench Hyaluronic Cloud Mask Hydrating Gel:'
16645,['Water Drench Hyaluronic Cloud Mask Hydrating Gel:'
16646,['Acne Clearing Wash:'
16647,Isostearamide MIPA
16648,'Max Complexion Salicylic Acid Pore Refining Pads:'
16649,'Goodbye Acne Complete Acne Treatment Gel:'
16650,Hydrolyzed Vegetable Protein.'
16651,'Goodbye Acne AHA/BHA Acne Clearing Gel Face Body Spot Treatment:'
16652,['Cucumber De-Tox Hydra-Gel Eye Patches:'
16653,'Water Drench Broad Spectrum SPF 45 Hyaluronic Cloud Moisturizer:'
16654,['Water⁄Aqua⁄Eau
16655,Fragrance⁄Parfum
16656,Isostearamidopropyl Morpholine Lactate
16657,['Sugarcane Alcohol Denat.
16658,Water/Eau/Aqua.']
16659,['Missing Person:'
16660,'Organic Sugarcane Alcohol Denat.
16661,* Water/Eau/Aqua.'
16662,'Améline:'
16663,'Not Your Baby:'
16664,'Lost Cause:'
16665,'Apricot Privee:'
16666,'Phloria:'
16667,'Somebody Wood:'
16668,* Water/Eau/Aqua.']
16669,['Missing Person Eau de Parfum:'
16670,'Sugarcane Alcohol Denat.
16671,Water/Eau/Aqua.'
16672,'Améline Eau de Parfum:'
16673,'Not Your Baby Eau de Parfum:'
16674,'Lost Cause Eau de Parfum:'
16675,'Apricot Privée Eau de Parfum:'
16676,'Phloria Eau de Parfum:'
16677,['Organic Sugarcane Alcohol Denat.
16678,Alcohol Of Vegetal Origin.']
16679,Geraniol. (F.I.L B277999/I).']
16680,Coumarin Butylphenyl Methypropional
16681,Alpha-Isomethyl
16682,Ci 60730 (Ext.Vilolet 2)
16683,Butylphenyl Methypropional
16684,['Simmondsia Chinensis (Jojoba) Seed Oil*
16685,Moringa Oleifera (Moringa) Seed Oil*
16686,Opuntia Ficus-Indica (Prickly Pear) Seed Oil*
16687,Cannabis Sativa (Hemp) Seed Oil*
16688,Aleurites Moluccanus (Kukui) Seed Oil*
16689,Rosa Canina (Rose Hip) Fruit Extract*
16690,Cannabis Sativa (Hemp) Flower/Leaf/Stem Extract
16691,Calophyllum Inophyllum (Tamanu) Seed Oil*
16692,Melia Azadirachta (Neem) Seed Oil*
16693,Anthemis Nobilis (Chamomile) Flower Oil*
16694,Eucalyptus Globulus (Eucalyptus) Oil
16695,Helichrysum Italicum Oil
16696,Pelargonium Graveolens (Geranium) Oil
16697,Apium Graveolens (Celery) Seed Oil
16698,Cananga Odorata (Ylang Ylang) Flower Oil
16699,Illicium Verum (Star Anise) Oil
16700,Caprylyl Caprylate/ Caprate
16701,Monoglycerides
16702,Thuja Occidentalis (Cedarleaf) Oil
16703,Mentha Virdis (Spearmint) Leaf Oil
16704,Tocopherol (Non-GMO).']
16705,Sodium Chloride (Pink Himalayan Salt)
16706,Juniperus Mexicana (Cedar) Oil
16707,Lycium Barbarum (Goji) Seed Oil
16708,Cinnamomum Zeylanicum (Cinnamon) Leaf Oil
16709,Angelica Archangelica (Angelica) Root Oil
16710,Thuja Plicata (Western Red Cedar) Wood Oil
16711,Ppg-5-Ceteth-10 Phosphate
16712,Disodium Laureth
16713,Sulfosuccinate
16714,Sodium Lauroyl
16715,Sarcosinat
16716,Helianthus Annuus Seed Extract / Sunflower Seed Extract
16717,Butylene Glycol Menthol
16718,Simmondsia Chinensis Butter / Jojoba Butter
16719,Rosmarinus
16720,Officinalis Leaf Extract / Rosemary Leaf Extract
16721,Salvia Officinalis
16722,Leaf Extract / Sage Leaf Extract
16723,Mentha Piperita Extract / Peppermint Extract
16724,['Hydrate Shampoo:'
16725,Aloe Barbadensis Leaf Extract.'
16726,'Hydrate Conditioner:'
16727,'Color Fanatic Multi-Tasking Leave-In Spray:'
16728,'Style and Protect Refresh and Go Dry Shampoo:'
16729,'Butane
16730,Hexadimethrine Chloride
16731,Rosmarinus Officinalis Leaf Extract / Rosemary Leaf Extract
16732,Camelina Sativa Oil / Camelina Sativa Seed Oil
16733,Avena Sativa Kernel Extract/Oat Kernel Extract
16734,Ci 15985 / Yellow 6
16735,Ci 15510 / Orange 4
16736,Trideceth-9 Pg-Amodimethicone
16737,Simmondsia Chinensis Butter/Jojoba Butter
16738,Officinalis Leaf Extract/Rosemary Leaf Extract
16739,Leaf Extract/Sage Leaf Extract
16740,Mentha Piperita Extract/Peppermint Extract
16741,Polyacrylate-32
16742,Peg/Ppg-14/4 Dimethicone
16743,Triisopropanolamine
16744,['Strength Cure Shampoo:'
16745,Ci 15510/Orange 4.'
16746,'Strength Cure Conditioner:'
16747,Ci 15510/Orange 4.']
16748,['Color Fanatic Spray:'
16749,'Strength Cure Shampoo:'
16750,Ci 15510 / Orange 4.'
16751,['Color Fanatic Multi-Tasking Leave-In Spray:'
16752,'Color Fanatic Top Coat Clear Hair Gloss:'
16753,Herbal Infusion of Organic Mangifera Indica (Mango) Fruit Extract
16754,Organic Passiflora Incarnate (Passion) Fruit Extract
16755,Organic Aloe Barbadensis Leaf Extract and Organic Camellia Sinensis (Green Tea) Leaf Extract
16756,Oenocarpus Bataua (Rahua
16757,Ungurahua) Oil
16758,Mauritia Flexuosa (Morete) Fruit Oil
16759,Plukenetia Volubilis (Sacha Inchi) Seed Oil
16760,Kaolin Clay
16761,Saccharum Officinarum (Sugar Cane)
16762,Polyglyceryl 4 Oleate*
16763,Natural Aroma*
16764,(Sunflower) Helianthus Annuus Seed Oil*
16765,Behentrimonium Methosulfate (Colza Oil)
16766,Rahua-Ungurahua Oil
16767,Potassium Sorbate. *Organic.']
16768,Denayonium Benzoate.']
16769,Denatonium Benzoate.']
16770,Hydroxycitronella
16771,Ci 19140/Yellow 5.']
16772,Methyl Anthranilate.']
16773,['Sesame Oil (Sesamum Indicum)
16774,Rice Bran Oil (Oryza Sativa)
16775,Manjishta (Rubia Cordifolia)
16776,Saffron ( Crocus Sativus)
16777,Lodh Tree Bark (Symplocos Racemosa)
16778,Nutgrass (Cyperus Rotundus)
16779,Vetiver (Vetiveria Zizanoides)
16780,Licorice Root (Glycyrrhiza Glabra)
16781,Bay Leaf (Cinnamomum Tamala)
16782,Himalayan cherry (Prunus Cerasoides)
16783,Lotus seed (Nelumbo Nucifera)
16784,Pushkarmool (Inula Racemosa)
16785,Turmeric(Curcuma Longa)
16786,Indian Barberry (Berberis Aristata)
16787,Cobra Saffron (Mesua Ferrea)
16788,Flame Of The Forest (Butea Menosperma)
16789,Priyangu (Callicarpa Macrophylla)
16790,Banyan (Ficus Bengalensis)
16791,Mustard (Brassica Campestris)
16792,Rose Essential Oil (Rosa Damascena).']
16793,Bakuchi (Psoralea Corylifolia) Seed Oil
16794,Helianthus Annuus (Sunflower) Seed Cera
16795,Withania Somnifera (Ashwagandha Oil) [Sesamum Indicum (Sesame Seed) Oil
16796,Withania Somnifera (Ashwagandha)
16797,Nelumbium Nucifera (Lotus Saffron)
16798,Nelumbo Nucifera (Lotus Flower)
16799,Valeriana Brunoniana (Sugandhibala)
16800,Hemidesmus Indicus (Indian Sarsaparilla)
16801,Mesua Ferrea (Cobra Saffron)
16802,Amomum Subulatum Roxb (Black Cardamom)
16803,Solanum Xanthocarpum (Yellow-Fruit Nightshade)
16804,Solanum Indicum Linn (Black Nightshade)
16805,Triphala [Emblica Officinalis (Amla)
16806,Terminalia Bellirica (Bibhitaki)
16807,And Terminalia Chebula (Haritaki)]
16808,Cyperus Rotundus (Nutgrass)
16809,Prunus Cerasoides (Prunus Cerasoides)
16810,Boerhavia Diffusa (Punarnava)
16811,Water (Aqua/Eau)]
16812,Glycerin Niacinamide
16813,Rosa Damascena (Rose) Oil
16814,Fruit Enzymes [Water/Eau
16815,Mangifera Indica (Mango) Pulp Extract and Musa Sapientum (Banana) Pulp Extract]
16816,Rubia Cordifolia (Manjistha)
16817,Turmeric (Curcuma Longa)
16818,Papaya Enzyme (Papain)
16819,Saffron (Crocus Sativus)
16820,Lotus Seed (Nelumbo Nucifera) And Licorice Root (Glycyrrhiza Glabra).']
16821,Sesame Seed (Sesamum Indicum) Oil
16822,Ashwagandha (Withania Somnifera)
16823,Lotus Flower (Nelumbo Nucifera)
16824,Sugandh-bala (Valeriana Brunoniana)
16825,Indian Sarsparilla (Hemidesmus Indicus)
16826,Green Cardamom (Elettaria Cardamom)
16827,Black Cardamom (Amomum Subulatum)
16828,Yellow-fruit nightshade (Solanum Xanthocarpum)
16829,Badi Kateri (Solanum Indicum Linn)
16830,Triphala Powder [Amla (Emblica Officinalis)
16831,Bibhitaki (Terminalia Bellirica)
16832,and Haritaki (Terminalia Chebula)]
16833,Himalayan Cherry (Prunus Cerasoides)
16834,Punarnava (Boerhavia Diffusa)
16835,Rice (Oryza Sativa) Powder
16836,Dehydoacetic Acid
16837,Tocopherol+
16838,Geranium (Pelargonium Graveolens Flower) Essential Oil
16839,Rose Essential Oil (Rosa Damascena)
16840,Sesame (Sesamum Indicum) Oil
16841,Manjistha (Rubia Cordifolia)
16842,['Garcinia Indica (Kokum) Seed Butter
16843,Sida Cordifolia (Bala) Oil [Sesamum Indicum (Sesame) Seed Oil
16844,Sida Cordifolia (Bala) Oil
16845,Aegle Marmelo (Dashmool)
16846,Hordeum Vulgare (Barley)
16847,Ziziphus Mauritiana (Indian Jujube)
16848,Macrotyloma Uniflorum (Kulittha)
16849,Indigofera Tinctoria (Neelika)
16850,Asparagus Racemosus (Shatavari)
16851,Pueraria Tuberosa (Vidarikand)
16852,Dioscorea Bulbifera
16853,Tinospora Cordifolia (Moonseed)
16854,Phaseolous Trilobus (Mudgaparni)
16855,Bambusa Arundiaceae
16856,Pistacia Integerrima
16857,Artemisia Vulgaris (Mugwort)
16858,Leptadenia Reticulata
16859,Shorea Robusta
16860,Cedrus Dcodara
16861,Cyperus Rotundus (Nut Grass)
16862,Elettaria Cardamomum
16863,Valeriana Wallichii
16864,Nardostachys Jatamansi
16865,Parmelia Perlata
16866,Cinnamomum Tamala
16867,Hemidesmus Indicus
16868,\u200eAcorus Calamus (Sweet Flag)
16869,Boerhavia Diffusa]
16870,Undecane (And) Tridecane
16871,Hydrogenated Soy Polyglycerides (And) C15-23 Alkanes
16872,Caprylic Capric Triglyceride**
16873,Rose Damascena (Rose) Oil
16874,**Vegetable Derived
16875,+Derived From Non-GMO Soy.']
16876,['Only contains Sunflower Oil
16877,Jasmine Oil
16878,and Amla Extract.']
16879,['Jasmine Officinale (100%).']
16880,Sodium Lauroyl Methyl Isethionate**
16881,Cocamidopropyl Betaine**
16882,Sodium Cocoyl Isethionate**
16883,Sodium Methyl Oleoyl Taurate**
16884,Nelumbo Nucifera (Lotus) Flower Water
16885,Phyllanthus Emblica (Amla) Extract
16886,Withania Somnifera (Ashwagandha) Herb Extract
16887,Acacia Concinna (Shikakai) Fruit Extract
16888,Benzyl Alcohol .']
16889,Behentrimonium Chloride**
16890,Ocimum Sanctum (Tulsi) Leaf Extract
16891,Sesamum Indicum (Sesame Seed) Oil
16892,Helianthus Annuus Seed Cera (Sunflower) Wax
16893,Coco-Caprylate**
16894,Prunus Dulcis (Sweet Almond) Oil
16895,Aloe Barbadensis (Aloe Vera) Oil**
16896,Rubia Cordifolia (Manjistha) Oil [Sesamum Indicum (Sesame Seed) Oil
16897,Dehydoracetic Acid
16898,Acacia Senegal Gum (and) Xanthan Gum**
16899,Rosa Damascena (Rose) Essential Oil
16900,Sodium Benzoate. **Vegetable Derived
16901,+Derived from non-GMO Soy.']
16902,Nelumbo Nucifera (Sacred Lotus) Flower Extract
16903,Nymphaea Odorata Root Extract. [May Contain/Peut Contenir: Iron Oxides (CI 77491
16904,Blue 1 Lake (CI 42090)].&lt;CK0082&gt;']
16905,Nymphaea Odorata Root Extract
16906,[May Contain: Titanium Dioxide (CI 77891)
16907,[+/- (May Contain/Peut Contenir) Ultramarines (CI 77007)
16908,['Isohexadecane
16909,Passiflora Edulis (Passion Fruit) Fruit Extract
16910,Tilia Cordata (Linden) Flower Extract
16911,[May Contain / PEUT CONTENIR : Titanium Dioxide (CI 77891)
16912,[May Contain / PEUT CONTENIR: Red 28 Lake (CI 45410)
16913,Red 6 (CI 15850)].']
16914,Microcrystalline Wax/Cera Microcristallina/Cire microcristalline
16915,Linalool. +/- (May Contain/Peut Contenir) Titanium Dioxide (CI 77891)
16916,Dipropylheptyl Carbonate
16917,Vitex Agnus-Castus Extract
16918,['C12-15 Alkyl Ethylhexanoate
16919,Linalool. [May Contain/Peut Contenir: Titanium Dioxide (CI 77891)
16920,Nymphaea Odorata Root Extract. [+/- (May Contain/Peut Contenir): Titanium Dioxide (CI 77891)
16921,Michelia Alba Flower Oil
16922,[May Contain/Peut Contenir: Iron Oxides (CI 77492
16923,PPG-2-Deceth-30
16924,Black 2 (CI 77266)[NANO].']
16925,['Brow Gel:'
16926,Triethoxycaprylylsilane.  [May Contain/Peut Contenir: Iron Oxides (CI 77492
16927,'Brow Pencil:'
16928,Stearic Acid. [May Contain/Peut Contenir: Iron Oxides (CI 77491
16929,[May Contain/Peut Contenir: Iron Oxides (CI 77491
16930,['Ablaze:'
16931,Sodium Dehydroacetate.'
16932,'Ignite:'
16933,'Power:'
16934,'Clarity:'
16935,'Dehydroacetate.'
16936,'Grounded:'
16937,'All Shades:'
16938,'(+/-) May Contain/Peut Contenir: Red 40 Lake (CI 16035)
16939,['Undeniable
16940,Genuine
16941,Loyal:'
16942,'Passionate:'
16943,Water/Aqua/Eau.'
16944,'Accepting:'
16945,'Positive:'
16946,'Pure:'
16947,'All Shades (+/-) May Contain/Peut Contenir: Iron Oxides (Ci 77491
16948,['Discovery Eyeshadow Palette Sincerely Me'
16949,'Candid
16950,Gracious:'
16951,Tocopherol. +/- (May Contain/Peut Contenir) Yellow 5 Lake (CI 19140)
16952,'Uplifted:'
16953,'Authentic:'
16954,'Perfect Strokes Universal Volumizing Mascara - Black:'
16955,Rhus Verniciflua Peel Wax/Rhus Verniciflua Peel Cera
16956,Rhus Succedanea Fruit Wax/Rhus Succedanea Fruit Cera
16957,['Happy:'
16958,'Faith:'
16959,'Splendor:'
16960,'Cheer:'
16961,Mineral Oil (paraffinum liquidum)
16962,Euphorbia Cerifera (candelilla) wax
16963,Hydroxypropylmethylcellulose
16964,['Liner:'
16965,'May Contain: CI 77491 (Iron Oxides)
16966,CI 15850 (Red 7 Lake).'
16967,'Setter:'
16968,'Polyperfluoromethylisopropyl Ether
16969,Methyl Perfluorobutyl Ether.']
16970,Candida Bombicola/Glucose/Methyl Rapeseedate Ferment
16971,Phenoxyethanol [May Contain/Peut Contenir: Red 6 (CI 15850)
16972,Styrene-Ethylene/Propylene-(Styrene)
16973,'May Contain: Mica
16974,Iron Oxides - Red
16975,['Brow Sculpt:'
16976,Mineral Oil (Paraffinum Liquidum)
16977,'Lip Gloss:'
16978,Sodium Hyaluronate.'
16979,'Gloss Highlighter:'
16980,Rosmarinus Officinalis (Rosemary) Leaf Extract [May Contain/Peut Contenir: Synthetic Fluorphlogopite
16981,['Lip Sculpt:'
16982,Phenoxyethanol. May Contain: CI 77491 (Iron Oxides)
16983,Methyl Perfluorobutyl Ether.'
16984,Tristearin
16985,Lauryl PEG-10 Tris(trimethylsiloxy) silylethyl Dimethicone
16986,'May Contain: Iron Oxides- Yellow
16987,Iron Oxides- Red
16988,Iron Oxides- Black.']
16989,'Brow Pomade:'
16990,Phenoxyethanol. May Contain: CI 77891 (Titanium Dioxide)
16991,CI 77492 (Yellow Iron Oxide)
16992,CI 77499 (Black Iron Oxide)
16993,CI 77491 (Red Iron Oxide).'
16994,3-Bis-(2
16995,4-Diaminophenoxy) Propane HCl
16996,Polyglyceryl-6 Octastearate
16997,May Contain: CI 77492 (Iron Oxides)
16998,CI 77491 (Red Iron Oxide).']
16999,Butyrospermum Parkii Butter Extract
17000,Tocopherol [May Contain/Peut Contenir: Synthetic Fluorphlogopite
17001,Triethoxycaprylylsilane [May Contain/Peut Contenir: Iron Oxides (CI 77491
17002,['Aqua /Water/Eau
17003,Biotinoyl Tripeptide-1 [May Contain/Peut Contenir: Red 40 (CI 16035)
17004,Heptyl Glucoside
17005,Citrus Nobilis (Mandarin) Peel Oil
17006,Heptanol
17007,Vaccinium Vitis-Idaea (Lingonberry) Seed Oil
17008,Pueraria Lobata (Kudzu) Symbiosome Extract
17009,Oryza Sativa Starch
17010,Linalool.Squalane + Probiotic Gel Moisturizer:'
17011,Zingiber Officinale (Ginger) Root Extract.Squalane + Omega Repair Cream:'
17012,Sodium Gluconate.Squalane + Vitamin C Rose Oil:'
17013,Geraniol.Squalane + Marine Algae Eye Cream:'
17014,Faex (Yeast) Extract
17015,Cinnamomum Camphora Linalloliferum (Ho Wood) Leaf Oil
17016,Rosmarinus Officinalis (Rosmary) Leaf Extract
17017,'Sucrose Polystearate
17018,Olea Europaea Oil Unsaponifiables
17019,Citrus Aurantium Amara Flower Extract
17020,['Sunflower Seed Extract
17021,Meadowfoam Seed Oil']
17022,Oryza Sativa Bran Oil
17023,Oryza Sativa Germ Oil
17024,Cupressus Sempervirens (Cypress) Leaf/Stem Extract
17025,Polyglyceryl 6 Oleate
17026,Sodium Surfactin.']
17027,Citrus Aurantium Amara (Bitter Orange) Flower Water Extract
17028,Parfum (100% natural fragrance)
17029,['Evercalm Gentle Cleansing Milk:'
17030,'Evercalm Redness Relief Serum:'
17031,'Evercalm Global Protection Day Cream:'
17032,Rosmarinus.'
17033,'Evercalm Overnight Recovery Balm:'
17034,'Evercalm Ultra Comforting Rescue Mask:'
17035,Butyrospermum
17036,Parkii (Shea) Butter
17037,Helianthus Annus (Sunflower) Seed Wax
17038,Caprylic/Capric Triglyceride Panthenol
17039,Vaccinium Vitas-Idaea (Lingonberry) Seed Oil
17040,Cocus Nucifera (Coconut) Fruit Extract
17041,Rosmarinus Officinalis Leat Extract
17042,Magnesium Carboxymethyl Beta Glucan
17043,Leptospermum Scoparium Oil
17044,Crataegus Oxyacantha Stem Extract
17045,['Ready Steady Glow Daily AHA Tonic:'
17046,'Overnight Glow Dark Spot Sleeping Cream:'
17047,'Glycol Lactic Radiance Renewal Mask:'
17048,['Recycled Plastic.']
17049,Tocopherol(non-GMO)
17050,and May Contain [+/-]: Titanium Dioxide (CI 77891)
17051,Tocopherol (Non-GMO)
17052,Tocopherol (non-GMO)
17053,Iron Oxide (CI 77499)
17054,Cera Alba (Beeswax)(Cire d’abeille)
17055,**Mauritia Flexuosa (Buriti) Fruit Oil
17056,Herbs Infused in Golden Simmondsia Chinensis (Jojoba) Seed Oil: Hypericum Perforatum (St. John’s Wort)
17057,Equisetum Arvense (Horsetail)
17058,Calendula Officinalis (Marigold)
17059,Hemidesmus Indicus (Country Sarsaparilla)
17060,Curcuma Longa (Turmeric)
17061,Withania Somnifara (Ashwagandha)
17062,Glycyrrhiza Glabia (Licorice)
17063,Olea Europaea (Olive Leaf). May Contain [+/-]: Titanium Dioxide (CI 77891)
17064,['Buriti Bronzer:'
17065,*Cocos Nucifera (Coconut) Oil
17066,*Cera Alba (Beeswax) (Cire d’abeille)
17067,*Simmondsia Chinensis (Jojoba) Seed Oil
17068,*Theobroma Cacao (Cocoa) Seed Butter
17069,*Mauritia Flexuosa (Buriti) Fruit Oil
17070,*Rosmarinus Officinalis (Rosemary) Extract
17071,'Champagne Rosé Luminizer:'
17072,*Helianthus Annus (Sunflower) Seed Oil
17073,*Rosmarinus Officinalis (Rosemary) Leaf Extract
17074,'Magic Luminizer:'
17075,*Ricinus Communis (Castor) Seed Oil
17076,*Helianthus Annuus (Sunflower) Seed Oil
17077,Iron Oxides (CI 77489
17078,'Living Luminizer:'
17079,*Rosmarinus Officinalis (Rosemary) Leaf Extract.']
17080,Polyurethane-15
17081,Squalane (vegetable)
17082,Myrtus Communis Oil
17083,Artemisia Vulgaris Oil
17084,Calendula Officinalis (Marigold) Flower Extract
17085,Squalene (vegetable)
17086,Hypericum Perforatum (St. John’s Wart) Flower Extract
17087,Hemidesmus Indicus (Country Sarsaparilla) Root Powder
17088,*Butyrospermum Parkii (Shea) Butter
17089,*Zea Mays (Corn) Starch (Non-GMO)
17090,Portulaca Grandiflora Extract
17091,Jasminum Sambac Leaf Cell Extract
17092,Mangostin
17093,Ranunculus Ficaria Extract
17094,Cymbopogon Martini Herb Oil
17095,['Isononanoate
17096,['Water/Aqua/Eua
17097,Brassica Napus Oleifera Extract
17098,Dicrateria Rotunda Oil
17099,Ruttnera Lamellosa Oil
17100,Haematococcus Pluvialis Powder
17101,Zinc Oxide 14%']
17102,Eugenia Caryophyllus (Clover) Extract
17103,Linalool [+/-: Titanium Dioxide (CI 77891)
17104,Centella Asiatica Leaf Cell Extract
17105,Pelargonium Graveolens Stem Leaf Oil
17106,Cichorium Intybus (Chicory) Root Oligosaccharides
17107,Ultramarines (CI 77007)].']
17108,Citrus Aurantium Amara Flower Oil
17109,['Vegan Bristles
17110,25% PCR Handle.']
17111,['Copper Shimmer:'
17112,'Satin Copper:'
17113,25% Post-Consumer Recycled Plastic and Aluminum Handle.']
17114,['Hydration Replenish:'
17115,'Eye Revival:'
17116,'Radiant Reveal:'
17117,'Spa Headband:'
17118,'80% microfiber
17119,20% polyamide.']
17120,25% Post-Consumer Recycled Plastic And Aluminum Handle.']
17121,Ascorbyl Glucoside (Vitamin C)
17122,Tocopheryl (Vitamin E) Acetate
17123,Hydroxyethyl Acrylate
17124,Sodium Acryloyldimethyl Taurate Copolymer
17125,Purple Grape (E163).']
17126,Niacinamide (Vitamin B3)
17127,Curcuma Longa (Turmeric) Oil
17128,Tricedeth-6
17129,Coccinia Indica Extract
17130,Lawsonia Inermis (Henna) Extract
17131,Allontoin
17132,Palmitoyl Camellia Sinensis (White Tea) Extract
17133,Cocos Nucifera Oil
17134,Medicago Sativa Extract
17135,Citrus Aurantium Dulcis (Orange Fruit Extract)
17136,Disuccinate.']
17137,['Pure White Petrolatum (Surgical Grade)
17138,Cotton Seed Oil
17139,Trade Secret Blend of Essential Oils
17140,Botanicals.']
17141,White Beeswax
17142,Trade Secret Strawberry Flavor.']
17143,['Cotton Seed Oil
17144,Aromol
17145,Essential Oils
17146,Petrolatum Base.']
17147,Trade Secret Blend of Essential Oils and Botanicals.']
17148,All Natural Blend of Menthol
17149,Camphor.']
17150,['Pertolatum
17151,Artificial Flavor.']
17152,Bambusa Vulgaris Sap Extract
17153,Hydrolyzed Sweet Almond Protein
17154,Ethyltrimonium Chloride Methacrylate/Hydrolyzed Wheatproteincopolymer
17155,Vp/Vacopolymer
17156,Sasa Kurilensis Leaf/Stem Extract
17157,Raphanus Sativus (Radish) Seed Oil
17158,Amaranthus Hypochondriacus Seed Oil
17159,Cetaryl Alcohol
17160,Bassia Butyracea Seed Butter
17161,Polyacrylamidomethylpropane Sulfonic Acid
17162,['Grandioso 02 Volumising Shampoo:']
17163,['Intenso Softening and Smoothing Shampoo:']
17164,C12-14 Sec-Pareth-7
17165,C12-14 Sec-Pareth-5
17166,Methoxy Peg/Ppg-7/3 Aminopropyl Dimethicone
17167,Mel Extract/Honey Extract/Extrait De Miel
17168,Peg-18 Glyceryl Oleate/Cocoate
17169,Vitis Vinifera (Grape) Leaf Extract
17170,Rapeseedamidopropyl Ethyldimonium Ethosulfate
17171,Malva Sylvestris (Mallow) Leaf Extract
17172,Quaternium-96
17173,Dipropyleneglycol
17174,Bis-Ethyl Ppg- Behenate Dimonium Methosulfate
17175,C15-11 Pareth-7
17176,Ceramide 6 Ii
17177,Ceramide 1
17178,GlycolipidsCocos Nucifera (Coconut) Fruit Extract
17179,Iron Oxide (CI77492)
17180,Iron Oxide (CI77491)
17181,Iron Oxide (CI77499)
17182,Zinc Oxide (15%)']
17183,['Zinc Oxide (15%)
17184,Coco-caprylate/caprate
17185,Cocos Nucifera (Coconut) Fruit Extract. May Contain: Titanium Dioxide
17186,['STARGLOW:'
17187,Hydroxyethyl Acrylate/sodium Acryloyldimethyl Taurate Copolymer
17188,'SUNGLOW:'
17189,May Contain: Titanium Dioxide (CI 77891)
17190,Iron Oxide (CI 77492
17191,['Isocetyl Stearoyl Stearate
17192,Oryza Sativa (Rice) Starch. [May Contain/ Peut Contenir: Titanium Dioxide (CI77891)
17193,Gellan Gum. [May Contain/ Peut Contenir: Mica
17194,Iron Oxides (Ci 7749
17195,Ricinus Communis Seed Oil Ricinus Communis (Castor) Seed Oil
17196,Olea Europaea Oil Unsaponifiables (Olea Europaea (Olive) Oil Unsaponifiables)
17197,Acacia Decurrens Flower Cera (Acacia Decurrens Flower Wax)
17198,Sodium Hyaluronate (+/-) May Contain: Ci 15985 (Yellow 6 Lake)
17199,Euphorbia Cerifera (Candelilla) Wax (Candelilla Cera / Cire De Candelilla)
17200,Trifolium Pratense (Clover) Flower Extract. [May Contain/ Peut Contenir: Iron Oxides (Ci 77491
17201,['Althaea Officinalis Root Extract
17202,Polyglycerin - 6
17203,Tocopherols
17204,Iron Oxides (Ci 77491)'
17205,'Iron Oxides (Ci 77492)
17206,Adenium Obesum (Desert Rose) Extract
17207,Camellia Sinensis (Green Tea) Leaf Oil
17208,3-Glyceryl Ascorbate (Vitamin C)
17209,Cannabis Sativa Flower
17210,Stem
17211,Leaves (Full Spectrum CBD)
17212,sh-Polypeptide-123 (Vegan Collagen)
17213,Cannabis Sativa Flower Stem and Leaves (CBD)
17214,Citrus Paradisi (Pink Grapefruit)
17215,Citrus Medica Limonum (Lemon) Peel
17216,Citrus Aurantifolia (Lime)
17217,Litsea Cubeba (Litsea) Fruit
17218,Citrus Reticulata (Mandarin)
17219,Phenoxyethanol (less than 1%) Ethylhexylglycerin (less than 1%).']
17220,Glyceryl Polyacrelate
17221,Full Flower Hemp Extract (CBD)
17222,Hydrolyzed Hibiscus Esculentus Extract (Hibiscus Peptides)
17223,Hibiscus Sabdariffa Flower Extract (Hibiscus)
17224,Magnolol (Magnolia)
17225,Honokiol (Magnolia)
17226,Punica Granatum Seed Extract (Pomegranate)
17227,Apricot Kernel Oil (Apricot)
17228,3-O-Ethyl Ascorbic Acid (Vitamin C)
17229,Sodium Hyaluronate (Hyaluronic Acid)
17230,Eclipta Prostrata Extract (Daisy)
17231,Melia Azadirrachta Leaf Extract (Neem)
17232,Moringa Pterygosperma Seed Oil (Moringa)
17233,Nelumbo Nucifera (Pink Lotus) Flower Oil
17234,Jasminum Grandiflorum (Jasmine) Flower Oil
17235,Acacia Dealbata (Mimosa) Flower Extract
17236,Plumeria Alba (Frangipani) Flower.']
17237,['Vitus Vinifera (Grapeseed) Seed Oil
17238,Persea Gratissima (Avocado) Seed Oil
17239,Aleurites Moluccana (Kendi) Seed Oil
17240,Leaves (Full Spectrum Cbd)
17241,Vanilla Planifolia (Bourbon Vanilla) Fruit Extract
17242,Paradisis (Pink Grapefruit) Peel Oil
17243,Santalum Spicatum (Sandalwood) Wood Oil
17244,Panicum Milaceum (Millet) Seed Extract
17245,Rubus Idaeus (Raspberry) Seed Extract
17246,Viola Odorata (Violet) Leaf Oil
17247,Rosa Bourboniana (Rose) Flower Oil
17248,Jasminum Sambac (Jasmine) Flower Oil
17249,Citris Sinesis (Blood Orange) Peel Oil
17250,Aniba Roseodora (Rosewood) Wood Extract
17251,Backhousia Citriodora (Lemon Myrtle) Leaf Oil
17252,Vanillosmopsis Erythropappa (Bisabolol) Wood Oil
17253,Canarium Lozonicum (Elemi) Gum Oil
17254,Iris Pallida (Orris) Root Extract
17255,Cedrus Atlantica (Cedar)
17256,Citrus Retriculata (Tangerine) Peel Oil.*From Organic Farming.']
17257,Hemp Seed Oil
17258,Broad Spectrum Hemp Extract
17259,Sambucus Nigra (Elderberry)
17260,Fruit Extract
17261,Viola Odorata (Violet) Flower Extract
17262,Tambourissa Trichophylla Leaf Extract
17263,Camellia Sinensis (Green Tea) Seed Oil
17264,Hydroxyethyl
17265,Acrylate/Sodium Acryloyldimenthyl Taurate Copolymer
17266,Caprylic /Capri Triglyceride
17267,Violet No.2
17268,Ethylhexylglycerin']
17269,['Sunflower Seed Oil
17270,Chamomile Extract
17271,Grapefruit Seed Extract.'
17272,'May Contain: Red #7
17273,Mica (responsibly sourced).']
17274,Nelumbo Nucifera (Pink Lotus) Leaf/ Flower Extract
17275,Bletilla hyacinthina (Hyacinth Orchid) Rhizome Extract
17276,Hibiscus Syriacus (Hibiscus) Flower Extract
17277,['CI 77499 (Iron Oxides)
17278,Propylene Carbonate.']
17279,Sorbitan Tristearate.']
17280,Hydrogenated Palm Acid
17281,BHT. (+/-) : CI 77891 (Titanium Dioxide)
17282,CI 15850 (Red 6 Lake/Red 7 Lake)
17283,CI 75470 (Carmine).']
17284,CI 73360 (Red 30)
17285,Butyrospermum Parkii (Shea Butter).']
17286,Peg-10
17287,Maris Sal (Sea Salt).']
17288,Citrullus Vulgaris (Watermelon) Seed Oil
17289,CI 77266 (Carbon Black 2)
17290,Peg/Ppg-20/15 Dimethicone
17291,Polyglyceryl-4-Isostearate
17292,Corallina Officinalis (Red Seaweed)  Extract
17293,Ci 77266 (Black 2) [Nano]
17294,Tocopherol. (+/-): CI 77891 (Titanium Dioxide)
17295,Hydroxycetyl Hydroxyethyl Dimonium Chloride
17296,Hydrogenated Castor Oil. (+/-): Ci 77891 (Titanium Dioxide)
17297,Ci 15850 (Red 6 / Red 7).']
17298,Hydrogenated Castor Oil. (+/-): CI 77891 (Titanium Dioxide)
17299,CI 77266 (Black 2) [nano]
17300,Polyglyceryl-3 Polyricinoleate.']
17301,['100% Cotton Fiber.']
17302,Tocopherol.(+/-): CI 77891 (Titanium Dioxide)
17303,CI 77491/CI 77492/CI 77499 (Iron oxides).']
17304,['Ci 77499 (Iron Oxides)
17305,Cetyl Laurate
17306,Centaurea Cyanus Flower Extract.B5']
17307,Cocos Nucifera (Coconut) Shell Powder
17308,Sodium Sulfate.']
17309,Sodium Methyl Lauroyl Taurate
17310,Acetum (Vinegar)
17311,Sodium Methyltaurate
17312,['Mon Paris Eau de Parfum:'
17313,'Body Lotion:'
17314,Zea Mays Starch / Corn Starch
17315,Limnanthes Alba Seed Oil / Meadowfoam Seed Oil
17316,C12-13 Alkyl Lactate
17317,Ci 17200 / Red 33']
17318,CI 75470 (Carmine).'
17319,'CI 77491 (Iron Oxides)
17320,Citrullus Vulgaris (Watermelon) Seed Oil.']
17321,['Mahogany Matte
17322,Burgundy:'
17323,Ethylhexylglycerin. (+/-): Iron Oxides (Ci 77491
17324,'Orange Shimmer:'
17325,'Copper Shimmer:'
17326,'White Gold:'
17327,'Golden Bronze:'
17328,Ci 15850 (Red 7 Lake).'
17329,['Shade 1'
17330,'Shade 2'
17331,'Shade 3'
17332,'Shade 4'
17333,Phellodendron Amurense (Amur Corktree) Bark Extract.']
17334,Butyrospermum Parkii (Shea Butter) Unsaponifiables
17335,Magnesium Oxide.']
17336,['Shades 1 and 2:'
17337,Anthemis Nobilis Flower Oil. (+/-): CI 77891 (Titanium Dioxide)
17338,Anthemis Nobilis Flower Oil.'
17339,'Shades 5 and 7:'
17340,Ascorbyl Glucoside.']
17341,Dima31:I31ethicone
17342,Pentaerythrityl Tetra-Di-T-Butyl Hydroxyhydrocinnamate. (+/-): Ci 77891 (Titanium Dioxide)
17343,Glyoxal.']
17344,Camellia Japonica Leaf Extract.']
17345,['Octyldodecyl Stearoyl Stearate
17346,Aluminum Chlorohydrate
17347,['Triisostearin
17348,['Synthetic Lashes.']
17349,Ginkgo Biloba Leaf Extract.']
17350,['01 Fever:'
17351,'02 Inferno:'
17352,['Cruelty-free Synthetic Eyelashes
17353,Micro-magnets']
17354,['01 Always Red:'
17355,Benzyl Alcohol.(+/-):Mica
17356,'13 Marvelous Mauve:'
17357,Benzyl Alcohol.(+/-): CI 77891 (Titanium Dioxide)
17358,CI 45380 (Red 21 Lake)
17359,'23 Copper Blush:'
17360,'41 Vintage Rosewood:'
17361,'94 Cherry Moon:'
17362,'96 Red Velvet:'
17363,Rhus Succedanea Fruit Cera (Rhus Succedanea Fruit Wax)
17364,Erythritol.']
17365,['Contour:'
17366,['Hyaluronic and Polyglutamic Acids: From natural origin derived from wheat and corn and soybeans; moisturizes the skin.'
17367,Polyglutamic Acid.']
17368,Tocopherol. May Contain/Peut Contenir (+/-): Titanium Dioxide (CI 77891)
17369,'Lip Glosses:'
17370,Tin Oxide. May Contain/Peut Contenir (+/-): Titanium Dioxide (CI 77891)
17371,'Bronzing Powder:'
17372,'Blushes:'
17373,'Highlighters:'
17374,'Cream Eyeliners:'
17375,'Dicaprylyl Carbonate
17376,Ricinus Communis (Castor) Seed Oil (Ricinus Communis Seed Oil)
17377,'Brow Powders:'
17378,['Low Beam:'
17379,Phenylpropanol.'
17380,'High Beam:'
17381,'Iron Oxides (CI 77499)
17382,'Shade 7:'
17383,'Shade 8:'
17384,Tocopherol. May Contain/Peut Contenir (+/-): Iron Oxides (CI 77491/CI 77492/CI 77499)
17385,Ferric Ammonium Ferrocyanide (CI 77510).'
17386,'Lip Gloss Shade 31:'
17387,'Lip Gloss Shade 32:'
17388,'Lip Gloss Shade 34:'
17389,'Lip Gloss Shade 35:'
17390,'Lip Gloss Shades 33 and 36:'
17391,BHT. May Contain/Peut Contenir (+/-): Titanium Dioxide (CI 77891)
17392,Iron Oxides (CI 77491/CI 77492)
17393,'Bronzer Powder:'
17394,'Blush Powder:'
17395,'Highlighter Powder:'
17396,Polyglyceryl
17397,3 Cocoate
17398,6 Oleate
17399,Malva Sylvestris Leaf/Stem/Flower Extract (Malva Sylvestris (Mallow) Flower/Leaf/Stem Extract)
17400,['Aqua (Water) Butylene Glycol
17401,Nylon-6 - Phenoxyethanol
17402,Gardenia Tahitensis Flower Extract
17403,['Clear Brow Gel:'
17404,'Shades 2 and 5:'
17405,'Shade 9:'
17406,'Shade 10:'
17407,'Shade 11:'
17408,'Shade 12:'
17409,'Titanium Dioxide (CI 77891)
17410,['01 Boss:'
17411,'07 Lover:'
17412,'120 Fly:'
17413,['SHADE 1:'
17414,'SHADE 2:'
17415,'SHADE 3:'
17416,'SHADE 4:'
17417,'SHADE 5:'
17418,'SHADE 6:'
17419,'SHADE 7:'
17420,and Iron Oxides (CI77491).']
17421,Chondrus Crispus (Chondrus Crispus (Carrageenan))
17422,['Cream Lip Stain:'
17423,Benzyl Alcohol.(+/
17424,):Mica
17425,'Eyeliner Pencil To Go:'
17426,['103 Deck the Halls:'
17427,'104 Light My Fire:'
17428,'105 Tis the Season:'
17429,['White/Clear Adhesive:'
17430,'Dark Adhesive:']
17431,['Color Hit Mini Nail Polish in L138 Cookie Break:'
17432,'Color Hit Mini Nail Polish in L43 It Girl:'
17433,CI 15880 (Red 34)
17434,'Color Hit Mini Nail Polish in L149 Private Boudoir:'
17435,CI 15880 (Red 34 Lake)
17436,'Color Hit Mini Nail Polish in L02 Under the Covers:'
17437,Methicone.'
17438,'Color Hit Mini Nail Polish in 197 Gold Fever:'
17439,CI 60725 (Violet 2).'
17440,'Color Hit Mini Nail Polish in Top Coat:'
17441,CI 60725 (Violet 2).']
17442,Pinus Palustris Leaf Extract
17443,['Clean Skin Gel:'
17444,'Bright Skin Exfoliating Scrub:'
17445,Passiflora Edulis Extract
17446,Helianthus Annuus (Sunflower) Seed Oil.'
17447,'Super Matte Moisturizer:'
17448,Kaolin.']
17449,Acer Saccharum (Sugar Maple) Extract.']
17450,Glycyrrhiza Uralensis (Licorice) Root Extract
17451,Zizyphus Jujuba Fruit Extract
17452,Dextrin.']
17453,['Big By Definition Mascara:'
17454,'Waterproof 12H Contour Eye Pencil:'
17455,'CI 77499 (Iron Oxides)
17456,'Colorful Eyeshadow:'
17457,Camellia Sinensis Leaf Extract.']
17458,PPG-51/Smdi Copolymer
17459,Polyglyceryl-3 Polydimethyl Siloxyethyl Dimethicone
17460,'Overnight Glow Mask:'
17461,'Nourishing Moisturizer:'
17462,Argania Spinosa Extract
17463,['Clear Brush Tip Lash Adhesive:']
17464,Carica Papaya Fruit Extract (Carica Papaya (Papaya) Fruit Extract)
17465,PEG/PPG-120/10 Trimethylolpropane Trioleate
17466,['Ultra-Glow Mask:'
17467,'Ultra-Glow Serum:'
17468,'Ultra-Glow Toner:'
17469,['Deionized Water
17470,Potassium Cocoate (Virgin Coconut Oil)
17471,Potassium Palmate (RSPO Certified Palm Oil).']
17472,Tremella Fuciformis (Mushroom) Extract.']
17473,Peg/Ppg-120/10 Trimethylolpropane Trioleate
17474,['Clear Skin Gel:'
17475,'Targeted Pores Serum:'
17476,Denatonium Benzoate.'
17477,['Soy Wax
17478,Soft Wax
17479,['Super Serum:'
17480,'Cleanser:'
17481,['Salicylic acid 2%
17482,['Armani Lip Maestro Liquid Matte Lipstick:'
17483,Aluminum Hydroxide.'
17484,'Givenchy Rose Perfecto Lip Balm 24H Hydration:'
17485,'Dr. Barbara Sturm Face Cream:'
17486,Ascorbic Acid.'
17487,'PAT McGRATH LABS PERMA PRECISION Liquid Eyeliner:'
17488,Black 2 (Ci 77266) [nano].'
17489,'Kérastase Nutritive 8H Magic Night Serum Hydrating Treatment:'
17490,'Gucci L’Obscur Lengthening Mascara:'
17491,'GUERLAIN Abeille Royale Advanced Youth Watery Oil:'
17492,['Adwoa Blue Tansy Reparative Mask Water (Aqua)
17493,Phenoxyethanol. Ceremonia Guava Leave-in Conditioner Water
17494,Carthamus Tinctorius (Safflower) Seed Extract. Color Wow Dream Coat Supernatural Spray Aqua/Water
17495,Citric Acid. Crown Affair The Oil Dimethicone
17496,Fragrance/Parfum. Dae Moonsoon Moisture Mask Water
17497,Cereus Grandiflorus Fable & Mane Holiroots Pre-wash Hair Treatment Oil Caprylic/Capric Triglyceride
17498,Linalool. JVN Complete Air Dry Cream Water/Aqua/Eau
17499,Limonene. K18 Biomimetic Hairscience Water (Aqua) (Eau)
17500,Benzyl Alcohol. Vegamour GRO Revitalizing Conditioner Water
17501,Copaifera (Copaiba) Officinalis Oil
17502,Brassica Oleracea Italica (Broccoli) Seed Oil
17503,Sr-Wasp Spider Polypeptide-1 Oligopeptide-178
17504,Stearamine
17505,Dimyristoyl Phosphatidylcholine
17506,Trifolium Pratense Sprout Extract
17507,Vigna Radiata Sprout Extract. Vegamour GRO Revitalizing Shampoo Water
17508,Sodium Lauroyl Methyl Isethionate (Plant Derived)
17509,Sodium Cocoyl Isethionate (Plant Derived)
17510,Cyamopsis Tetragonoloba
17511,(Guar) Gum
17512,C14-16 Olefin Sulfonate
17513,PEG-16 Macadamia Glycerides
17514,Cocamidopropyl Hydrosylsultaine
17515,['Hydra Prep Gel:'
17516,['Step 1 Triple Acid Exfoliating Solution:'
17517,'Step 2 Kaolin Clay Neutralizing Mask:'
17518,Rosa Cannina Fruit Extract
17519,Camellia Sinensis (Green Tea) Japanese
17520,Peg/Ppg-9/2 Dimethyl Ether
17521,Sd Alcohol 40-B
17522,Ppg-3 Dipivalate
17523,Ppg-17
17524,Syzygium Jambos Leaf Extract
17525,['100% Cotton.']
17526,Octocrylene 10.0%
17527,PEG/PPG-9/2 Dimethyl Ether
17528,PPG-17
17529,['Water(Aqua/Eau)
17530,Mineral Oil (Paraffinum Liquidum/Huile Minerale)
17531,Beeswax(Cera Alba/Cire d’abeille)
17532,Uncaria Gambir Extract
17533,Angelica Keiskei Leaf/Stem Extract
17534,Eucheuma Serra/Grateloupia Sparsa/Saccharina Angustata/Ulva Linza/Undaria Pinnatifida Extract
17535,Saccharina Angustata/Undaria Pinnatifida Extract
17536,Thiotaurine
17537,Garcinia Mangostana Bark Extract
17538,Ensulizole 1.0%
17539,Homosalate 15.0%
17540,Zinc Oxide 15.5%']
17541,['Octinoxate 4.9%
17542,Titanium Dioxide 5.8%
17543,Trifluoropropyldimethyl/Trimethylsiloxysilicate
17544,Nacre Powder
17545,Magnesium Aluminometasilicate
17546,Thymus Serpyllum Extract
17547,Trimethylsiloxysilylcarbamoyl Pullulan
17548,Citrate
17549,['Avobenzone 2.3%
17550,Peg/Ppg-17/4 Dimethyl Ether
17551,Chlorella Vulgaris Extract.']
17552,Batyl
17553,Dimethylacrylamide/Sodium Acryloyldimethyltaurate Crosspolymer
17554,['Purpose Avobenzone 2.0%
17555,Sunscreen Homosalate 5.0%
17556,Sunscreen Octisalate 5.0%
17557,Sunscreen Octocrylene 5.0%
17558,2-O-Ethyl Ascorbic Acid
17559,Pyrola Incarnata Extract
17560,Nelumbo Nucifera Germ Extract
17561,Lactobacillus/Hibiscus Sabdariffa Flower Ferment Filtrate
17562,Ganoderma Lucidum (Mushroom) Stem Extract.']
17563,Water(Aqua/Eau)
17564,Peg-9 Polydimethylsiloxyethyl Dimethicone Iron Oxides (Ci 77491)
17565,HydrogenatedPolydecene
17566,Polybutylene Glycol/Ppg-9/1 Copolymer
17567,Ononis Spinosa Root Extract
17568,Carboxydecyl Trisiloxane
17569,BHT. May Contain (+/-): Ultramarines (Ci 77007)
17570,['Octinoxate 6.9%
17571,Titanium Dioxide 1.0%
17572,Diphenylsiloxy Phenyl Trimethicone Glycerin
17573,Aminoethanesulfinic Acid
17574,Avobenzone 2.3%
17575,Octocrylene 5.0%']
17576,Tocopherol. May Contain (+/-): Iron Oxides (Ci 77492)
17577,Pentaerythrityl Tetraoctanoate
17578,Phenyl Trimethicone Glycerin Dipropylene Glycol
17579,Ginseng Extract
17580,Raspberry Extract
17581,['Titanium Dioxide 4.9%
17582,Zinc Oxide 13.6%
17583,Rosmarinus Officinalis (Rosemary) Leaf Extract (Rosmarinus Officinalis Leaf Extract)
17584,Pyrola Incarnata Extract.']
17585,Citric Acid. May Contain (+/-): Ultramarines (Ci 77007)
17586,Potassium Methoxysalicylate
17587,['Octinoxate 6.7%
17588,Octocrylene 3.0%
17589,Titanium Dioxide 2.0%
17590,PEG/PPG-19/19 Dimethicone
17591,['Trimethyl Pentaphenyl Trisiloxane
17592,Microcrystalline Wax(Cera Microcristallina/Cire Microcristalline)
17593,Peg/Ppg-36/41 Dimethyl Ether
17594,[+/-(May Contain/Peut Contenir)Yellow 5 Lake (Ci 19140)
17595,Dipeptide-15
17596,Dipropylene Glycol.']
17597,Thymus Serpillum Extract
17598,Syzygium Jambos Leaf Extract.']
17599,Trimethylsiloxysilylcarbamoyl Pullulan.']
17600,['Mineral Oil (Paraffinum Liquidum/Huile Minerale)
17601,Silk Powder(Serica/Poudre De Soie)
17602,Sodium Lauryl Sulfate.']
17603,Rubus Suavissimus (Raspberry) Leaf Extract
17604,Beta-Carotene (Ci 75130).']
17605,Sodium Lauryl Glycol Carboxylate
17606,Silk Powder (Serica/Poudre De Soie)
17607,Mineral Oil(Paraffinum Liquidum/Huile Minerale)
17608,Pentaerythrityl Tetrabehenate/Benzoate/Ethylhexanoate
17609,Piperidinepropionic Acid
17610,Prunus Speciosa Leaf Extract
17611,Isodonis Japonicus Leaf/Stalk Extract
17612,Potassium Ascorbyl Tocopheryl Phosphate
17613,Peg/Ppg-50/40 Dimethyl Ether
17614,Dimorpholinopyridazinone
17615,Elaeis Guineensis (Palm) Kernel Oil
17616,Rehmannia Chinensis Root Extract
17617,Potentilla Erecta Root Extract
17618,['Kaolin
17619,Rosmarinus Officinalis (Rosemary) Leaf Extract (Rosmarinus Officinalis Leaf Extract).']
17620,Potassium Cocoyl Glutamate
17621,['Myristic Acid
17622,Peg-20 Glyceryl Isostearate
17623,Hydrolyzed Silk.']
17624,Peg-2 Laurate
17625,Octinoxate 7.4%
17626,Octocrylene 3%
17627,PEG/PPG-17/4 Dimethyl Ether
17628,Lamium Album Flower/Leaf/Stem Extract
17629,PPG-3 Dipivalate
17630,['Dipropylene Glycol
17631,Alcohol 40-B
17632,dipropylene Glycol
17633,diisopropyl Sebacate
17634,peg-60 Hydrogenated Castor Oil
17635,potassium Methoxysalicylate
17636,erythritol
17637,xanthan Gum
17638,tocopheryl Acetate
17639,peg/Ppg-14/7 Dimethyl Ether
17640,peg/Ppg-17/4 Dimethyl Ether
17641,dipotassium Glycyrrhizate
17642,ascorbyl Tetraisopalmitate
17643,phytosteryl Macadamiate
17644,angelica Keiskei Leaf/Stem Extract
17645,paeonia Albiflora Root Extract
17646,crataegus Monogyna Flower Extract
17647,rehmannia Chinensis Root Extract
17648,ziziphus Jujuba Fruit Extract
17649,pyrola Incarnata Extract
17650,potentilla Erecta Root Extract
17651,ppg-17
17652,peg-240/Hdi Copolymer Bis-Decyltetradeceth-20 Ether
17653,triethanolamine
17654,butylene Glycol
17655,isostearic Acid
17656,ppg-3 Dipivalate
17657,hdi/Trimethylol Hexyllactone Crosspolymer
17658,acrylates/C10-30 Alkyl Acrylate Crosspolymer
17659,sodium Metaphosphate
17660,alcohol
17661,disodium Edta
17662,sodium Metabisulfite
17663,prunus Yedoensis Leaf Extract
17664,phenoxyethanol
17665,benzoic Acid
17666,titanium Dioxide
17667,iron Oxids
17668,Purpose Avobenzone 2.5%
17669,Octocrylene 3.0%']
17670,Hydrogenated Dimer Dilinoleyl Peg-44/Poly(1
17671,2-Butanediol)-15 Dimethyl Ether
17672,Artemisia Princeps Leaf Extract.']
17673,PEG-400
17674,Coix Lacryma-Jobi Ma-Yuen Seed Extract
17675,Potentilla Erecta Root Extract.']
17676,Zanthoxylum Piperitum Peel Extract
17677,Copernicia Cerifera (Carnauba) Wax (Copernicia Cerifera Cera/Cire De Carnauba)
17678,Beta-Carotene (CI 75130)
17679,Bupleurum Falcatum Root Extract.']
17680,['Shiseido Benefiance Wrinkle Smoothing Eye Cream:'
17681,'Water(Aqua/Eau)
17682,Palmitoyl Tetrapeptide-7.'
17683,'Shiseido Ultimune Power Infusing Concentrate:'
17684,Ganoderma Lucidum (Mushroom) Stem Extract.'
17685,'Shiseido Benefiance Wrinkle Smoothing Day Cream SPF 23 Sunscreen:'
17686,Avobenzone 2.0%
17687,Oxybenzone 1.5%']
17688,['Shiseido Urban Environment Oil-Free Sunscreen Broad-Spectrum SPF 42:'
17689,Zinc Oxide 15.5%'
17690,'Shiseido Clarifying Cleansing Foam:'
17691,Sodium Lauryl Sulfate.'
17692,['Benefiance Wrinkle Smoothing Cream Enriched:'
17693,Chlorella Vulgaris Extract:'
17694,'Clarifying Cleansing Foam:'
17695,'Ultimune Power Infusing Concentrate III:'
17696,'Benefiance Wrinkle Smoothing Eye Cream:'
17697,Lactobacillus/Rice Ferment
17698,Camellia Kissi / Camellia Kissi Seed Oil
17699,Camellia Kissi/Camellia Kissi Seed Oil
17700,['Paraffinum Liquidum/Mineral Oil/Huile Minerale
17701,Peg-45M
17702,Vinylamine/Vinylformamide
17703,Copernicia
17704,Cerifera Cera
17705,Hydrogenated Styrene
17706,Butadiene Copolymer
17707,Ci 77891
17708,Va/Crotonates Copolymer
17709,Peg-40
17710,Ci 42090/Acid Blue 9 Aluminum Lake
17711,Paeonia Albiflora Flower Extract
17712,CI 15985/Yellow 6
17713,Gentiana Lutea Extract/Gentiana Lutea Root Extract
17714,Vp/Acrylates/Lauryl Methacrylate Copolymer
17715,Benzyl Benzoate Alpha-Isomethyl Ionone
17716,Cryptomeria Japonica Bud Extract Tocopherol
17717,Maris Aqua/Sea Water
17718,Ppg-5-Buteth-5
17719,Maris Aqua / Sea Water
17720,Maris Sal / Sea Salt / Sel Marin
17721,Angelica Keiskei Leaf/Stem Extract.']
17722,Argania Spinose Kernel Oil
17723,Mipa-Laureth Sulfate
17724,Peg-18 Castor Oil Dioleate
17725,Ci 60730/Ext Violet 2
17726,Pg-Propyl Sllanetriol
17727,250ml/8fl.Oz Butylphenyl Methylpropional
17728,Ricinus Communis (Castor) Seed Oil (Ricinus Communist Seed Oil)
17729,Hydrogenated Castor Oil. May contain: Mica
17730,Red 6 (CI 15850) Red 7 Lake (CI 15859)
17731,Vinyl Dimethicone/Methadone Silsesquioxane Crosspolymer
17732,Tocopherol. May contain: Mica
17733,Butyrospermum Parkii Butter (Butyrospermum Parkii (Shea) Butter)
17734,Caprylic/Capric Triglyceride May Contain Ci 77891 (Titanium Dioxide)
17735,['Dewy Blush:'
17736,Helianthus Annuus Seed Wax (Helianthus Annuus (Sunflower) Seed Wax)
17737,Camellia Sinensis Leaf Extract May Contain'
17738,'Ci 77891 (Titanium Dioxide)
17739,'Matte Blush:'
17740,Cera Microcristallin (Microcrystalline Wax)
17741,Behenoxy Dimethicone
17742,Tocopherol May Contain Ci 77491 (Iron Oxides)
17743,Silica May Contain Ci 42090 (Blue 1 Lake)
17744,Ci 77491(Iron Oxides)
17745,['Acrylate Copolymer.']
17746,['Galactomyces Ferment Filtrate*
17747,Galactomyces Ferment Filtrate (Pitera)
17748,Methylparaben.']
17749,Methylsilanol Tri-Peg-8 Glyceryl Cocoate
17750,Zantedeschia Aethiopica Flower/Stem Extract
17751,Ci 77492.']
17752,Saccharomycopsis Ferment Filtrate*
17753,PEG-20 Sorbitan Cocoate
17754,PEG-11 Methyl Ether Dimethicone
17755,Citrus Reticulata Peel Extract/Citrus Reticulata (Tangerine) Peel Extract
17756,Galactomyces Ferment Filtrate*
17757,Peg-20 Sorbitan Cocoate
17758,Zea Mays Oil/Zea Mays (Corn) Oil
17759,Ci 75130 (Beta-Carotene).']
17760,['Facial Treatment Clear Lotion:'
17761,'Facial Treatment Essence:'
17762,'Galactomyces Ferment Filtrate*
17763,Sorbic Acid.Facial Treatment Mask:'
17764,Sucrose Polycottonseedate
17765,Palmitoyl Dipeptide-7
17766,Hexapeptide-3
17767,Polysorbate 65
17768,['Facial Treatment Cleanser:'
17769,Stearamide AMP
17770,Hydroxyphenyl Propamidobenzoic Acid.'
17771,'Facial Treatment Essence (Pitera Essence):'
17772,'SKINPOWER Airy Milky Lotion:'
17773,Zantedeschia Aethiopica Flower/Stem Extract.']
17774,'Butylene Glycol'
17775,Oryza Sativa (Rice) Bran Extract'
17776,Brassica Rapa (Turnip) Leaf Extract
17777,'Brassica Oleracea Capitata (Cabbage) Leaf Extract
17778,Apium Graveolens (Celery) Extract
17779,'Carbomer'
17780,'Sodium Polyacrylate
17781,'Hydrolyzed Starfish Extract
17782,Betaine'
17783,'Disodium EDTA
17784,Jojoba Seed Oil/Macadamia Seed Oil Esters
17785,['Supports a balanced skin microbiome for a healthy and protected skin barrier.'
17786,Leptospermone
17787,Flavesone
17788,Isoleptospermone
17789,['Water (Eau)
17790,Panax Quinquefolium Root Extract
17791,Polydextrose.']
17792,Caprylyl-Caprylate/Caprate
17793,Moringa Oil/hydrogenated Moringa Oil Esters
17794,Oligopeptide-3
17795,Myrica Cerifera (Bayberry) Fruit Extract
17796,Prunus Lannesiana (Cherry Blossom) Flower Extract
17797,Camellia Sinensis (Green Tea) Leaf Extract Glycyrrhiza Glabra (Licorice) Root Extract
17798,'(only 0.005% Glycerin).']
17799,Prunus Lannesiana Flower Extract
17800,Polyglceryl-2 Stearate
17801,Isosorbide Disunflowerseedate
17802,Olea Europaea (Olive) Husk Oil
17803,Chlorophyllin-Copper Complex (Ci 75810).']
17804,Caprylyl–Caprylate/ Caprate
17805,['Hand Repair Cream:'
17806,Caprylyl–Caprylate/Caprate
17807,Polyglyceryl-2-Stearate
17808,'Foaming Oil Body Wash:'
17809,'Targeted Body Balm:'
17810,'Dermatitis Face Balm:'
17811,['barrier+ Triple Lipid-Peptide Cream:'
17812,Dilinoleic Acid/ Propanediol Copolymer
17813,'barrier+ Triple Hyaluronate Serum:'
17814,'barrier+ Triple Lipid Boost 360° Eye Cream:'
17815,'barrier+ Foaming Oil Cleanser:'
17816,Theobroma Grandiflorum (Cupuaçu) Seed Butter
17817,Allantoin 0.5%']
17818,['acne+ 2% BHA Cleanser:'
17819,'acne+ 2% BHA Acne Spot Treatment:'
17820,['Sugar Cane Alcohol Denat.
17821,Parfum/fragrance
17822,3-Benzodioxole-5-carboxaldehyde (heliotrope note/safe synthetic)
17823,4-Dioxacycloheptadecane-5
17824,17-dione (musk note/safe synthetic)
17825,6-Nonadien-3-ol
17826,7-dimethyl (freesia note/safe synthetic)
17827,1-Propanol
17828,2-[1-(3
17829,3-dimethyl-cyclohexyl)ethoxy]-2-methyl-
17830,propanoate (musk note/safe synthetic)
17831,2(3H)-Furanone
17832,dihydro-5-pentyl (coconut note/safe synthetic)
17833,2H-Pyran-2-one
17834,6-heptyltetrahydro (fruit note/safe synthetic)
17835,2h-Pyran-4-ol
17836,tetrahydro-4-methyl-2-(2-methylpropyl) (Lily of the valley note/safe synthetic)
17837,3-Cyclopentene-1-butanol
17838,.alpha.
17839,.beta.
17840,3-pentamethyl (woody note/safe synthetic)
17841,4H-Pyran-4-one
17842,2-ethyl-3-hydroxy (brown sugar note/safe synthetic)
17843,3-ethoxy-4-hydroxy (powdery note/safe synthetic)
17844,4-hydroxy-3-methoxy (gourmand note/safe synthetic)
17845,Benzoic acid
17846,2-hydroxy-
17847,(3Z)-3-hexen-1-yl ester (floral note/safe synthetic)
17848,(ethoxymethoxy) (woody note/safe synthetic)
17849,Cyclopentaneacetic acid
17850,3-oxo-2-pentyl-
17851,methyl ester (floral note/safe synthetic)
17852,Ethanone
17853,8-octahydro-2
17854,8-tetramethyl-2-naphthalenyl) (cedarwood note/safe synthetic)
17855,Naphtho[2
17856,1-b]furan
17857,dodecahydro-3a
17858,9a-tetramethyl (amber note/safe synthetic)
17859,Cedarwood Oil (woody note/botanical)
17860,oxybis (solvent/safe synthetic)
17861,Tetradecanoic acid
17862,1-methylethyl ester (solvent/safe synthetic)
17863,aqua/water/eau.']
17864,['Salt Air:'
17865,'Sugar Cane Alcohol Denat.
17866,Ambrofix (Amber Note/Safe Synthetic)
17867,Benzyl Acetate (Jasmine Note/Safe Synthetic)
17868,Bornyl Acetate (Balsamic Note/Safe Synthetic)
17869,Butyl Cyclohexyl Acetate (Woody Note/Safe Synthetic)
17870,Calone (Melon Note/Safe Synthetic)
17871,Caryophyllene (Spicy Note/Safe Synthetic)
17872,Cyclamen Aldehyde (Cyclamen Note/Safe Synthetic)
17873,Dihydro Myrcenol (Citrus Note/Safe Synthetic)
17874,Dipropylene Glycol (Solvent/Safe Synthetic)
17875,Ethyl Vanillin (Vanilla Note/Safe Synthetic)
17876,Ethylene Brassylate (Musk Note/Safe Synthetic)
17877,Evernyl (Mossy Note/Safe Synthetic)
17878,Fennaldehyde (Floral Note/Safe Synthetic)
17879,Floralozone (Marine Note/Safe Synthetic)
17880,Florosa (Floral Note/Safe Synthetic)
17881,Habanolide (Musk Note/Safe Synthetic)
17882,Hedione (Jasmine Note/Safe Synthetic)
17883,Hexenyl-3-Cis Salicylate (Floral Green Note/Safe Synthetic)
17884,Hexyl Salicylate (Herbal Note/Safe Synthetic)
17885,Isobutyl Salicylate (Orchid Note/Safe Synthetic)
17886,Mahonial (Magnolia Note/Safe Synthetic)
17887,Mefrosol (Rose Note/Safe Synthetic)
17888,Methyl Cedryl Ketone (Woody Note/Safe Synthetic)
17889,Prunolide (Coconut Note/Safe Synthetic)
17890,Radjanol (Woody Note/Safe Synthetic)
17891,Santacore (Sandalwood Note/Safe Synthetic)
17892,Sylkolide (Musk Note/Safe Synthetic)
17893,Terpineol (Herbal Note/Safe Synthetic)
17894,Thibetolide (Musk Note/Safe Synthetic)
17895,Trimofix O (Woody Note/Safe Synthetic)
17896,'Isle Escape:'
17897,3-Dioxolane
17898,2-[6-Methyl-8-(1-Methylethyl)Bicyclo[2.2.2]Oct-5-En-2-Yl]- (Floral Note/Safe Synthetic)
17899,4-Cyclohexyl-2-Methyl-2-Butanol (Floral Note/Safe Synthetic)
17900,5-Cyclopentadecen-1-One
17901,3-Methyl (Musk Note/Safe Synthetic)
17902,Cyclamen Dldehyde (Floral Note/Safe Synthetic)
17903,Ethylene Dodecanedioate (Musk Note/Safe Synthetic)
17904,Heliotropine (Floral Note/Safe Synthetic)
17905,Ionone (Floral Note/Safe Synthetic)
17906,Methyldihydrojasmonate (Jasmine Note/Safe Synthetic)
17907,1-B]Furan
17908,Dodecahydro-3a
17909,9a-Tetramethyl-
17910,(3ar
17911,5as
17912,9as
17913,9br)- (Woody Note/Safe Synthetic)
17914,Octahydrocoumarin (Balsamic Note/Safe Synthetic)
17915,Oxacyclohexadec-12-En-2-One
17916,(12e)- (Musk Note/Safe Synthetic)
17917,Pentadecalactone (Musk Note/Safe Synthetic)
17918,Sandalore (Sandalwood Note/Safe Synthetic)
17919,Tetramethyl Acetyloctahydronaphthalenes (Woody Note/Safe Synthetic)
17920,Triethyl Citrate (Solvent/Botanical)
17921,Trimethylcyclopentenyl Dimethylisopentenol (Woody Note/Safe Synthetic)
17922,'Capri Summer:'
17923,2-D]-1
17924,3-Dioxin (Floral Note/Safe Synthetic)
17925,2-T-Butylcyclohexyl Acetate (Fruity Note/Safe Synthetic)
17926,5-Trimethylhex-2-Ene (Citrus Note/Safe Synthetic)
17927,Allyl Caproate (Fruity Note/Safe Synthetic)
17928,Dihydro Pentamethylindanone (Amber Note/Safe Synthetic)
17929,Formaldehyde Cyclododecyl Ethyl Acetal (Woody Note/Safe Synthetic)
17930,Gamma-Undecalactone (Fruity Note/Safe Synthetic)
17931,Hexyl Salicylate (Floral Note/Safe Synthetic)
17932,Linalyl Acetate (Floral Note/Safe Synthetic)
17933,Methyl Decenol (Green Note/Safe Synthetic)
17934,Methylbenzyl Acetate (Green Note/Safe Synthetic)
17935,Methylcyclohexenyl Butanol (Floral Note/Safe Synthetic)
17936,Methyldihydrojasmonate (Floral Note/Safe Synthetic)
17937,9br) (Amber Note
17938,Safe Synthetic)
17939,Oxacycloheptadec-10-Ene-2-One (Musk Note/Safe Synthetic)
17940,(12e) (Musk Note/Safe Synthetic)
17941,Phenylisohexanol (Floral Note/Safe Synthetic)
17942,P-Menthan-7-Ol (Floral Note/Safe Synthetic)
17943,'Pink Canyon:'
17944,17-Dione (Musk Note/Safe Synthetic)
17945,6-Nonadien-3-Ol
17946,7-Dimethyl- (Freesia Note/Safe Synthetic)
17947,3-Dimethyl-Cyclohexyl)Ethoxy]-2-Methyl-
17948,Propanoate (Musky Note/Safe Synthetic)
17949,6-Octadien-1-Ol
17950,7-Dimethyl-
17951,Acetate
17952,(E)- (Pear Note/Safe Synthetic)
17953,2h-Pyran-4-Ol
17954,Tetrahydro-4-Methyl-2-(2-Methylpropyl)- (Lily Of The Valley Note/Safe Synthetic)
17955,Cyclohexanemethanol
17956,4-(1-Methylethyl)-
17957,Cis- (Floral Note/Safe Synthetic)
17958,Cyclohexanone
17959,5-Tetramethyl- (Woody Note/Safe Synthetic)
17960,Cyclopentaneacetic Acid
17961,3-Oxo-2-Pentyl-
17962,Methyl Ester (Floral Note/Safe Synthetic)
17963,8-Tetramethyl-2-Naphthalenyl)- (Woody Note/Safe Synthetic)
17964,[3ar (3a.Alpha.
17965,5a.Beta.
17966,9a.Alpha.
17967,9b.Beta.)]- (Amber Note/Safe Synthetic)
17968,(12e)- (Musky Note/Safe Synthetic)
17969,Oxacyclohexadecan-2-One (Musk Note/Safe Synthetic)
17970,Propanoic Acid
17971,2-Methyl-
17972,2-Phenoxyethyl Ester (Apple Note/Safe Synthetic)
17973,Oxybis- (Solvent/Safe Synthetic)
17974,'Propyl (2s)-2-(1
17975,1-Dimethylpropoxy)-Propanoate (Floral Note/Safe Synthetic)
17976,'Vanilla Sky:'
17977,3-Benzodioxole-5-Carboxaldehyde (Heliotrope Note/Safe Synthetic)
17978,7-Dimethyl (Freesia Note/Safe Synthetic)
17979,Propanoate (Musk Note/Safe Synthetic)
17980,2(3h)-Furanone
17981,Dihydro-5-Pentyl (Coconut Note/Safe Synthetic)
17982,2h-Pyran-2-One
17983,6-Heptyltetrahydro (Fruit Note/Safe Synthetic)
17984,Tetrahydro-4-Methyl-2-(2-Methylpropyl) (Lily Of The Valley Note/Safe Synthetic)
17985,3-Cyclopentene-1-Butanol
17986,.Alpha.
17987,.Beta.
17988,3-Pentamethyl (Woody Note/Safe Synthetic)
17989,4h-Pyran-4-One
17990,2-Ethyl-3-Hydroxy (Brown Sugar Note/Safe Synthetic)
17991,3-Ethoxy-4-Hydroxy (Powdery Note/Safe Synthetic)
17992,4-Hydroxy-3-Methoxy (Gourmand Note/Safe Synthetic)
17993,2-Hydroxy-
17994,(3z)-3-Hexen-1-Yl Ester (Floral Note/Safe Synthetic)
17995,(Ethoxymethoxy) (Woody Note/Safe Synthetic)
17996,8-Tetramethyl-2-Naphthalenyl) (Cedarwood Note/Safe Synthetic)
17997,9a-Tetramethyl (Amber Note/Safe Synthetic)
17998,Cedarwood Oil (Woody Note/Botanical)
17999,Oxybis (Solvent/Safe Synthetic)
18000,Tetradecanoic Acid
18001,1-Methylethyl Ester (Solvent/Safe Synthetic)
18002,['Organic Sugar Cane Alcohol Denat.
18003,3-Benzodioxole-5-Carboxaldehyde (Floral Note / Safe Synthetic)
18004,17-Dione (Musk Note / Safe Synthetic)
18005,7-Dimethyl- (Freesia Note / Safe Synthetic)
18006,6-Octadien-3-Ol
18007,3-Acetate (Bergamot Note / Safe Synthetic)
18008,Dihydro-5-Pentyl- (Coconut Note / Safe Synthetic)
18009,Dihydro-5-Propyl- (Almond Note / Safe Synthetic)
18010,2-Hexene
18011,5-Trimethyl- (Fruity Note / Safe Synthetic)
18012,Tetrahydro-4-Methyl-2-(2-Methylpropyl)- (Lily Of The Valley Note / Safe Synthetic)
18013,4-Hydroxy-3-Methoxy- (Gourmand Note / Safe Synthetic)
18014,(3Z)-3-Hexen-1-Yl Ester (Floral Note / Safe Synthetic)
18015,Pentyl Ester (Floral Note / Safe Synthetic)
18016,4-Trimethyl-
18017,Acetate (Woody Note / Safe Synthetic)
18018,Cis- (Floral Note / Safe Synthetic)
18019,Cyclohexanepropanol
18020,.Alpha.-Dimethyl- (Floral Note / Safe Synthetic)
18021,6-Trimethyl-.Alpha.-Propyl- (Woody Note / Safe Synthetic)
18022,Methyl Ester (Floral Note / Safe Synthetic)
18023,(12E)- (Musk Note / Safe Synthetic)
18024,Oxybis- (Solvent / Safe Synthetic)
18025,1-Methylethyl Ester (Solvent / Safe Synthetic)
18026,Aqua / Water / Eau.']
18027,6-Trimethylcyclohexyl)-3-Hexanol
18028,3-(5
18029,6-Trimethylbicyclo[2.2.1]Hept-2-Yl)Cyclohexan-1-Ol
18030,3-Methyl
18031,(1-Oxopropoxy)-
18032,3-Dimethylcyclohexyl)Ethyl Ester
18033,Α-Phellandrene
18034,Dimethylcyclohexylethoxy
18035,Isobutylpropanoate
18036,Ethyl Trimethylcyclopentene Butenol
18037,9br)
18038,Oxacycloheptadec-10-Ene-2-One
18039,(12E)
18040,Pentadecalactone  Sandalore
18041,Tetramethyl Tricyclo Undecane
18042,Ambrofix (amber note/safe synthetic)
18043,Benzyl acetate (jasmine note/safe synthetic)
18044,Bornyl acetate (balsamic note/safe synthetic)
18045,Butyl cyclohexyl acetate (woody note/safe synthetic)
18046,Calone (melon note/safe synthetic)
18047,Caryophyllene (spicy note/safe synthetic)
18048,Cyclamen aldehyde (cyclamen note/safe synthetic)
18049,Dihydro myrcenol (citrus note/safe synthetic)
18050,Dipropylene glycol (solvent/safe synthetic)
18051,Ethyl vanillin (vanilla note/safe synthetic)
18052,Ethylene brassylate (musk note/safe synthetic)
18053,Evernyl (mossy note/safe synthetic)
18054,Fennaldehyde (floral note/safe synthetic)
18055,Floralozone (marine note/safe synthetic)
18056,Florosa (floral note/safe synthetic)
18057,Habanolide (musk note/safe synthetic)
18058,Hedione (jasmine note/safe synthetic)
18059,Hexenyl-3-cis salicylate (floral green note/safe synthetic)
18060,Hexyl salicylate (herbal note/safe synthetic)
18061,Isobutyl salicylate (orchid note/safe synthetic)
18062,Mahonial (magnolia note/safe synthetic)
18063,Mefrosol (rose note/safe synthetic)
18064,Methyl cedryl ketone (woody note/safe synthetic)
18065,Prunolide (coconut note/safe synthetic)
18066,Radjanol (woody note/safe synthetic)
18067,Santacore (sandalwood note/safe synthetic)
18068,Sylkolide (musk note/safe synthetic)
18069,Terpineol (herbal note/safe synthetic)
18070,Thibetolide (musk note/safe synthetic)
18071,Trimofix O (woody note/safe synthetic)
18072,2-Methoxy-4-Propylphenol (Spicy Note/Safe Synthetic)
18073,3-Methyl-5-(2
18074,3-Trimethyl-3-Cyclopenten-1-Yl)Pent-4-En-2-Ol (Woody Note/Safe Synthetic)
18075,3-Dimethylcyclohexyl)Ethyl Ester (Musk Note/Safe Synthetic)
18076,Cedrol Methyl Ether (Woody Note/Safe Synthetic)
18077,Ethyl Linalool (Floral Note/Safe Synthetic)
18078,Ethyl Trimethylcyclopentene Butenol (Woody Note/Safe Synthetic)
18079,Ethyl Vanillin (Gourmand Note/Safe Synthetic)
18080,Gamma-Nonalactone (Fruity Note/Safe Synthetic)
18081,9a-Tetramethyl- (Amber Note/Safe Synthetic)
18082,Propanediol (Solvent/Safe Synthetic)
18083,Sandalore (Woody Note/Safe Synthetic)
18084,Vanillin (Gourmand Note/Safe Synthetic)
18085,A-Methylcinnamaldehyde (Spicy Note/Safe Synthetic)
18086,7-dimethyl- (freesia note/safe synthetic)
18087,propanoate (musky note/safe synthetic)
18088,6-Octadien-1-ol
18089,7-dimethyl-
18090,acetate
18091,(E)- (pear note/safe synthetic)
18092,tetrahydro-4-methyl-2-(2-methylpropyl)- (Lily of the valley note/safe synthetic)
18093,4-(1-methylethyl)-
18094,cis- (floral note/safe synthetic)
18095,5-tetramethyl- (woody note/safe synthetic)
18096,8-tetramethyl-2-naphthalenyl)- (woody note/safe synthetic)
18097,9a-tetramethyl-
18098,[3aR (3a.alpha.
18099,5a.beta.
18100,9a.alpha.
18101,9b.beta.)]- (amber note/safe synthetic)
18102,Oxacyclohexadec-12-en-2-one
18103,(12E)- (musky note/safe synthetic)
18104,Oxacyclohexadecan-2-one (musk note/safe synthetic)
18105,Propanoic acid
18106,2-methyl-
18107,2-phenoxyethyl ester (apple note/safe synthetic)
18108,oxybis- (solvent/safe synthetic)
18109,'Propyl (2S)-2-(1
18110,1-dimethylpropoxy)-propanoate (floral note/safe synthetic)
18111,2-d]-1
18112,3-dioxin (floral note/safe synthetic)
18113,2-t-Butylcyclohexyl Acetate (fruity note/safe synthetic)
18114,4-Cyclohexyl-2-methyl-2-butanol (floral note/safe synthetic)
18115,5-Cyclopentadecen-1-one
18116,3-methyl (musk note/safe synthetic)
18117,5-trimethylhex-2-ene (citrus note/safe synthetic)
18118,Allyl Caproate (fruity note/safe synthetic)
18119,Dihydro Pentamethylindanone (amber note/safe synthetic)
18120,Dipropylene Glycol (solvent/safe synthetic)
18121,Ethylene Brassylate (musk note/safe synthetic)
18122,Formaldehyde cyclododecyl ethyl acetal (woody note/safe synthetic)
18123,Gamma-Undecalactone (fruity note/safe synthetic)
18124,Hexyl Salicylate (floral note/safe synthetic)
18125,Linalyl Acetate (floral note/safe synthetic)
18126,Methyl Decenol (green note/safe synthetic)
18127,Methylbenzyl Acetate (green note/safe synthetic)
18128,Methylcyclohexenyl Butanol (floral note/safe synthetic)
18129,Methyldihydrojasmonate (floral note/safe synthetic)
18130,(3aR
18131,5aS
18132,9aS
18133,9bR) (amber note
18134,safe synthetic)
18135,Oxacycloheptadec-10-ene-2-one (musk note/safe synthetic)
18136,(12E) (musk note/safe synthetic)
18137,Phenylisohexanol (floral note/safe synthetic)
18138,p-Menthan-7-ol (floral note/safe synthetic)
18139,Tetramethyl Acetyloctahydronaphthalenes (woody note/safe synthetic)
18140,Triethyl Citrate (solvent/botanical)
18141,3-Benzodioxole-5-Propanal
18142,.Alpha.-Methyl
18143,17-Dione
18144,10-Dodecatrien-3-Ol
18145,11-Trimethyl
18146,7-Dimethyl
18147,Propanoate
18148,(E)
18149,2H-Pyran-2-One
18150,Tetrahydro-6-(3-Pentenyl)
18151,Tetrahydro-4-Methyl-2-(2-Methylpropyl)
18152,Phenylmethyl Ester
18153,Benzeneethanol Benzoic Acid
18154,(3Z)-3-Hexen-1-Yl Ester
18155,Cis
18156,Cyclohexanol
18157,2-(1
18158,1-Dimethylethyl)-
18159,Methyl Ester
18160,8-Tetramethyl-2-Naphthalenyl)
18161,Indeno[1
18162,3-Dioxin
18163,9b-Tetrahydro-2
18164,4-Dimethyl
18165,Oxacyclohexadecan-2-One
18166,Oxybis
18167,Propyl (2S)-2-(1
18168,1-Dimethylpropoxy)-Propanoate Tetradecanoic Acid
18169,1-Methylethyl Ester.']
18170,2-[6-Methyl-8-(1-Methylethyl)Bicyclo[2.2.2]Oct-5-En-2-Yl]- (Floral Note / Safe Synthetic)
18171,4-Cyclohexyl-2-Methyl-2-Butanol (Floral Note / Safe Synthetic)
18172,3-Methyl (Musk Note / Safe Synthetic)
18173,Cyclamen Dldehyde (Floral Note / Safe Synthetic)
18174,Dipropylene Glycol (Solvent / Safe Synthetic)
18175,Ethylene Dodecanedioate (Musk Note / Safe Synthetic)
18176,Heliotropine (Floral Note / Safe Synthetic)
18177,Ionone (Floral Note / Safe Synthetic)
18178,Methyldihydrojasmonate (Jasmine Note / Safe Synthetic)
18179,9br)- (Woody Note / Safe Synthetic)
18180,Octahydrocoumarin (Balsamic Note / Safe Synthetic)
18181,(12e)- (Musk Note / Safe Synthetic)
18182,Pentadecalactone (Musk Note / Safe Synthetic)
18183,Sandalore (Sandalwood Note / Safe Synthetic)
18184,Tetramethyl Acetyloctahydronaphthalenes (Woody Note / Safe Synthetic)
18185,Triethyl Citrate (Solvent / Botanical)
18186,Trimethylcyclopentenyl Dimethylisopentenol (Woody Note / Safe Synthetic)
18187,['Soy Coconut Wax Blend
18188,7-Dimethyl-(Freesia Note/Safe Synthetic)
18189,2 (3H)-Furanone
18190,Dihydro-5-Pentyl-(Coconut Note/Safe Synthetic)
18191,2-Buten-1-Ol
18192,2-Ethyl-4-(2
18193,3-Trimethyl-3-Cyclopenten-1-Yl)-(Sandalwood Note/Safe Synthetic)
18194,6-Heptyltetrahydro-(Lactonic Fruit Note/Safe Synthetic)
18195,Tetrahydro-4-Methyl-2-(2-Methylpropyl)-(Lily Of The Valley Note/Safe Synthetic)
18196,4H-Pyran-4-One
18197,2-Ethyl-3-Hydroxy-(Brown Sugar Note/Safe Synthetic)
18198,3-Ethoxy-4-Hydroxy-(Powdery Note/Safe Synthetic)
18199,2-Hydroxy-Hexyl Ester (Floral Note/Safe Synthetic)
18200,Cis-(Floral Note/Safe Synthetic)
18201,8-Tetramethyl-2-Naphthalenyl)-(Woody Note/Safe Synthetic)
18202,Oxybis-(Sovent/Safe Synthetic)
18203,1-Methylethyl Ester (Solvent/Safe Synthetic).']
18204,3-Benzodioxole-5-propanal
18205,.alpha.-methyl (Lily of the valley note/safe synthetic)
18206,(E) (pear note/safe synthetic)
18207,2-Buten-1-ol
18208,2-ethyl-4-(2
18209,3-trimethyl-3-cyclopenten-1-yl) (sandalwood note/safe synthetic)
18210,3-Buten-2-one
18211,4-(2
18212,6-trimethyl-1-cyclohexen-1-yl)-
18213,(E) (violet note/safe synthetic)
18214,4H-Inden-4-one
18215,7-hexahydro-1
18216,3-pentamethyl (amber note/safe synthetic)
18217,7-Octen-2-ol
18218,6-dimethyl (bergamot note/safe synthetic)
18219,hexyl ester (floral note/safe synthetic)
18220,6-trimethylbicyclo[2.2.1]hept-2-yl) (woody note/safe synthetic)
18221,5-tetramethyl (woody note/safe synthetic)
18222,3-dioxin
18223,9b-tetrahydro-2
18224,4-dimethyl (floral note/safe synthetic)
18225,3-Benzodioxole-5-Carboxaldehyde (Floral Note/Safe Synthetic)
18226,3-Acetate (Bergamot Note/Safe Synthetic)
18227,Dihydro-5-Pentyl- (Coconut Note/Safe Synthetic)
18228,Dihydro-5-Propyl- (Almond Note/Safe Synthetic)
18229,5-Trimethyl- (Fruity Note/Safe Synthetic)
18230,4-Hydroxy-3-Methoxy- (Gourmand Note/Safe Synthetic)
18231,PENTYL ESTER (FLORAL NOTE/SAFE SYNTHETIC)
18232,CYCLOHEXANEMETHANOL
18233,.ALPHA.
18234,Acetate (Woody Note/Safe Synthetic)
18235,.ALPHA.-DIMETHYL- (FLORAL NOTE/SAFE SYNTHETIC)
18236,CYCLOHEXANEPROPANOL
18237,6-TRIMETHYL-.Alpha.-Propyl- (Woody Note/Safe Synthetic)
18238,['100% high-grade (6A) long-fiber mulberry silk with a thickness of 22 momme.']
18239,['100% Mulberry Silk Outer and Inner Layers
18240,100% Cotton Middle layer
18241,Adjustable Nose Wire
18242,Adjustable Elastic Ear Loops.']
18243,['100% Slipsilk (Exclusive of Elastic and Crystals)
18244,Made from 100% Highest Grade (6A) Long Fiber Mulberry Silk with a Thickness of 22 Momme.']
18245,['Outer 100% silk (exclusive of elastic and piping)
18246,100% PU foam (exclusive of silk liner).']
18247,['Pillowcase: Made from 100% highest grade (6A) long fiber mulberry silk with a thickness of 22 momme
18248,with invisible zipper.'
18249,'Skinny Scrunchies: Made from 100% highest grade (6A) long fiber mulberry silk with a thickness of 22 momme (exclusive of elastic).']
18250,[+/- Blue 1 Lake (CI 42090)
18251,Camellia Oleifera Leaf Extract.']
18252,['Headliner
18253,Studded
18254,Riot Girl:'
18255,Phenoxyethanol. May Contain (+/-): Titanium Dioxide (Ci 77891)
18256,'Punked
18257,Anarkissed
18258,Soft Punch
18259,Destroyer
18260,Combat Boots:'
18261,Ci 77499)] <ILN39126>Rds Product Name Contour Palette Division.']
18262,Tetramethyl Hexaphenyl Tetrasiloxane
18263,Phenyl Methicone
18264,Titanium Dioxide (Ci 77891)] <ILN39034>.']
18265,'Highlight:'
18266,'Matte Bronze
18267,Matte Blush
18268,Shimmer Bronze Highlight:'
18269,Phenoxyethanol. May Contain (+/-): Iron Oxides
18270,(Ci 77491
18271,'Shimmer Highlight:'
18272,Propylene Glycol.']
18273,Bambusa Arundinacea (Bamboo) Stem  Powder
18274,BHT. May Contain (+/-): Mica
18275,Chromium Oxide Greens.']
18276,Peat Extract
18277,Ferric Ferrocyanide (Ci 77510)] <Iln50222>.']
18278,Yellow 5 Lake (Ci 19140)] <ILN38535>.']
18279,Ci 77499) <ILN39165>.']
18280,Triethyl CItrate
18281,Hdi/trimethylol Hexyllactone Crosspolymer
18282,Microcrystalline Wax\\cera Microcristallina\\cire Microcristalline
18283,Yellow 5 Lake (CI 19140)] <ILN50199>.']
18284,Copernicia Cerifera (Carnauba) Wax/ Copernicia Cerifera Cera
18285,Potassium Sorbate.  May Contain (+/-): Mica
18286,Ci 77499)] <ILN38988>Rds Product Name Brow Tech To Go - Brow Gel End Division.']
18287,Yellow 6 Lake (CI 15985)] <ILN46583>']
18288,Rhus Succedanea (Japan) Fruit Wax
18289,Yellow 5 Lake (Ci 19140)] <ILN42979>.']
18290,Iron Oxides (CI 77499)].']
18291,Titanium Dioxide 3.1%
18292,Phenoxyethanol. May Contain (+/-): Black 2 (Ci 77266)
18293,Yellow 5 Lake (Ci 19140)] <ILN43717>.']
18294,Hordeum Vulgare Extract/Extrait D’orge
18295,Laureth- 8
18296,Paeonia Albiflora Peony Root Extract
18297,Polysorbate
18298,Fragrance Parfum
18299,Potassium Sorbate <Iln 50224>.']
18300,['Photo Finish Correct Anti-Redness Primer:'
18301,'Photo Finish Revitalize 8-in-1 Primer Essence:'
18302,['Photo Finish Endurance Breathable Setting Spray:'
18303,'The Original Photo Finish Smooth & Blur Primer:'
18304,Propylene Glycol.'
18305,'Photo Finish Intensify 24 Hour Shadow Primer:'
18306,Glycine soja (Soybean) Oil
18307,Hydroxypinacolone
18308,Butyrospermum parkii(Shea) Butter
18309,Macadamia ternifolia Seed Oil
18310,Rosa moschata Seed Oil
18311,Rosmarinus officinalis (Rosemary) Leaf Extract
18312,Zingiber officinale (Ginger) Root Extract
18313,Chamomilla recutita (Matricaria) Flower Extract
18314,Cucumis sativus (Cucumber) Fruit Extract
18315,Phenoxyethnaol
18316,Ethoxydiglycol Galactoarabinan
18317,Ceramide III
18318,Cucumber Extract
18319,Eyebright Extract
18320,Steareth- 20
18321,3-O Ethyl Ascorbic Acid
18322,'Hydroxyethyl Acrylate/Sodium Acryloyldimethyl Taurate Copolymer
18323,Amino esters-1
18324,Ilex Guayusa Leaf Extract
18325,['Brazilian Bum Bum Cream:'
18326,Cocos Nucifera (Coconut/Noix De Coco) Oil
18327,Daucus Carota Sativa (Carrot/Carotte) Seed Oil
18328,Bertholletia Excelsa (Brazil Nut/Noix du Brésil) Seed Oil
18329,'Brazilian 4 Play Moisturizing Shower Cream Gel:'
18330,Cocos Nucifera (Coconut/Noix de Coco) Oil.'
18331,'Brazilian Crush Body Fragrance Mist:'
18332,Butylene/Ethylene/Propylene/Styrene Copolymer
18333,Euterpe Oleracea (Açaì) Fruit Oil
18334,Euterpe Oleracea (Açaí) Fruit Oil
18335,Caryodendron Orinocense (Cacay) Seed Oil
18336,Collagen Amino Acid
18337,Astrocaryum Vulgare (Tucumã) Kernel Oil
18338,Spondias Mombin (Caja) Pulp Extract
18339,Paullinia Cupana (Guarana) Fruit Extract
18340,Ptychopetalum Olacoides (Muirapuama) Bark/Root Extract
18341,Plinia Cauliflora (Jabuticaba) Fruit Extract
18342,Euterpe Oleracea (Acai) Fruit Oil
18343,Theobroma Grandiflorum (Cupuaçu) Seed Powder
18344,Paullinia Cupana (Guaraná) Seed Extract
18345,['Organic Helianthus Annuus Seed (Sunflower) Oil
18346,Organic Cocos Nucifera (Coconut) Oil
18347,Organic Olea Europea (Extra Virgin Olive) Oil
18348,Theobroma Grandiflorum (Cupuacu)
18349,Euterpe Oleracae (Aca�) Extract Organic
18350,Cannabis Sativa Seed (Hemp) Oil
18351,Butter
18352,Aloe Vera.']
18353,Bertholletia Excelsa (Brazil Nut) Seed Oil
18354,Astrocaryum Tucumã Seed Butter
18355,Oenocarpus Bataua (Patauá) Fruit Oil
18356,Cl 40800 (Beta-Carotene).']
18357,Propanediol (Fermented Sugar/Sucre Fermenté)
18358,Cocos Nucifera (Coconut/Noix de Coco) Oil
18359,Euterpe Oleracea (Açaí/Açaï) Fruit Oil
18360,Zingiber Officinale (Ginger/Gingembre) Root Extract
18361,['Coco Cabana Cream:'
18362,Euterpe Oleracea (Açaì/Açaï) Fruit Oil
18363,'Coco Cabana Moisturizing Body Cream-Cleanser:'
18364,'Coco Cabana Hair & Body Fragrance Mist:'
18365,Cetearyl Alcoho
18366,Euterpe Oleracea (AcaÍ) Oi
18367,Aminomethyl propanol
18368,Coccina Indica Fruit Extract
18369,Ocimium Sanctum Leaf Extract
18370,Bix Orellana Seed Extract
18371,Passiflora Edulis (Passionfruit/Maracuja) Seed Powder
18372,Vaccinium Myrtillus (Bilbery) Fruit Extract
18373,Haematococcus Pluvialis Oil
18374,Rosmarinus Officinalis (Rosemary) Extract.']
18375,Guar Hydroxypropyltrimonium
18376,Parfum (Fragrance)']
18377,['Cucumis Sativus (Cucumber) Extract
18378,Artemesia Pallens Flower Oil
18379,Citrus Aurantifolia Peel Oil
18380,Citrus Limon Peel Oil
18381,Citrus Nobilis Flower Oil
18382,Citrus Sinensis Peel Oil
18383,Ethyl Acetoacetate Gamma Undecalactone
18384,Ferula Galbaniflua Resin Oil
18385,Isoamyl Acetate
18386,Jasminum Sambac Oil
18387,Opoponax Oil
18388,Salvia Sclarea Oil
18389,Homosalate 7.5%
18390,Iron Oxids
18391,Myristoyl Pentapeptide-11
18392,Pichia/resveratrol Ferment Extract
18393,Titanium Dioxide 5.37%
18394,Zinc Oxide 2.94%']
18395,Zinc Oxide 5.5%']
18396,Tridecyl Salicylate
18397,Zinc Oxide 12%.']
18398,Butyrospermum Parkii Nut Extract
18399,Curcuma Longa (Turmeric) Rhizome Oil
18400,Isoamyl Salicylate
18401,Citrus Nobilis Peel Oil
18402,Beta-Ionone
18403,Citrus Reticulata Leaf Oil
18404,Ethyl Acetoacetate
18405,Santalum Spicata Wood Oil
18406,Isojasmone
18407,Lavandula Anugustifolia Oil
18408,Abies Sibirica Needle Oil
18409,Mentha Viridis Leaf Oil
18410,Myristca Fragrans Kernel Oil
18411,Thymus Vulgaris Flower/Leaf Oil
18412,Nerol
18413,Zinc Oxide 24%']
18414,Zinc Oxide 18.9%']
18415,Malpighia Glabra (Acerola) Fruit Juice
18416,d-limonene
18417,Caprylic/capric triglyceride
18418,C12-15 Alkyl benzoate
18419,Acetamidoethoxyethanol
18420,Cetearyl alcohol
18421,Echinacea Purpurea extract
18422,Dimethyl isosorbide
18423,Decyl glucoside
18424,Coco glucoside
18425,Sodium metabisulfite
18426,['Aqua (Water/ Eau)
18427,Sodium Metabisul_te
18428,Propylene Glycol Dicaprylate/ Dicaprate
18429,Citrullus Lanatus (Watermelon) Fruit Juice
18430,Capryloyl/Capryloyl Leucine Isosorbide Esters
18431,Isosorbide
18432,['Water Dihydroxyacetone
18433,['Self Tan Purity Bronzing Water Mousse:'
18434,'Self Tan Purity Bronzing Water Face Mist:'
18435,CI 14700
18436,CI 19140
18437,CI 42090.']
18438,Prunus Armeniaca  (Apricot) Kernel Oil
18439,Castor Oil/IPDI Copolymer.']
18440,Silica. (+/-) Iron Oxides (Ci 77491
18441,Sodium Benzoate. (+/-) Black 2 (CI 77266)(Nano). <ILN C161043.2>']
18442,Tin Oxide. (+/-) Titanium Dioxide (Ci 77891)
18443,May Contain (+/-) Mica
18444,Aluminum Powder (Ci 77000) <Iln C91030>.']
18445,Zinc Oxide(Nano)
18446,Kaolin. <ILN C171016>']
18447,['Setting Powder:'
18448,Octododecyl Stearoyl Stearate
18449,Mica. (+/-) Iron Oxides (Ci 77491)
18450,'Color Correcting Cream:'
18451,Phenoxyethanol. (+/-) Titanium Dioxide (Ci 77891)
18452,Ethylhexylglycerin. (+/-) Iron Oxides (Ci 77491
18453,Carbon Black (Ci 77266) (Nano)
18454,Dextran. (+/-) Black 2 (Ci 77266) (Nano)
18455,Polyglyceryl 3 Disiloxane Dimethicone
18456,Sodium Benzoate. (+/-) Black 2 (Ci 77266) (Nano).']
18457,Hydroxyethyl Acrylate/Sodium Acryloyldimethyl Taurate Copoly Mer
18458,Myristyl Nicotinate
18459,Plukenetia Volubilis Seed Oil/Oleic Acid Aminopropanediol Amides/Esters
18460,Cyathea Cumingii Leaf Extract
18461,Lignoceryl Alcohol
18462,Bacillus/Sea Salt Ferment Filtrate
18463,Nicotiana Benthamiana Hexapeptide-40 sh-Oligopeptide-1
18464,Sodium Benzoate [ILN 30092].']
18465,Methyl Methacrylate/Glycol Dimethacrylate Crosspolymer
18466,Homosalate 7.0%
18467,Red 40 (CI 16035).']
18468,['Aqua(Water
18469,Eau de mer)
18470,Xanthium Sibiricum Fruit Extract
18471,Cyperus Rotundus Root Extract
18472,Alpinia Officinarum Root Extract
18473,['Avobenzone 2.70%
18474,Homosalate 6.30%
18475,Octisalate 4.05%
18476,Octocrylene 9.00%
18477,Nicotiana Benthanmiana Hexapeptide-40 sh-Polypeptide-76
18478,Hibiscus Sabdariffa Fruit Extract
18479,Acrylamide/ Sodium Acryloyldimethyltaurate Copolymer
18480,CI 77891 (Titanium Dioxide) [ILN 20225].']
18481,['Arabian Jasmine: Flower flavonoids strengthen thin skin and depollute impurities under eyes.'
18482,Jasminum Sambac Flower Extract
18483,Acacial Senegal Gum
18484,Ethylhexyl Stearoyl Polyhydroxystearate
18485,Trimethylolpropane Tricaprylate/ Tricaprate
18486,Pyrus Malus (Apple ) Seed Oil
18487,Actinidia Chinensis (Kiwi) Seed Oil
18488,Rubus Fruticosus (Blackberry) Seed Oil
18489,Sodium Acrylate/ Sodium Acryloyldimethyl Taurate Copolymer
18490,Linalool [ILN 10032].']
18491,['TL Advanced Tightening Neck Cream PLUS:'
18492,'SD Advanced PLUS Intensive Moisturizing Concentrate:'
18493,'Collagex-CE Complex with Copper Tripeptide and Marine Ferments
18494,White Water Lily Extract
18495,Green Bean Seed Extract
18496,Tucuma
18497,Cupuacu and Murumuru butters Aqua (Water
18498,CI 77491 (Iron Oxides)']
18499,['Quartz Crystals: Gently polish and visibly smooth rough skin
18500,leaving the body looking soft and glowing.'
18501,Linalool [ILN 10039] ']
18502,'Peptight Tightening & Brightening Face Serum:'
18503,'Peptight 360˚ Tightening Eye Serum:'
18504,'Aqua(Water
18505,['Multi Action Clear Gentle Daily Clarifying Cleanser for Acne and Breakouts:'
18506,Polygyceryl-6 Caprylate
18507,'Multi Action Clear Gentle Daily Brightening and Retexturizing Toner for Acne and Breakouts:'
18508,'Multi Action Clear Acne Clearing Treatment Lotion for Breakouts:'
18509,Honey / Mel / Miel
18510,Polygonatum Odoratum Rhizome Extract
18511,Hydrolyzed Soybean Extract
18512,Peg-8 Isostearate
18513,Pinus Koraiensis Seed Oil
18514,Spirodela Polyrhiza Extract
18515,Prunus Mume Seed Extract
18516,Nelumbo Nucifera Seed Extract.']
18517,Methoxy Peg-114/Polyepsilon Caprolactone
18518,Hydrolyzed Ginseng Saponins (Enzyme-Treated Red Ginseng Saponins)
18519,Glyceryl Arachidonate
18520,Panax Ginseng Flower Extract
18521,Tbhq
18522,['First Care Activating Serum:'
18523,Zingiber Officinale (Ginger) Root Extract.'
18524,'Gentle Cleansing Foam:'
18525,'Essential Comfort Balancing Water:'
18526,Crataegus Pinnatifida Fruit Extract
18527,Pueraria Thunbergiana Flower/Leaf/Stem Extract
18528,Beta-Glucan.'
18529,'Concentrated Ginseng Renewing Cream:'
18530,Salicornia Herbacea E.']
18531,Methoxy PEG-114/Polyepsilon Caprolactone
18532,Panax Ginseng Seed Oil
18533,Panax Ginseng Leaf/Stem Extract
18534,DI-C12-13 Alkyl Malate
18535,Polygonatum Officinale Rhizome/Root Extract
18536,Punica Granatum Flower Extract.']
18537,Polygonatum Sibiricum Root/Rhizome Powder
18538,Polygonatum Odoratum Rhizome Powder
18539,Beta-Glucan.']
18540,Panax Ginseng Root Water
18541,Prunus Mume Flower Extract
18542,Peg-15 Glyceryl Isostearate
18543,Panax Ginseng Root Powder
18544,Ammonium Acryloyldimethyl Taurate/Vp Copolymer
18545,Acrylates/C10 -30 Alkyl Acrylate Crosspolymer
18546,Rehmannia Gutinosa Root Extract
18547,Oldenlandia Diffusa Extract
18548,Hydrolyzed Ginseng Saponins (Hydrolyzed White Ginseng Saponins)
18549,['Formula 1:'
18550,Panax Ginseng Berry Extract
18551,Cyanocobalamin.'
18552,'Formula 2:'
18553,Olive Oil Peg-8 Esters
18554,Honey /Mel / Miel
18555,Hydroxyethyl Acrylate /Sodium Acryloyldimethyl Taurate Copolymer
18556,Perillaocymoides Seed Extract
18557,Hydrolyzed Proanthocyanidin
18558,Acetylheptapeptide-4
18559,Pentaerythrityl Tetra-Di-T-Butylhydroxyhydrocinnamate
18560,['Gentle Cleansing Oil:'
18561,'C12-15 Alkyl Benzoate
18562,Nelumbo Nucifera Seed Extract.'
18563,Salicornia Herbacea E.'
18564,'First Care Activating Serum:'
18565,'Essential Firming Cream:'
18566,Butylene Glycol Dicaprylate/Dicap-Rate
18567,Gly-Ceryl Stearate
18568,Paeonia Albi-Flora Root Extract
18569,Ethyl-Hexylglycerin
18570,Pueraria Loba-Ta Root Extract
18571,May Contain / Peut Contenir (+/-) Titanium Dioxide (CI 77891)
18572,['Phytosteryl/Isostearyl/Cetyl/Stearyl Behenyl Dimer Dilinoleate
18573,Orchis Mascula (Orchid) Flower Extract
18574,Cananga Odorata (Ylang Ylang) Flower Extract
18575,Cucumis Melo Cantalupensis (Cantaloupe) Fruit Extract
18576,Rose Gallica Flower Extract
18577,Cetearyl Alchol
18578,Myristica Fragrans (Nutmeg ) Kernel Oil
18579,Cinnamic Aldehyde
18580,Rosa Damascene (Bulgarian Rose) Flower Oil
18581,All Natural Fragrance
18582,Annuus (Sunflower) Seed Wax
18583,Calendula Officinalis Flower Oil
18584,Retinyl Linoleate
18585,Vitus Vinifera (Grape) Seed Oil
18586,Avena Sativa (Oat) Kernel Extract.']
18587,Sorghum Bicolor Bran Extract
18588,['Sugar
18589,Glucose Syrup (Corn Syrup)
18590,Citrus Pectin
18591,Natural Strawberry Flavor
18592,Anthocyanins from Black Carrot
18593,and Black Carrot Extract']
18594,Diisostearyl Dimer Dilinoleate
18595,Cocoyl Adipic Acid/Trimethylolpropane Copolymer
18596,Methyl Glucose Dioleate
18597,Trimethylolpropane
18598,['100% Pure Tea Tree Oil.']
18599,['MCT (100% pure Fractionated Coconut oil)
18600,Mentha Piperita (100% Pure Peppermint Oil).']
18601,['Root Refresh Micellar Rinse with Apple Cider Vinegar:'
18602,'Revive Me Daily Moisturizing Spray:'
18603,'Soothe Me Daily Scalp Serum for Dry Scalp Relief:'
18604,'Hair Flourish Scalp Serum:'
18605,['Argania Spinosa (100% Pure Argan Oil).']
18606,Triticum Vulgare (Wheat) Protein
18607,Cetearyl Nonanoate
18608,Polyquaternium-81
18609,['Botanical Blend [Aqua
18610,Cypripedium Pubescens Extract
18611,Opuntia Vulgaris Leaf Extract
18612,Saccharomyces Cerevisiae (Yeast) Extract
18613,Leuconostoc/Radish Root Ferment Filtrate]
18614,PPG-12 / SMDI Copolymer
18615,Glycyrrhiza Glabra Root Extract
18616,['Persea Gratissima (Extra Virgin
18617,Cold-Pressed Avocado) Oil
18618,Vitis Vinifera (Cold-Pressed Concord Grape) Seed Oil
18619,Rubus Fruticosus (Cold-Pressed Blackberry) Seed Oil
18620,Salvia Hispanica (Cold-Pressed Chia) Oil
18621,Dimethyl Isosorbide (and) Hydroxypinacolone Retinoate
18622,Chamomila Recutita (Matricaria) Flower Oil
18623,Tanacetum annuum (Blue Tansy) oil
18624,Anthemis nobilis (English Chamomile) oil
18625,Eriocephalus punctualatus (Cape Chamomile) oil
18626,Citrus Aurantium Dulcis (Blood Orange) oil
18627,Vetivera zizanoides (Vetiver) oil
18628,Helianthus Annuus (Sunflower) Seed Oil (and) Rosmarinus officinalis (Rosemary) Leaf Extract
18629,CI 61565 (Green 6)
18630,['Silybum Marianum (Milk Thistle) Seed Oil
18631,Linum Usitatissimum  (Flax) Seed Oil
18632,Citrus Aurantium Amara (Neroli) Flower Oil
18633,Citrus Paradisii (Grapefruit) Peel Oil
18634,Melia Azadirachta (Neem) Flower Extract
18635,Amber Leaf Extract
18636,Moringa Pterygosperma Seed Oil.']
18637,Citrus Sinesis (Sweet Orange) Oil
18638,Citrus Tangerina Peel Oil
18639,Chlorphenesin Glycerin
18640,PEG-12 Dimethicone/PPG-20
18641,Madecassoside Acid
18642,Papaver Rhoeas (Red Poppy) Extract
18643,Hieracium Pilosella (Hawkweed Daisy) Extract
18644,C10-18 Triglycerideds
18645,Hydroxyethyl Acrylate/Sodium Acryloyldimethyl
18646,Taurate Copolymer
18647,Butyrospermum Parkii (Shea) Butter Polyglyceryl-3 Beeswax
18648,Aesculus Hippocastanum (Horse Chesnut) Extract
18649,Methylproanediol
18650,Pfaffia Paniculata (Brazilian Ginseng) Root Extract
18651,Carthamus Tinctorious Seed Oil
18652,Tagetes Erecta (Marigold) Flower Extract.']
18653,['Good Genes:'
18654,'Extract Blend [Water/ Eau/ Aqua
18655,Agave Tequilana Leaf (Blue Agave) Extract
18656,Cypripedium Pubescens (Lady Slipper Orchid) Extract
18657,Opuntia Vulgaris (Cactus) Extract
18658,Aloe Barbadensis Leaf Extract & Saccharomyses Cerevisiae (Yeast) Extract] Lactic Acid
18659,Ppg-12/ Smdi Copolymer
18660,Ceteareth 20
18661,Arnica Montana (Flower) Extract
18662,Peg-75 Meadowfoam Oil
18663,Dmdm Hydantoin.'
18664,'Luna Night Oil:'
18665,'Persea Gratissima (Extra Virgin
18666,Cold Pressed Avocado) Oil
18667,Vitis Vinifera (Organic
18668,Cold Pressed Concord Grape) Seed Oil
18669,Rubus Fruticosus (Cold Pressed Blackberry) Seed Oil
18670,Salvia Hispanica (Cold Pressed Chia) Oil
18671,['Extract Blend [Water/Eau/Aqua
18672,Chondrus Crispus (Red Algae) Extract]
18673,C13-15 Alkane (from Sugarcane)
18674,Pimpinella Anisum (Anise) Fruit Extract
18675,Rhus Verniciflua Peel Wax/Rhus Succedanea Fruit Wax
18676,Citrus Australasica Fruit Extract
18677,Lippia Citriodora Flower Extract
18678,Oenothera Biennis Seed Extract
18679,Octyldoecanol
18680,Polygyceryl-2 Caprate
18681,Montmorillonoite
18682,Olive Oil Polyglyceryl-6 esters
18683,Rice Oil Glycereth-8 esters
18684,Dehydeoacetic Acid
18685,Farnesol']
18686,['Rubus Idaeus (Cold Pressed Red Raspberry) Seed Oil
18687,Simmondsia Chineses (Jojoba) Seed Oil
18688,Vaccinium Macrocarpon (Cold Pressed Cranberry) Seed Oil
18689,Punica Granatum (Cold Pressed Pomegranate) Seed Oil
18690,Oenothera Biennis (Evening Primrose) Seed
18691,Ribes Nigrum (Black Current) Seed Oil
18692,Cardiospermum Halicacabum Flower/ Leaf/ Vine Extract
18693,Rosemarinus Officinalis (Rosemary) Leaf Extract.']
18694,Boswellia Serrata Resin Extract
18695,PEG/PPG-18 /18 Dimethicone
18696,['Rubus Fruticosus (Cold Pressed Blackberry) Seed Oil
18697,Vaccinium Corymbosum (Cold Pressed Blueberry) Seed Oil
18698,Vitis Vinifera (Cold Pressed Chardonnay Grape Seed Oil) Seed Oil
18699,Rubus Idaeus (Cold Pressed Red Raspberry) Seed Oil
18700,Daucus Carota Sativa (Cold Pressed Wild Carrot) Seed Oil
18701,Nigella Sativa (Cold Pressed Black Cumin) Seed Oil
18702,Brassica Oleracea Italic (Cold Pressed Broccoli) Seed Oil
18703,Limnanthes Alba (Meadowfoam) Seed Oil.']
18704,Ubiquinone (CoQ10)
18705,Opuntia Ficus-indica Fruit Extract
18706,4-t- Butylcyclohexanol
18707,Helianthus Annuss (Sunflower) Seed Oil
18708,Hydroxyethyl Acrylte/Sodium Acryloyldimethyl Taurate Copolymer
18709,Menthyl nicotinate
18710,Niacinadmide
18711,Lactil Acid
18712,Glyceryl behenate
18713,PEG-8 beeswax
18714,Polyglyceryl-3 Beeswaxl
18715,Tangerine (Citrus Tangerina) Oil
18716,Citrus sinensis (Sweet Orange) Oil
18717,Tanacetum annuum (Blue Tansy) Leaf Oil
18718,Matricaria recutita (German Chamomile) Essential Oil
18719,Vanilla planifolia fruit extract
18720,Ylang ylang (Canaga Odorata) Flower Oil
18721,Citrus aurantium var. Amara (Neroli) Flower Oil
18722,Anthemis nobilis (Chamomile Roman) Flower Oil
18723,Moringa Oil/ Hydrogenated Moringa Oil Esters (Moringa Butter)
18724,['C.E.O Rapid Flash Brightening Serum:'
18725,Citrus Aurantium Dulcis (Sweet Orange) Oil
18726,Isosqualane
18727,C30 Hydrocarbons
18728,Saccharide Isomerate.'
18729,'Luna Sleeping Night Oil:'
18730,Tanecetum annuum (Blue Tansy) oil
18731,Eriocephalus punctulatus (Cape Chamomile) oil
18732,Olive Oil Glyceryth-8 Esters
18733,Leptospermum Scoparium (Manuka) Branch/Leaf Oil
18734,Solanum Melongena (Eggplant) Leaf Extract
18735,Yeast Ferment (Pink Yeast) Extract
18736,Epigallocatechin Gallatyl Glucoside (EGCG)
18737,Laminaria Digitata (Sea Kelp) Extract
18738,Zymomonas Ferment Extract
18739,Jasminum Officinale (Jasmine) Flower/ Leaf Extract
18740,Rose Damascena Extract
18741,Lauroyl Lactylate
18742,Matodextrin
18743,['A+ High-Dose Retinoid Serum:'
18744,'Auto Correct Brightening and Depuffing Eye Contour Cream:'
18745,Anthemis Nobilis (Roman Chamomile) Flower Oil
18746,Acmella Oleracea (Spilanthes) Extract
18747,Citrullus lanatus (Watermelon) Fruit Extract
18748,Lens Escuelenta (Lentil) Fruit Extract
18749,Lilium Candidum (Madonna Lilly) Flower Extract
18750,Tagetes Erecta (Marigold) Flower Extract
18751,'C.E.O. 15% Vitamin C Brightening Serum:'
18752,'Good Genes All-In-One Lactic Acid Treatment:'
18753,'Extract Blend [Water
18754,Aloe Barbadensis Leaf Extract and Saccharomyses Cerevisiae (Yeast) Extract] Lactic Acid
18755,Dmdm Hydantoin.']
18756,['Good Genes All-In-One Lactic Acid Treatment:'
18757,'Botanical Blend [Aqua
18758,'Ceramic Slip Cleanser:'
18759,Trisodium Sulfoccinate
18760,Sodium Xylenesulfonate
18761,'A+ High-Dose Retinol Serum:'
18762,Cetyl PEG/ PPG-10/1 Dimethicone
18763,Opuntia Ficus-Indica (Prickly Pear) Fruit Extract
18764,'U.F.O. Ultra-Clarifying Face Oil:'
18765,'Silybum Marianum (Milk Thistle) Seed Oil
18766,Linum Usitatissimum (Flax) Seed Oil
18767,Moringa Pterygosperma Seed Oil.'
18768,'Saturn Sulfur Acne Treatment Mask:'
18769,Leptospermum Scoparium Branch/Leaf Oil
18770,Denatured Alcohol
18771,Coccinia Indica Leaf Extract
18772,Leptospermum Scoparium (Manuka) Branch/Leaf Oil.']
18773,['Ceramic Slip Cleanser:'
18774,'Pink Drink Firming & Resurfacing Essence:'
18775,'C.E.O. Glow Vitamin C + Turmeric Face Oil:'
18776,'Rubus Idaeus (Cold Pressed Red Raspberry) Seed Oil
18777,Rosemarinus Officinalis (Rosemary) Leaf Extract.'
18778,Citrus Sinensis (Sweet Orange) Oil
18779,'Auto Correct Brightening and Depuffing Eye Cream:'
18780,Coffea Arabica Seed Extract
18781,Lens Esculenta Fruit Extract
18782,Aesculus Hippocastanum Extract
18783,Pyrus Malus Fruit Extract
18784,Tagetes Erecta Flower Extract
18785,'Light Hearted Broad Spectrum SPF 30 Sunscreen:'
18786,'Octisalate 5%
18787,Octocrylene 3.5%
18788,And Zinc Oxide 16.32%
18789,C12-C15 Alkyl Benzoate
18790,Cetyl Diglyceryl Tris(Trimethylsiloxy)Silyl Ether Dimethicone
18791,Ppg-24-Glycereth-24 1
18792,Magnesium Myristate.']
18793,3%
18794,Homosalate 8%
18795,Octocrylene 4%
18796,Olibanum
18797,Ferulic Acid.']
18798,Octocrylene 7.5%
18799,Cetyl Behenate
18800,Norbornene/Tris(Trimethylsiloxy)silylnorbornene Copolymer
18801,b Rose Extract
18802,Cerium Oxide
18803,Platinum Powder
18804,Polyester-25
18805,Dibutyl Ethylhexanol Glutamide
18806,Pentaclethra Macroloba Oil
18807,['Avobenzone 2.9%
18808,Silica Caprylyl Silylate.']
18809,['Zinc Oxide 17.5%
18810,Polyclyceryl-3 Lactate/Laurate
18811,Sodium Hyaluronate']
18812,['Zinc Oxide 24.7%
18813,Sodium Dehyrdoacetate
18814,May contain Iron Oxides (CI 77492
18815,77491
18816,Polyhydroxystearic acid
18817,Quercus Robur Bark Extract
18818,Quercus Robur Wood Extract
18819,Zinc Oxide 16.5%']
18820,Trisodium Ethylenediamine Disuccinate Argania Spinosa Kernel Oil
18821,Lavandula Hybrida Grosso Herb Oil.']
18822,Brassica Campestris/ Aleurites Fordi Oil Copolymer
18823,Withania Somnifera Flower Extract
18824,Octocrylene 9%
18825,Tremella Fuciformis Sporocap Extract
18826,Lepidium Sativum Sprout Extract.']
18827,Vitis Vinifera (Grape) Seed Oil.']
18828,['Avobenzone (2 percent)
18829,Homosalate (9 percent)
18830,Octisalate (5 percent)
18831,Octocrylene (10 percent)
18832,Ethyl Olivate
18833,Ceramide NP (Ceramide III B)
18834,Helianthus Annuus (Sunflower) Seed Wax.']
18835,Aletris Farinosa Root Extract
18836,Iron Oxides (CI  77491)
18837,Iron Oxides (CI  77499)
18838,Titanium Dioxide (CI  77891)
18839,Titanium Dioxide 1.33%
18840,Zinc Oxide 17.42%']
18841,['Zinc Oxide 24.9%
18842,Iron Oxides (Cl 77492
18843,Aniba Rosaeodora (Rosewood) Wood Oi
18844,['Homosalate 15%
18845,Cucumis Sativus (Cucumber) Fruit Extact
18846,['Zinc Oxide 16.0%
18847,['PLAY Everyday Lotion SPF 50:'
18848,Octocrylene 7.5%'
18849,'Glowscreen Sunrise SPF 40:'
18850,Octocrylene 10%'
18851,'Unseen Sunscreen SPF 40:'
18852,Octocrylene 4%']
18853,['Mineral Sheerscreen SPF 40:'
18854,'Zinc Oxide 17.5%
18855,'Mineral Mattescreen SPF 40:'
18856,'Titanium Dioxide 1.33%
18857,Zinc Oxide 17.42%
18858,'PLAY 100% Mineral Lotion SPF 30:'
18859,'Zinc Oxide 12%
18860,Calendula Officinalis Flower Extract. Caprylhydroxamic Acid
18861,Spiraea Ulmaria Root Extract
18862,['Zinc Oxide 21%
18863,Zinc Oxide 12%']
18864,['Mineral Sheerscreen:'
18865,'Mineral Mattescreen:'
18866,['Glowscreen Sunrise:'
18867,Ferulic Acid.'
18868,'Unseen:'
18869,'Glowstick:'
18870,'(Re)setting Mist:'
18871,Octinoxate 5%
18872,Aloe Babadensis Leaf Juice
18873,Ribes Nigrum (Black Currant) Bud Extract
18874,Ethylhexyl Olivate Squalane
18875,(SD Alcohol 40-B)
18876,Erythulose
18877,Tocopheryl Acetate (Vitmain E Acetate)
18878,Palmitoyl Carnitine
18879,Aloe Barbedensis (Aloe) Leaf Juice
18880,Palmitoyal Carnitine
18881,Ci 17200 (D&C Red No. 33).']
18882,Butylphenyl Methylpropional.C15']
18883,Salvia Hispanica (Sage) Seed Oil
18884,Vaccinium Myrtillus (Myrtle) Fruit Extract
18885,Theobroma Cacoa (Cocoa) Seed Extract
18886,Ethylhexylglycerin Parfum (Fragrance)
18887,CI 17200 (D&C Red No.33).']
18888,['Isopropyl Myristate
18889,'PEG-7 Glyceryl Cocoate
18890,'PEG-8 Caprylic/Capric Glycerides
18891,'Dihydroxyacetone
18892,'Octyldodeceth-25
18893,'Argania Spinosa Kernel Oil
18894,'Aleurites Moluccana Seed Oil
18895,'Prunus Armeniaca (Apricot) Kernel Oil
18896,'Rubus Idaeus (Raspberry) Seed Oil
18897,'Sclerocarya Birrea Seed Oil
18898,'Aloe Barbadensis (Aloe) Leaf Juice
18899,'Tocopheryl Acetate (Vitamin E Acetate)
18900,'Commiphora Mukul Resin Extract
18901,'Coleus Forskohlii Root Extract
18902,'Dipropylene Glycol
18903,'Caffeine
18904,'Palmitoyl Carnitine
18905,'Benzophenone-3
18906,'Fragrance
18907,'Hexyl Cinnamal
18908,'Butylphenyl Methylpropional
18909,'Alpha-isomethyl Ionone
18910,'CI 47000 (D&C Yellow No.11)
18911,'CI 45410 (D&C Red No.28).']
18912,Boswellia Serrata Gum
18913,Prophyridium Cruentum Extract
18914,Simmondisa Chinesis (Jojoba) Seed Oil
18915,Parfum (Frangrance)
18916,CI 47000 (D&C Yellow No.11)
18917,CI 45410 (FD&C Red No.28).']
18918,Dextrin Palmitate/Hexyldecanoate
18919,Isochrysis Galbana Extract.']
18920,FD&C Yellow No. 5 (Ci 19140)
18921,FD&C Yellow No. 6 (Ci 15985)
18922,FD&C Red No. 33 (Ci 17200)
18923,FD&C Blue No. 1 (Ci 42090)
18924,FD&C Red No. 4 (Ci 14700)']
18925,Betula Alba (Birch Bark) Extract
18926,Hydroxide
18927,Zincstearate
18928,TetraSodium EDTA
18929,['Charmer:'
18930,'Jetsetter:'
18931,'Rocker:'
18932,'Smokeshow:'
18933,'Flower Child:'
18934,'Smarty Pants:'
18935,'Firecracker:'
18936,'Activist:'
18937,'Funny Girl:'
18938,'Sweetheart:'
18939,'Leader:'
18940,['Phytosteryl/Isostearyl/Cetyl/Stearyl/Behenyl Dimer Dilinoleate
18941,Benzyl Alcohol. (+/-): Titanium Dioxide (CI 77891)
18942,Red 28 Lake (CI 45410).']
18943,['Free Spirit:'
18944,Montmorillonite. May Contain(+/-): Titanium Dioxide (CI 77891)
18945,Ultramarines (CI 77019).'
18946,'Force of Nature:'
18947,Montmorillonite. May Contain (+/-): Titanium Dioxide (CI 77891)
18948,'Multi-tasker:'
18949,'Nautral Beauty:'
18950,'Best Friend:'
18951,'Bombshell:'
18952,'Caregiver:'
18953,'talc
18954,boron nitride
18955,ethylhexyl palmitate
18956,sodium dehydroacetate
18957,sorbic acid
18958,kaolin
18959,magnesium aluminum silicate
18960,montmorillonite
18961,carmine (CI 75470). May Contain(+/-): Titanium Dioxide (CI 77891)
18962,'Super Mom:'
18963,carmine (ci 75470). May Contain (+/-): Titanium Dioxide (CI 77891)
18964,'Wanderer:'
18965,'Power Player:'
18966,'Fashionista:'
18967,Sorbitan Isosterate
18968,Palmitoyl Tripeptide-1. (+/-): Red 7 Lake (CI 15850)
18969,['S’more:'
18970,'Sunrise:'
18971,'Sunset:'
18972,'Crackle:'
18973,'Cashmere:'
18974,'Warmth:'
18975,'Flame:'
18976,'Cozy:'
18977,'Candle:'
18978,'Latte:'
18979,'Simmer:'
18980,'Fireside:'
18981,Vaccinium Macrocarpon (Cranberry) Fruit Juice
18982,Tocopherol. (+/-): Red 28 Lake (CI 45410)
18983,['61H Espresso
18984,60N Mahogany
18985,57S Rich Sand
18986,55H Rich Honey
18987,52S Deep Sand
18988,45S Tan-Deep Sand
18989,43N Tan-Deep Neutral
18990,36B Medium-Tan Beige
18991,40S Tan Sand
18992,34G Medium Golden
18993,34H Medium Honey
18994,22H Light Honey
18995,20B Light Beige
18996,10B Fair Beige
18997,8S Porcelain Sand
18998,10N Fair
18999,20N Light
19000,25H Light-Medium
19001,33N Medium
19002,40N Tan
19003,43H Tan-Deep
19004,50H Deep
19005,13N Fair-Light Neutral
19006,20S Light Sand
19007,25S Light-Medium Sand
19008,32N Medium Neutral
19009,32S Medium Sand
19010,25N Light-Medium Neutral
19011,56N Rich
19012,40N Tan:'
19013,'55G Rich Golden:'
19014,['Passiflora Edulis Seed Oil
19015,Oryza Sativa (Rice) Bran Wax/Oryza Sativa (Rice) Bran Cera
19016,Sorbic Acid.  (+/-):  Titanium Dioxide (Ci 77891)
19017,Sea Salt Extract
19018,Microcrystalline Wax/ Cera Microcristallina/Cire Microcristalline
19019,Sargassum Pacificum Thallus Extract
19020,Polybutylene Terephthalate
19021,Polyethylene/ Dimethiconol Copolymer
19022,Euphorbia Cerifera (Candelilla) Wax/ Candelilla Cera/ Cire De Candelilla
19023,Water/ Aqua/ Eau
19024,Cholesteryl/ Behenyl/ Octyldodecyl Lauroyl Glutamate
19025,Mica. (+/-): Titanium Dioxide  (CI 77891)
19026,Iron Oxides (CI77491
19027,VP/Hexadecane Copolymer. (+/-): Iron Oxides (CI 77491
19028,['Pencil:'
19029,Kaolin. (+/-): Iron Oxides (CI 77499).'
19030,'Liquid:'
19031,Acrylates/Ethylhexyl Acrylate/HEMA Copolymer
19032,Acrylates/Diethylaminoethyl Methacrylate/Ethylhexyl Acrylate Copolymer
19033,Isodeceth-6
19034,Black 2 (Nano) (CI 77266).']
19035,Hydrogenated Stearyl Olive Esters
19036,Cera Carnauba
19037,Aminomethylpropanediol
19038,Fructosyl Cocoate/Olivate
19039,Sodium Cocoyl/Olivoyl Hydrolyzed Oat/Wheat Protein
19040,Cocoyl Hydroxyethyl Imidazoline
19041,Methyl Alcohol
19042,PPG-25-Laureth-25
19043,['Isodecane
19044,Poly(Glycol Adipate)/Bis-Hydroxyethoxypropyl Dimethicone Copolymer
19045,Quaternium-90 Sepiolite
19046,Quaternium-90 Montmorillonite
19047,Ocimum Sanctum Leaf.']
19048,Hydrolyzed Ginseng Saponins
19049,Potassium Sorbate. (+/-): Ultramarines (CI 77007)
19050,['Journey:'
19051,'Stone:'
19052,'Solstice:'
19053,'Terracotta:'
19054,'Dunes:'
19055,'Desert:'
19056,'Ember:'
19057,'Onyx:'
19058,Titanium Dioxide (CI 77891) Manganese Violet (CI 77742).'
19059,'Instinct:'
19060,'Timber:'
19061,['Medium-Tan:'
19062,Bis-digylceryl Polyacyladipate-2
19063,Phenoxyethanol. May Contain (+/-): Iron Oxides (CI 77491
19064,pentaerythrityl tetraisostearate
19065,vinyl dimethicone/methicone silsesquioxane crosspolymer
19066,propylene glycol dibenzoate
19067,HDI/trimethylol hexyllactone crosspolymer
19068,euphorbia cerifera (candelilla) wax/candelilla cera/cire de candelilla
19069,polyglyceryl-2 isopalmitate/sebacate
19070,polyethylene
19071,microcrystalline wax/cera microcristallina/cire microcristalline
19072,polyglyceryl-2 triisostearate
19073,passiflora edulis seed oil
19074,silica dimethyl silylate
19075,stearalkonium hectorite
19076,flavor/aroma
19077,propylene carbonate
19078,polyglyceryl-2 diisostearate
19079,pentaerythrityl tetra-di-t-butyl hydroxyhydrocinnamate
19080,hexylene glycol
19081,citrullus lanatus (watermelon) fruit extract
19082,citrus limon (lemon) fruit extract
19083,euterpe oleracea fruit extract
19084,fragaria vesca (strawberry) fruit extract
19085,lycium barbarum fruit extract
19086,malpighia punicifolia (acerola) fruit extract
19087,passiflora incarnata fruit extract
19088,prunus persica (peach) fruit extract
19089,punica granatum fruit extract
19090,vaccinium angustifolium (blueberry) fruit extract
19091,vaccinium macrocarpon (cranberry) fruit extract
19092,titanium dioxide (CI 77891)
19093,iron oxides (CI 77491
19094,blue 1 lake (CI 42090)
19095,red 7 lake (CI 15850)
19096,yellow 6 lake (CI 15985)
19097,red 33 lake (CI 17200).']
19098,Pentaerythriyl Hydrogenated Rosinate
19099,PVP/Eicosene Copolymer
19100,Polyquaternium -10
19101,Mica. (+/-): Iron Oxides (CI 77499
19102,Ethylene/VA Copolymer
19103,isodecyl neopentanoate
19104,isononyl isononanoate
19105,synthetic fluorphlogopite
19106,isopropyl titanium triisostearate
19107,methicone
19108,sargassum pacificum thallus extract
19109,gardenia taitensis flower extract
19110,tocopherol. (+/-): Titanium Dioxide (CI 77891)
19111,bismuth oxychloride (CI 77163).']
19112,Lauryl PEG-10 Tris (Trimethylsiloxy)Silylethyl Dimethicone
19113,Hydrolyzed Ginseng Saponins. (+/-): Titanium Dioxide (CI 77891)
19114,HDI/Trimethylol Hexyllactone Crosspoymer
19115,Hydrongenated Lecithin
19116,tetraSodium EDTA
19117,Triethoxycaprylylsilane. (+/-): Manganese Violet (CI 77742)
19118,Zincoxide (CI 77947)
19119,Titaniumdioxide (CI 77891).']
19120,Mentha Pulegium
19121,Sodium Saccharin.']
19122,['Polyethylhexyl Acrylate
19123,Black 2.']
19124,['morning light:'
19125,'elements:'
19126,'matte bronzer:'
19127,Kaolin. May Contain (+/-): Iron Oxides (Ci 77499).'
19128,Black 2 (Nano) (Ci 77266).']
19129,Aloe Barbadensis Leaf Extract. (+/-): Aluminum Powder (CI 77000)
19130,Ferric Ferrocyanide (CI 77510) Iron Oxides
19131,(CI 77492
19132,Calendula Officinalis Flower Extract. (+/-): Titanium Dioxide (CI 77891)
19133,['Eyeshadow:'
19134,Carmine (CI 75470). (+/-): Iron Oxides (CI 77491
19135,'Eyeliner:'
19136,['Paradise:'
19137,Tin Oxide Vanilla Planifolia Fruit Extract
19138,Iron Oxides (Ci 77491) Carmine (Ci 75470)
19139,'Rose:'
19140,'Dream Chaser:'
19141,'Blossom:'
19142,'Shine:'
19143,Bronze Powder (Ci 77400).'
19144,'Petal:'
19145,'Luscious:'
19146,Kaolin. (+/-): Titanium Dioxide (Ci 77891)
19147,'Reflect:'
19148,'Happiness:'
19149,'Dusk:'
19150,'Euphoric:'
19151,Ocimum Sanctum Leaf Extract. (+/ -): Titanium Dioxide (CI 77891)
19152,Morus Alba Root Extract.']
19153,Manganese Violet (Cl 77742).']
19154,Linalool. (+/-): Iron Oxides (CI 77491
19155,'Blush:'
19156,Kaolin. (+/-): Iron Oxides (CI 77499).']
19157,Kluyveromyces/Lactobacillus/Lactococcus/Leuconostoc/Saccharomyces Milk Ferment Filtrate
19158,['Orchid:'
19159,Tocopherol. (+/-): Red 28 Lake (Ci 45410)
19160,'Cherry Blossom:'
19161,Sodium Hyaluronate. (+/-): Titanium Dioxide (Ci 77891)
19162,Hydrolyzed Ginseng Saponins.']
19163,['Medium Brown Pencil:'
19164,Orbignya Oleifera Seed Oil. (+/-): Titanium Dioxide (CI 77891)
19165,'Medium Brown Gel:'
19166,Sodium Phosphate. (+/-): Titanium Dioxide (CI 77891)
19167,sodium starch octenylsuccinate
19168,lauroyl lysine
19169,magnolia officinalis bark extract
19170,ricinus communis (castor) seed oil
19171,hydrolyzed sodium hyaluronate
19172,hydrogenated castor oil
19173,alumina
19174,magnesium oxide. (+/-): Titanium Dioxide (CI 77891)
19175,yellow 5 lake (CI 19140)
19176,glycereth-26
19177,betaine
19178,dipentaerythrityl hexa C5-9 acid esters
19179,triisostearin
19180,cetearyl olivate
19181,sorbitan olivate
19182,hydroxyethyl acrylate/sodium acryloyldimethyl taurate copolymer
19183,C14-22 alcohols
19184,tromethamine
19185,C12-20 alkyl glucoside
19186,ceramide NP
19187,polysorbate 60
19188,triethylhexanoin
19189,hydrogenated polydecene
19190,phospholipids
19191,cholesterol
19192,sorbitan isostearate
19193,phytosphingosine
19194,betula alba juice
19195,glutathione
19196,propanediol
19197,opuntia ficus-indica stem extract
19198,opuntia ficus-indica callus culture extract
19199,iron oxides (CI 77491).']
19200,Linalool. (+/-): Titanium Dioxide (CI 77891)
19201,SD Alcohol 39-B (Alcohol Denat.)
19202,['SEA Hydroflex Serum Foundation:'
19203,'SEA Surfer Curl Volumizing Mascara:'
19204,'SEA H2O Lip Gloss:'
19205,'SEA Drink of H₂O Hydrating Boost Moisturizer:'
19206,Sodium Formate.']
19207,Oryza Sativa (Rice) Bran Wax/ Oryza Sativa (Rice) Bran Cera
19208,['Amazonian Clay 12-Hour Blush:'
19209,'Maracuja Juicy Lip:'
19210,'Lights
19211,Camera
19212,Lashes Mascara:'
19213,Laureth-25
19214,Tocopherol. (+/-): Red 40 (CI 16035)
19215,Black 2 (Nano) (CI 77266)
19216,['Positive:'
19217,'Dynamic:'
19218,'Magnetic:'
19219,'Creativity:'
19220,['Pearly Girl Vegan Teeth Whitening Pen:'
19221,Sodium Saccharin.'
19222,'SEA H2O Balm Lip Tint:'
19223,'Cetearyl Ethylhexanoate
19224,Citrus Tangerina (Tangerine) Fruit Water
19225,Ocimum Sanctum Leaf Extract.']
19226,['Lights
19227,Lashes 4-In-1 Mascara:'
19228,oryza sativa (rice) Bran Wax/Oryza Sativa (Rice) Bran Cera
19229,Splashes Waterproof Mascara:'
19230,Water Hydrogenated Rosinate
19231,Alcohol Denat /aqua/eau
19232,pentaerythrityl.
19233,Iron Oxides (ci 77499).']
19234,Beta Vulgaris/Beet Root Extract/Extrait de Racine de Betterave
19235,Kaolin (White Clay)
19236,CI77491 (Red Iron Oxide)
19237,Kaolin (Rose Clay)
19238,Salix Alba (Willow) Bark Extract*
19239,Citrus Sinensis (Orange) Peel Oil*
19240,Cupuacu Butter Glycerides
19241,Isopropyl Shea Butterate
19242,Gaultheria Procumbens (Wintergreen) Leaf Extract
19243,Yucca Schidigera Extract
19244,Chlorella Pyrenoidosa
19245,Sodium Caproyl/Lauroyl Lactylate
19246,CI 77288
19247,['Honey
19248,Sage Flower/Leaf/Stem Extract*
19249,Rye Flour
19250,Lavender Flower/Leaf/Stem Water*
19251,Maranta Arundinacea Root Extract
19252,Lannea Microcarpa Fruit Extract
19253,Vaccinium Myrtillus Fruit / Leaf Extract
19254,Methyl Eugenol.']
19255,Centella Asiatica (Gotu Kola) Extract*
19256,Tilia Europaea (Linden) Leaf/Flower Extract*
19257,Menyanthes Trifoliata (Buckbean) Flower Extract
19258,['Hordeum Vulgare Leaf Juice
19259,Lavandula Angustifolia (Lavender) Flower/Leaf/Stem Water
19260,Arnica Montana (Arnica) Extract
19261,Piper Cubeba Fruit Extract
19262,Eugenia Caryophyluss Flower Oil
19263,Curcuma Zedoaria Root Oil
19264,Abies Pectinata Leaf Oil
19265,Foeniculum Vulgare Oil
19266,Tilia Europaea (Linden) Leaf & Flower Extract*
19267,Asteriscus Graveolens Flower/Fruit/Leaf/Stem Extract
19268,Iron Oxides (C.I. 77491)
19269,Iron Oxides (C.I. 77499)
19270,['Regenerating Cleanser:'
19271,'Aloe barbadensis Leaf Juice*
19272,Helianthus annuus (Sunflower) Seed Oil*
19273,Prunus armeniaca (Apricot) Seed Powder
19274,Oryza sativa (Rice) Extract*
19275,Lactobacillus/Punica granatum Fruit Ferment Extract
19276,Cetearyl glucoside
19277,Sclerotium gum
19278,Salix alba (Willow) Bark Extract*
19279,'Hydrating Floral Essence:'
19280,Rosa damascena Flower Water*
19281,Lavandula angustifolia (Lavender) Flower/leaf/stem Water*
19282,Beta vulgaris/Beet Root Extract/Extrait de racine de betterave
19283,Centella asiatica (Gotu Kola) Extract*
19284,Sodium hyaluronate Olea Europaea (Olive) Oil*
19285,Arnica montana (Arnica) Extract*
19286,Borago officinalis (Borage) Leaf Extract*
19287,Medicago sativa (Alfalfa) Extract*
19288,Spiraea Ulmaria Flower Extract*
19289,Calendula officinalis (Calendula) Flower Extract*
19290,Superoxide Dismutase*
19291,Soybean Peroxidase*
19292,'Rejuvenating Serum:'
19293,Carthamus tinctorius (safflower) Oleosomes*
19294,Salix alba (Willow) Bark Extract
19295,Sodium hyaluronate
19296,Borago officinalis (Borage) Leaf Extract
19297,Pheonix dactylifera (Date) Seed Extract
19298,Tilia europaea (Linden) Leaf/Flower Extract*
19299,Lavandula stoechas (Spanish Lavender) Extract
19300,Narcissus tazetta (Daffodil) Bulb Extract*
19301,Menyanthes trifoliata (Buckbean) Flower Extract
19302,'Repairative Moisturizer:'
19303,Caprylic/Capric/Triglyceride
19304,Theobroma Cacao (Cocoa Seed) Butter
19305,Tilia europaea (Linden) Leaf & Flower Extract*
19306,'Retinoic Nutrient Face Oil:'
19307,'Rosa Rubiginosa Seed Oil*
19308,Prunus armeniaca (Apricot) Kernel Oil*
19309,'Resurfacing Mask:'
19310,water
19311,Prunus Armeniaca (Apricot) Kernel Oil*
19312,Citrus Aurantium Amara (Neroli) Distillate
19313,Salvia Officinalis (Sage) Flower/Leaf/Stem Extract*
19314,Hydrolyzed Avocado Protein
19315,['Rose Hip Seed Oil
19316,Elder Flower Extract
19317,Calendula Extract
19318,Borage Leaf Extract
19319,Alfalfa Extract
19320,Arnica Extract
19321,Linden Flower Extract
19322,Essential Oil Blend for Scent
19323,Sclerotium Gum.']
19324,['Calendula Officinalis Flower/Leaf/Stem Juice
19325,Salvia Miltorrhiza Root Extract
19326,Hordeum Vulgare Leaf Juice*
19327,Tremella Funciformis Sporocarp Extract
19328,Beta Vulgaris/Beet Root Extract
19329,Cera Alba/Beeswax *
19330,Copernicia Cerifera (Carnauba) Wax*
19331,Ci 77288
19332,Aroma**.']
19333,Astrocaryum Murumuru Seed Butter*
19334,Beta Vulgaris/Beet Root Extract/Extrait De Racine De Betterave
19335,Acer Rubrum Bark Extract
19336,Theobroma Grandiflorum Seed Butter*
19337,Citrus Aurantium (Neroli) Oil
19338,Boswellia Carterii Oil*
19339,Jasminum Grandiflorum (Jasmine) CO2 Extract
19340,['Lipopeptides: These amino-acid-rich lipopeptides provide a triple-firming effect that helps support skin integrity and natural skin-aging defenses and tone the look of skin.'
19341,'Ricinus Communis (Castor) Seed Oil*
19342,Cera Alba/Beeswax*
19343,Carthamus Tinctorius Seed Oil*
19344,Spilanthes Acmella Fower/Leaf/Stem Extract*
19345,Polygonum Fagopyrum (Buckwheat) Seed Extract
19346,'Hordeum Vulgare Leaf Juice*
19347,Citrus Aurantium (Bergamot) Peel Oil
19348,CI 77491 (Red Iron Oxide)
19349,'Resurfacing Serum:'
19350,'Water-Lock Moisturizer:'
19351,Oryza Sativa (Rice) Powder*
19352,Pinus Sylvestris Leaf Extract
19353,Salvia Miltiorrhiza Root Extract
19354,Glyceryl Caprylate.']
19355,['Regenerating Exfoliating Cleanser:'
19356,'Hordeum Vulgare Leaf Juice
19357,'Clarifying Blemish & Oil Control Cleanser:'
19358,Citrus Sinensis (Orange) Oil
19359,Melaleuca Ericifolia Leaf Oil
19360,Pogostemon Cablin (Patchouli) Leaf Oil
19361,Saccharomyces/Camellia Sinensis Leaf/Cladosiphon Okamuranus/Rice Ferment Filtrate*
19362,Belamcanda Chinensis Root Extract
19363,Phenoxyethanol. *Hadasei-3.']
19364,Betaphycus Gelatinum Extract
19365,Violet 2 (Ci 60725)']
19366,Iron Oxide (Ci 77491). *Hadasei-3.']
19367,['Saccharomyces/Rice Ferment Filtrate
19368,Sodium Caproyl Methyltaurate
19369,Serica/Silk Powder/Poudre De Soie
19370,Saccharomyces/Camellia Sinensis Leaf/Cladosiphonokamuranus/Rice Ferment Filtrate*
19371,Luffa Cylindrica Fruit/Leaf/Stem Extract
19372,Luffa Cylindrica Fruit
19373,Sodium Lauroyl Hydrolyzed Silk
19374,Iron Oxides (Ci 77491)']
19375,Sodium Lauryl Phosphate
19376,Sodium Lauroyl Methylaminopropionate
19377,Bis-Glyceryl Ascorbate
19378,Crataegus Cuneata Fruit Extract
19379,Citrus Aurantium Dulcis (Orange) Juice
19380,Citrus Limon (Lemon) Juice
19381,Citrus Aurantifolia (Lime) Juice
19382,Cera Alba/Beeswax/Cire D’Abeille
19383,Sargassum Vulgare Extract
19384,Cera Alba/Beeswax/Cire D’ Abeille
19385,Sucrose Hexaisostearate
19386,Prunus Persica (Peach) Kernel Extract
19387,Prunus Persica (Peach) Fruit Water
19388,Rosa Canina Fruit/(Rosa Centifolia/Rosa Damascena) Flower Extract
19389,Polygonum Tinctorium Leaf/Stem Extract
19390,Hydrolyzed Lagenaria Siceraria Fruit Juice
19391,'Hadasei-3']
19392,[+/-] Mica (Ci 77019)
19393,['Squalane (Olive Origin)
19394,Stearyl Glycyrrhetinate (Licorice Extract)
19395,Oryzanol (Rice Bran Oil Extract)
19396,Hydrogenated Lecithin (Soy Origin)
19397,Inositol (Rice Extract)
19398,Gold.']
19399,Ferric Ferrocyanide (Ci 77510)']
19400,Zinc Oxide 10%']
19401,Foeniculum Vulgare (Fennel) Oil
19402,Citrus Medica Limonum (Lemon) Juice
19403,Ppg-6-Decyltetradeceth-20
19404,Peg-30 Glyceryl Isostearate
19405,Peg-50 Glyceryl Isostearate
19406,Squalane (Olive Origin)
19407,Phytosteryl Macadamiate (Macadamia)
19408,Sodium Myristoyl Methyl Beta-Alanine
19409,Chamaecyparis Obtusa Water
19410,Chamaecyparis Obtusa Wood Oil
19411,Cladosiphon Okamuranus  Extract
19412,Butylene  Glycol
19413,Tetrapeptide-4
19414,Citrus Latifolia Peel Oil
19415,Methyl Gluceth-¬‐20
19416,Inositol'
19417,'(Rice Extract)
19418,Sericin (Silk Extract)
19419,Panax'
19420,'Ginseng Root Extract
19421,Chondrus Crispus (Red'
19422,'Algae) Extract
19423,Thymus Serpillum (Thyme) Extract
19424,Ppg-¬‐6-¬‐'
19425,'Decyltetradeceth-¬‐ 20
19426,Polyglyceryl-¬‐'
19427,'10eicosanedioate/Tetradecanedioate
19428,Polyglyceryl-¬‐10'
19429,'Isostearate
19430,Fragrance'
19431,'(Natural)
19432,['The Rice Wash:'
19433,*Hadasei-3.'
19434,'The Dewy Skin Cream:'
19435,3-Laurylglyceryl Ascorbate
19436,['The Camellia Cleansing Oil:'
19437,* Hadasei-3.'
19438,'The Deep Cleanse:'
19439,'Saccharomyces/Rice Ferment Filtrate
19440,'The Water Cream:'
19441,'The Rice Wash:'
19442,*Hadasei-3.']
19443,['The Deep Cleanse:'
19444,Phenoxyethanol  * Hadasei-3.'
19445,['Indigo Overnight Repair:'
19446,'The Kissu Lip Mask:'
19447,'Triisostearin
19448,['Indigo Overnight Repair Cream:'
19449,Titanium Dioxide (Ci 77891) *Hadasei-3.'
19450,'The Silk Peony Melting Cream:'
19451,['Saccharomyces/Camellia Sinensis Leaf/Cladosiphon Okamuranus/Rice Ferment Filtrate*
19452,Phenoxyethanol  *Hadasei-3.']
19453,Vanilla Planifolia
19454,(Essential Oils - Vanilla
19455,Rose Bulgaria
19456,Oak Fusion).']
19457,['Vanilla Woods Eau de Parfum:'
19458,'Organic Sugar Cane Alcohol Denat.
19459,Oak Fusion).'
19460,'Lotus Pear Eau de Parfum:'
19461,Pirum
19462,'Santal Vanille Eau de Parfum:'
19463,Santalum album
19464,'Blackberry Lily Eau de Parfum:'
19465,'Sugar Cane Alcohol
19466,Denat.
19467,Rusbus
19468,Limolene
19469,'Patchouli Citrus Eau de Parfum:'
19470,Pogostemon Cablin
19471,Lonones.'
19472,'Jasmine Neroli Eau de Parfum:'
19473,Jasminum Grandiflorum
19474,Coumarin Eugenol. Farnesol
19475,Lilial TM
19476,'Rose Amber Eau de Parfum:'
19477,Rosa Centifolia
19478,Lonones.']
19479,Santalum Album
19480,['Organic Jojoba Oil
19481,Citrus Aurantium
19482,Farnesol Citral
19483,Vetiveria Zizanioides
19484,['Jojoba Oil
19485,Oak Fusion.'
19486,'Coconut Sun Eau de Parfum:'
19487,'Sugarcane Alcohol
19488,Candelilla Cera (Cire de candelilla)
19489,Butylene'
19490,Glycine Soja (Soybean) Sterol
19491,candelilla/jojoba/rice bran polyglyceryl-3 esters
19492,punica granatum (pomegranate) seed oil
19493,sodium stearoyl lactylate
19494,polysilicone-11
19495,hydroxyacetophenone
19496,sodium stearoyl glutamate
19497,sodium gluconate
19498,dehydroacetic acid
19499,diglucosyl gallic acid
19500,trihydroxystearin
19501,glucomannan
19502,['Water (Aqua /Eau)
19503,Bis-PEG-12 Dimethicone
19504,Oryza Sativa (Rice) Bran Extract.']
19505,Pentapeptide-48.']
19506,Oligopeptide-1.']
19507,Humulus Lupulus Extract.']
19508,['Water (Aqua / Eau)
19509,Palmitoyl Dipeptide-5 Diaminohy-hydroxybutyrate
19510,Polyglycerin-3.']
19511,Peg-10 Dimethicone.']
19512,Euterpe OleraceaFruit Extract
19513,Sodium AcrylatesCopolymer
19514,HydroxyethylAcrylate/Sodium AcryloyldimethylTaurate Copolymer
19515,LactobacillusFerment
19516,Plukenetia Volubilis Seed Oil (Sacha Inchi oil)
19517,Sodium Caproyl Prolinate
19518,Camellia Sinensis (Tea) Extract
19519,Zinc Chloride.']
19520,Potassium Benzoate.']
19521,Pisum Sativum (Pea) Peptide
19522,Ceratonia Siliqua (Carob) Seed Extract
19523,Polyquaternium-7.']
19524,Ethylhexylglycer-in
19525,Lithothamnium Calcarum Extract
19526,['Rosa Canina Fruit Oil.']
19527,Dilauryl Citrate
19528,Tetrapeptide -30.']
19529,Benzoyl Peroxide
19530,Stearic Acidl Phenoxyethanol
19531,Hydrolyzed
19532,T-Butyl Alcohol.']
19533,Prunus Armeniaca (Apricot)
19534,Kernel Oil
19535,Glycine Soja (soybean) Oil
19536,Glycine Soja (Soybean) Sterol & T-Butyl Alcohol.']
19537,Gardenia Florida Fruit Extract & Polylysine.']
19538,Sorbitan Isostearate & Trisodium Ethylenediamine Disuccinate.']
19539,Sodium Gluconate & Dehydroacetic Acid.']
19540,Ammonium Acryloyldimethyl-taurate/VP Copolymer
19541,Hydroxyacetophe-none
19542,Oryza Sativa (Purple Rice) Hull Extract
19543,Camellia Sinensis (Purple Tea) Leaf Extract
19544,Ipomoea Batatas (Purple Sweet Potato) Root Extract
19545,['Oat Cleansing Balm:'
19546,'Prunus Amygdalus Dulcis (Sweet Almond) Oil
19547,'Hyaluronic Acid Hydrating Serum:'
19548,'Caffeine Eye Cream:'
19549,['Fire Eau De Parfum:'
19550,Water (eau)
19551,'Naked Eau De Parfum:'
19552,'Libertine Eau De Parfum:'
19553,'Wild Eau De Parfum:'
19554,'Stag Eau De Parfum:'
19555,Hydroxycitronellal Isoeugenol
19556,'Paradiso Eau De Parfum:'
19557,Benzyl Salicylate Citral
19558,['100% Pure Soy Wax with a Cotton Wick.']
19559,['Proprietary Enzyme Blend (Amylase
19560,Fungal Protease
19561,Acid Protease
19562,'Cellulase
19563,Yeast Lipase
19564,Beta Glucanase
19565,Maltase
19566,Xylanase
19567,Alpha-galactosidase
19568,Neutral Protease
19569,Pectinase
19570,Hemicellulase
19571,Phytase)
19572,Licorice Extract (Root) (Glycyrrhiza Glabra) (Gutgard)
19573,Organic Ginger (Root) (Zingiber Officinale) Organic Cinnamon Powder (Bark) (Cinnamomum Cassia) Organic Turmeric Powder (Root) (Curcuma Longa)
19574,Hard Vegetable Capsule (Hypromellose)
19575,L-leucine
19576,Long Grain White Rice Flour
19577,Colloidal Silicon Dioxide.']
19578,['Inulin (Root) (Jerusalem artichoke)
19579,Lactospore (100 Billion CFU/g Bacillus coagulans)
19580,Clear Vegetarian Capsule
19581,Colloidal Silicon Dioxide
19582,Long Grain White Rice Flour.']
19583,['Hydrolyzed Bovine Collagen
19584,Aloe Powder (Leaf) (Aloe Barbadensis)
19585,Ceramosides Standardized Gluten-free Wheat Ceramide Extract (Triticum Vulgare)
19586,Grape Extract (Seed) (Vitis Vinifera )
19587,Green Algae (Whole Plant) (Haematococcus Pluvialis)
19588,Sodium Hyaluronate Powder (Hyaluronic Acid)
19589,Hard Gelatin Elongated Capsule
19590,Magnesium Stearate (Vegetable Grade)
19591,Silicon Dioxide (Silica)
19592,['Skinax2 [Proprietary Blend Of Grape Seed Extract
19593,Melon Fruit Concentrate
19594,Zinc Citrate
19595,Ascorbic Acid (Coated)]
19596,Amla Extract (Fruit) (Emblica Officinalis Gaertn)
19597,Pine Extract (Bark) (Pinus Pinaster)
19598,Camu-Camu (Myrciaria Dubia)
19599,Natural Beta-Carotene
19600,Hard Vegetarian Capsule (Hypromellose)
19601,Silicon Dioxide (Silica).']
19602,['BiovaBio
19603,Thiamin
19604,Iodine (from Kelp)
19605,Horsetail Plant Extract
19606,Reishi Mushroom
19607,Eleuthero Root Extract. Contains Egg.']
19608,Nephelium Lappaceum Extract
19609,Pinus Strobus Bark Extract.']
19610,['Growth Phase:'
19611,'BiovaBio
19612,Eleuthero Root Extract. Contains Egg.'
19613,'Supa Thick:'
19614,Trifolium Pratense Flower Extract
19615,Pisum Sativum Extract
19616,Triticum Vulgare Germ Extract
19617,Glycine Soja Germ Extract
19618,['Glycolic Acid
19619,Daucus Carota Sativa Extract
19620,Rosa damascena flower water
19621,Centaurea cyanus flower water
19622,Hexyl Nicotinate
19623,Oxidized Glutathione
19624,Hexamethyldisiloxane
19625,['Rosa Canina Seed Oil.']
19626,Pentapeptide-18
19627,Acetylarginyltryptophyl Diphenylglycine
19628,['Ascorbic Acid
19629,['Multi-Peptide Lash and Brow Serum:'
19630,Chlorphenesin.'
19631,'Multi-Peptide Serum for Hair Density:'
19632,C12-13 Alkyl Glyceryl Hydrolyzed Hyaluronate
19633,Manganese Pca
19634,Sucrose Dilaurate
19635,Sucrose Trilaurate
19636,['Hexamethyldisiloxane
19637,Silica Cetyl Silylate
19638,Alpha-Arbutin']
19639,PEG-10 Dimethicone.']
19640,['Argania Spinosa Kernel Oil.']
19641,['C13-16 Isoparaffin.']
19642,Pseudoalteromonas Exopolysaccharides
19643,Pinus Pinaster Bark Extract.']
19644,['Ascorbic Acid.']
19645,Squalane.']
19646,Ethylbisiminomethylguaiacol manganese chloride.']
19647,['Niacinamide.']
19648,['Salvia Hispanica Seed Oil.']
19649,Ethyl Ascorbic Acid.']
19650,['Squalane Cleanser:'
19651,'Caffeine Solution 5% + EGCG:'
19652,'Ethylated Ascorbic Acid 15% Solution:'
19653,Ethyl Ascorbic Acid.'
19654,'Glycolic Acid 7% Toning Solution:'
19655,['Hyaluronic Acid 2% + B5:'
19656,'100% Organic Cold-Pressed Rose Hip Seed Oil:'
19657,'Rosa Canina Seed Oil.']
19658,['80% Cotton
19659,20% Polyester.']
19660,['100% Polyester.']
19661,Hydrolyzed Brassica Napus Seedcake Extract
19662,Saccharum Officinarum (Sugarcane) Extract/Saccharum Officinarum/Extrait de canne a sucre
19663,Cassia Angustifolia Seed Extract
19664,Tetrasodium Glutamate Diacetate.']
19665,Sodium Stearoyl Glutamate.']
19666,['Gentle Micellar Antioxidant Cleanser:'
19667,Citrus Limon (Lemon) Fruit Water
19668,Sodium PCA.'
19669,'Firming Vegan Collagen Prep Serum:'
19670,'Nourishing Squalane Daily Moisturizer:'
19671,['Transcend:'
19672,'Humanity:'
19673,Water (Aqua / Eau)
19674,'Balance:'
19675,Ext Violet 2 (Ci 60730).'
19676,'Intention:'
19677,Water (aqua/eau)
19678,Blue 1 (ci 42090)
19679,Ext Violet 2 (ci 60730).']
19680,Covabsorb (Ethylhexyl Methoxycinnamate
19681,Ethylhexyl Salicylate)
19682,Butyl Methoxy-dibenzoylmethane
19683,Tinogard TT (Pentaerythrityl Tetra-di-t-butyl Hydroxyhydrocinnamate)
19684,Ext. Violet #2 (CI 60730)
19685,D-limonene
19686,Hydroxyisohexyl 3-Cyclohexene
19687,Carboxaldehyde
19688,Violet 2 (CI 60730)
19689,Butylphenyl Methylpropinal
19690,Courmarin Eugenol
19691,Hydroxyisohexyl 3- Cyclohexene
19692,Alpha-Isomethyl  Ionone
19693,Covabsorb (Ethylhexyl'
19694,['SD Alcohol 40B
19695,Ethylhexyl Salicilate
19696,Octadecyl Di-t-Butyl-4-Hydroxyhydrocinnamate
19697,Tinogard Q (Tris(Tetramethylhydroxypiperidinol)  Citrate)
19698,Tinogard TL (Benzotriazolyl Dodecyl p-Cresol)
19699,Chromium Hydroxide Green (Ci 77289).']
19700,['Castor Oil
19701,Di-Isostearyl Malate
19702,Tri-Octyldodecyl Exemplary Tray Agent
19703,Bis Di-Glyceryl Poly Adipate Acyl-2
19704,Hydro Jeneyi Suited Polydecene
19705,Soybean Extract
19706,Barley Extract
19707,Coconut Seed Butter
19708,Chamomile Flower Oil
19709,Cholesterol And Ceramide 3
19710,Acrylate Copolymers
19711,Linoleic Lake Acid
19712,A Tree In Tok Chicago Frills Reel Silane
19713,Sodium Beam With Silicate
19714,Calcium Aluminum Beam Silicate
19715,Synthetic Fluorinated Sample Logo Graphite
19716,Red Iron Oxide
19717,Yellow Iron Oxide
19718,Black Iron Oxide
19719,Blue No. 1 Lake
19720,Copper Powder
19721,Red No. 201
19722,Red 104 Arc (1) Lake
19723,Lake Red No. 202
19724,Red No. 226 Lake
19725,Lake Red Lake No. 227
19726,yellow No. 4 Lake
19727,Yellow No. 5].']
19728,Cinnamal <ILN39914>.']
19729,['Jojoba Oil (Simmondsia Chinesis (Jojoba) Seed Oil)
19730,Trivent Mango Butter (Mangifera Indica (Mango) Seed Butter)
19731,Petrolatum (Petrolatum). Avocadin Hu 25 (Persea Gratissima (Avacado) Oil/Phytosterols/Olea Eurpaea (Olive) Fruit Extract)
19732,Laurydone (Lauryl Pca)
19733,D’orientine Els (Caprylic/Capric Triglyceride/Phoenix Dactylifera (Date) Fruit Extract/Brassica Campestris (Rapeseed) Sterols)
19734,Maxi-Lip (Ethylhexyl Palmitate/Tribehenin/Sorbitan Isostearate/Palmitoyl Tripeptide-1)
19735,Vitamin E (Tocopherol Acetate).']
19736,Benzyl Cinnamate <ILN34117>.']
19737,Isoeugenol <ILN41795>.']
19738,'.']
19739,Acrylates/Ethylhexyl Acrylate/Dimethicone Methacrylate Copolymer
19740,Mica] <ILN44745>.']
19741,Butylphenyl Methylpropional <ILN39013>.']
19742,Benzyl Cinnamate <ILN40493>.']
19743,[+/- Black 2 (Ci 77266)
19744,Iron Oxides (Ci 77492)] <ILN40024>.']
19745,Farnesol <ILN39912>.']
19746,['Matte:'
19747,'Mica  Caprylic/Capric Triglyceride  Dimethicone  Diisostearyl Malate  Silica  Zinc Stearate  Caprylyl Glycol  Ethylhexylglycerin  Alumina  Tocopheryl Acetate  Synthetic Fluorphlogopite  Triethoxycaprylylsilane  C20-24 Olefin  [+/- Titanium Dioxide (Ci 77891)  Iron Oxides (Ci 77491)  Iron Oxides (Ci 77492)  Iron Oxides (Ci 77499)  Carmine (Ci 75470)  Ferric Ammonium Ferrocyanide (Ci 77510)  Ferric Ferrocyanide (Ci 77510)  Ultramarines (Ci 77007)  Blue 1 Lake (Ci 42090)  Yellow 5 Lake (Ci 19140)  Manganese Violet (Ci 77742)  Copper Powder (Ci 77400)  Chromium Hydroxide Green (Ci 77289)  Chromium Oxide Greens (Ci 77288)  Bronze Powder (Ci 77400)  Aluminum Powder (Ci 77000)  Bismuth Oxychloride (Ci 77163)].'
19748,'Shimmer:'
19749,'Synthetic Fluorphlogopite  Calcium Aluminum Borosilicate  Caprylic/Capric Triglyceride  Squalane  Dimethicone  Silica  Dicalcium Phosphate  Zinc Stearate  Calcium Sodium Borosilicate  Trimethylsiloxysilicate  Dimethicone/Vinyl Dimethicone Crosspolymer  Hydrogenated Styrene/ Isoprene Copolymer  Tocopheryl Acetate  Zea Mays (Corn) Starch  Glycerin  Ethylhexylglycerin  Caprylyl Glycol  C20-24 Olefin  Calcium Titanium Borosilicate  Tin Oxide  Alumina  Triethoxycaprylylsilane  Laureth-4  Pentaerythrityl Tetra-Di-T-Butyl Hydroxyhydrocinnamate  [+/- Mica  Titanium Dioxide (Ci 77891)  Iron Oxides (Ci 77491)  Iron Oxides (Ci 77492)  Iron Oxides (Ci 77499)  Aluminum Powder (Ci 77000)  Bismuth Oxychloride (Ci 77163)  Bronze Powder (Ci 77400)  Carmine (Ci 75470)  Chromium Hydroxide Green (Ci 77289)  Chromium Oxide Greens (Ci 77288)  Copper Powder (Ci 77400)  Ferric Ammonium Ferrocyanide (Ci 77510)  Ferric Ferrocyanide (Ci 77510)  Manganese Violet (Ci 77742)  Ultramarines (Ci 77007)  Blue 1 Lake (Ci 42090)  Yellow 5 Lake (Ci 19140)].']
19750,Coumarin <ILN37950>.']
19751,Blue 1 Lake (Ci 42090)] <ILN46169>.']
19752,Sorbitan Sesquistearate
19753,Phenoxyethanol <ILN41265>.']
19754,Farnesol <ILN39913>.']
19755,Bht <ILN42542>.']
19756,Isoeugenol <ILN40704>.']
19757,Ext. Violet 2 (Ci 60730) <ILN49398>.']
19758,Tocopherol ·Limonene
19759,Linalool· Coumarin
19760,Benzylcinnamate
19761,Evernia Prunastri(Oakmoss) Extract
19762,Pentaerythrityl Tetradi-T-Butyl Hydroxyhydrocinnamate
19763,Pentaerythrityl Tetra-Di-T-Butyl Hydroxyhydrocinnamate <ILN99076>.']
19764,Yellow No. 4 Lake
19765,['Behenic Acid
19766,['Coumarin
19767,Acetylcedrene
19768,Vetiveria Zizanioides Root Extract Acetylated
19769,Tetramethyl Acetyloctahydronaphthalenes.']
19770,Limonene <ILN42554>.']
19771,Copernicia Cerifera (Carnauba) Wax/Cera Carnauba
19772,Benzoic Acid <ILN48961>']
19773,Yellow 5 (Ci 19140) <ILN49891>.']
19774,With Stearic Acid
19775,Bayberry Fruit Wax
19776,Sucrose OSU Polybehenate
19777,Amino Methyl Propanediol
19778,Iso-Stearic Acid
19779,Pantheon Chin
19780,Rosemary Extract
19781,Olive Oil Bulgeom Cargo
19782,Hydro Jeneyi Sited Olive Oil
19783,Caprylic Rilgeul Glycol
19784,Blood Tiepeuyi
19785,Beuyipi / Eiko Senko Polymer
19786,Synthetic Fluorine Sample Logos Sulfite
19787,Blood Beuyipi
19788,Sime Chikon
19789,Hydroxyethyl Cellulose To The Fill
19790,Claw At Least One Microbicide Selected From Among Fe
19791,Polyamino Propyl Biguanide. May Contain (+/-): Mica
19792,Carbon Black
19793,Blue No. 1
19794,Chromium Hydroxide Green
19795,Chromium Oxide Green
19796,Yellow No. 4
19797,Ultramarine.']
19798,Citral <ILN41227>.']
19799,[+/- mica
19800,['Alcium Sodium Borosilicate
19801,[+/- Mica  Titanium Dioxide (Ci 77891)
19802,'Tetra-Di-T-Butyl Hydroxyhydrocinnamate.']
19803,Yellow 5 (Ci 19140) <ILN49957>.']
19804,Dimethicone Vinyl Dimethicone/Methicone Silsesquioxane Crosspolymer
19805,[+/- Mica]
19806,Pentaerythrityl Tetra-Di-T-Butyl Hydroxyhydrocinnamate <ILN50021>.']
19807,Iron Oxides (Ci 77499)] <ILN42443>.']
19808,['Contains ethyl linalool. May produce an allergic reaction.']
19809,Phenoxyethanol <ILN50363>']
19810,Jinx Te Rate
19811,Isononyl Benzoate Is Sono Nano
19812,Isopropyl Stearate Is Il
19813,Penta Erythro Ritil Te As The Source Rate
19814,Octyldodecyl Stearate Tetra-Isostearate
19815,Octyldodecyl Silrak Estate
19816,Pc Eyidi Mail Chikon
19817,Di-Iso-Stearyl Maleate
19818,Di Mechi Konol
19819,Tri-Methyl Siloxy Silicate
19820,Hydro Jeneyi Suited Castor Oil Hydroxystearate
19821,2-Hexane Diol
19822,Sodium Calcium Silicate With Bo
19823,Synthetic Fluorinated Graphite Sample Logos
19824,Calcium Aluminum Silicate Bo
19825,Tetra The Sodium Dithiane A
19826,Close At Least One Microbicide Selected From Among Fe
19827,City Ultramarine
19828,Manganese Violet
19829,Ferric Ammonium Ferrocyanide].']
19830,C30-45 Alkyldimethylsilyl Polypropylsilsesquioxane
19831,Red 22 Lake (Ci 45380).']
19832,['Isostearyl Alcohol
19833,Copernicia Cerifera (Carnauba) Wax\\ Copernicia Cerifera Cera /Cire De Carnauba
19834,['Chocolate: Water\\Aqua\\Eau
19835,Iron Oxides (CI 77492) <ILN50718>']
19836,Titanium Dioxide (Ci 77891)] <Iln49506>']
19837,Cocos Nucifera Water
19838,Phenoxyethanol. May Contain (+/-): Titanium Dioxide (CI 77891)
19839,Persea Gratissima (Avocado) Oil/Persea Gratissima Oil
19840,Tocopherol. May Contain (+/-):  Red 7 Lake (CI 15850)
19841,Theobroma Cacao (Cocoa) Fruit Powder/Theobroma Cacao Fruit Powder
19842,['Mineral Oil\\Paraffinum Liquidum\\Huile Minerale
19843,Polyglyceryl-10 Tetraoleate
19844,Capsicum Frutescens Resin
19845,Titanium Dioxide (CI 77891) <ILN48834>']
19846,['Delectable and White Peach:'
19847,Prunus Persica (Peach) Fruit Extract/Prunus Persica Fruit Extract
19848,Carmine (CI 75470). May Contain (+/-):  Ultramarines (CI 77007)
19849,'Summer Yum:'
19850,Sorbic Acid. May Contain (+/-):  Iron Oxides (CI 77491
19851,'Peaches’ N Cream:'
19852,Carmine (CI 75470). May Contain (+/-):  Iron Oxides (CI 77491
19853,'Candied Peach:'
19854,Carmine (CI 75470). May Contain (+/-):  Yellow 5 Lake (CI 19140)
19855,'Talk Derby To Me:'
19856,'Cobbler:'
19857,'Puree:'
19858,'Peach Pit and Caramel:'
19859,Linalool Fragrance
19860,Prunus Persica (Peach) Fruit Extract/ Prunus Persica Fruit Extract
19861,'Tempting:'
19862,Zinc Stearate. May Contain (+/-):  Iron Oxides (CI 77491
19863,'Charmed
19864,I’m Sure:'
19865,Sorbic Acid. May Contain (+/-):  Iron Oxides (CI 77491)
19866,'Georgia:'
19867,Carmine (CI 75470). May Contain (+/-): Iron Oxides (CI 77491
19868,'Just Peachy:'
19869,Carmine (CI 75470). May Contain (+/-):  Iron Oxides (CI 77491)
19870,Carmine (CI 75470). May Contain (+/-):  Bismuth Oxychloride (CI 77163)
19871,'Bless Her Heart:'
19872,Sodium Saccharin Water
19873,Sorbic Acid. May Contain (+/-): Bronze Powder (CI 77400)
19874,Lactobacillus/Salix Alba Bark Ferment Filtrate
19875,Lauryl Alcohol Diphosphonic Acid
19876,Cocos Nucifera (Coconut) Water/Cocos Nucifera Water
19877,Cocos Nucifera (Coconut) Fruit Juice/Cocos Nucifera Fruit Juice
19878,['Mineral Oil/Paraffinum Liquidum/ Huile minérale
19879,Glycine Soja (Soybean) Oil/Glycine Soja Oil
19880,Alumia
19881,Chondrus Crlspus
19882,Carmine (CI 75470). MAY CONTAIN/PEUT CONTENIR (+/-): Titanium Dioxide (CI 77891)
19883,Iorn Oxides (CI 77491
19884,Yellow 6 Lake (C1 15985)
19885,Red 7 Lake (15850)
19886,Terminalia Arjuna Bark Extract
19887,Iron Oxides (CI 77499) <ILN50047>']
19888,Beeswax/Cera Alba/ Cire d’abeille
19889,Copernicia Cerifera (Carnauba) Wax/Copernicia Cerifera Cera/ Cire De Carnauba
19890,['Swan
19891,Nude
19892,Petal
19893,Warm Rose:'
19894,Cocos Nucifera Liquid Endosperm
19895,'Maple
19896,Cocoa:'
19897,'Seashell
19898,Sparkling Sable:'
19899,'Glistening Snow
19900,Shimming Pearl
19901,Golden Light:'
19902,'Sparkling Sand
19903,Sugared Chestnut:'
19904,Ferric Ferrocyanide (CI 77510)].'
19905,'Sparking Rum:'
19906,Copper Powder (CI 77400).'
19907,'Truffle:'
19908,['Silk Teddy:'
19909,Oryza Sativa (Rice) Extract/Oryza Sativa Extract
19910,Cocos Nucifera (Coconut) Oil/Cocos Nucifera Oil
19911,'Erotica:'
19912,'Push-Up:'
19913,'Sexpresso:'
19914,'Cashmere Bunny
19915,Heaven:'
19916,Vanillin. May Contain (+/-): Yellow 5 Lake (Ci 19140)
19917,'Honey Pot:'
19918,'Chocolate Martini:'
19919,'Strip Poker:'
19920,['Mineral Oil/Paraffinum Liquidum/Huile minérale
19921,['Pink Sand:'
19922,'Tropic Like It’s Hot:'
19923,'Starlight:'
19924,'Pink Wink:'
19925,'Satin Sheets:'
19926,'Sunny Honey:'
19927,Caprylyl Methicone Phenyl Trimethicone
19928,Methyl Methacrylate Copolymer
19929,Ficus Carica (Fig) Fruit Extract/Ficus Carica Fruit Extract
19930,['Mineral Oil
19931,Copernicia Cerifera (Carnauba) Wax\\Copernicia Cerifera Cera
19932,Peg-9 Dimethicone
19933,['It’s Designer
19934,Fancy That:'
19935,Carmine (Ci 75470). May Contain (+/-): Titanium Dioxide (Ci 77891)
19936,'Coal Under Pressure:'
19937,'It’s Cashmere:'
19938,'Oh
19939,That’s Rich!:'
19940,'Ethylene/Acrylic Acid Copolymer
19941,'Silver Spoon:'
19942,'Don’t Carat All:'
19943,'Highly Selective:'
19944,Lauroyl Lysine; Aluminum Dimyristate
19945,SodiumDehydroacetate
19946,'Clutch Your Pearls:'
19947,'Filthy Rich:'
19948,'Princess Cut:'
19949,'Set The Jewel Tone:'
19950,'Fluent In Diamonds:'
19951,'Diamonds 4 Breakfast:'
19952,Ferric Ammonium Ferrocyanide (Ci 77510) Iron Oxides (Ci 77491
19953,'Diamond Glitterati:'
19954,Silica Silylate; Glyceryl Caprylate
19955,'Diamond Life:'
19956,'Jojoba Esters
19957,Farnesyl Acetate
19958,Potassium Sorbate. May Contain (+/-): Titanium Dioxide (Ci 77891)
19959,Isobutyl Stearate
19960,['Lip Injection Extreme:'
19961,'Mineral Oil\\Paraffinum Liquidum\\Huile Minerale
19962,'Lip Injection Maximum Plump:'
19963,'Lip Injection Maximum Plump
19964,Angel Kisses:'
19965,Iron Oxides (CI 7749 1).']
19966,Malpighia Glabra (Acerola) Fruit Extract
19967,Yellow 5 Lake (CI 19140)] <ILN49846>.']
19968,PPG-51/SMDI Copolymer
19969,Dextrin Isostearate
19970,Cymbidium Grandiflorum Flower Extract
19971,['Shell We Dance
19972,Shell Yeah
19973,Sandy Cheeks:'
19974,'Suns Out
19975,Surfboard
19976,Hey
19977,So So Hot
19978,Bonfire Babes:'
19979,'Cocoa Glow
19980,Black Sand
19981,High Tide
19982,Nude Beach
19983,Sun Chaser
19984,Butter Pecan
19985,Golden Hour
19986,Chai Times:'
19987,Punica Granatum (Pomegranate) Flower Extract
19988,Rosa Canina (Rose Hips) Fruit Extract
19989,Red 6 (CI 15850)] <ILN50483>.']
19990,PEG-9 Dimethicone
19991,['No Peeking!
19992,O Christmas Treats
19993,and Stockings Hung:'
19994,Ultramarines (CI 77007)] <ILN50822>.'
19995,'Jingle Mingle:'
19996,Titanium Dioxide (CI 77891) <ILN50825>.'
19997,'Better Not Pout:'
19998,Titanium Dioxide (CI 77891) <ILN50823>.'
19999,Deer:'
20000,Titanium Dioxide (CI 77891) <ILN50824>.'
20001,'Coming to Town:'
20002,Titanium Dioxide (CI 77891) <ILN50826>.'
20003,'Elf-Taught:'
20004,Iron Oxides (CI 77499) <ILN50827>.']
20005,['Hair Band
20006,Pet Me:'
20007,'Backstage Pass:'
20008,'Power Ballad:'
20009,'Rock of Ages
20010,Groupie:'
20011,'Heavy Metal
20012,Me-Wow!:'
20013,['1 Up
20014,Don’t Play Me
20015,Easter Egg
20016,Cheat Code:'
20017,'Fangirl
20018,Secret Level
20019,Multi-Player
20020,Joystick:'
20021,Carmine (CI 75470)].']
20022,Prunus Persica (Peach) Fruit
20023,['Bitter Half
20024,Nice Buns:'
20025,Theobroma Cacao (Cocoa) Fruit Powder
20026,Manganese Violet (CI 77742)]'
20027,'Midnight Snack:'
20028,Ferric Ferrocyanide (CI 77510)'
20029,'Gold Digger:'
20030,'Brownie Points
20031,Buttercream
20032,Lick The Bowl
20033,Cake My Day
20034,Bite Me:'
20035,'Magnesium Myristate
20036,Yellow 5 Lake (CI 19140)]'
20037,'Reality Choc:'
20038,'What The Fudge?
20039,Bless Your Tart:'
20040,Carmine (CI 75470)]'
20041,'Milk It:'
20042,'I’m The Dessert
20043,Ooey Gooey:'
20044,'Sugar Rush:'
20045,'Sexts & Candy:'
20046,'Skinny Dipped:'
20047,Dipentaerythrityl Pentaisostearate
20048,['Water\Aqua\Eau
20049,Phenoxyethanol <Iln51130>']
20050,Red 33 Lake (Ci 17200)].']
20051,['Octinoxate 5.0%
20052,Zinc Oxide 2.2%
20053,Kojic Acid Dipalmitate
20054,Gluthathione
20055,Turmeric Butter
20056,Dimethylmethoxy Chromanyl Palmitate
20057,Glycyrrhiza Glabra {Licorice) Root Extract
20058,Smilax Aristolochiaefolia Root Extract
20059,Astragalus Membranacueus Root Extract
20060,Cordyceps Militaris Mycelium Extract
20061,Foeniculum Vulgare (Fennel) Extract
20062,Capsicum Annuum Fruit Powder
20063,['Ethyl Alcohol 70% v/v
20064,Leuconostoc/Radish Root Ferment Lysate Filitrate
20065,['Ethyl Alcohol
20066,Propanedoil
20067,Peaonla Lactifolia Root Extract
20068,Linalooll
20069,Ethylhexylglycerin. MAY CONTAIN: Iron Oxides (CI 77491)
20070,['Zinc oxide
20071,12.6%
20072,Opuntia Tuna Fruit
20073,Salvia Officinalis (Sage) Extract
20074,May Contain (+/-): Iron Oxides (CI 77491
20075,Hypochlorous Acid.']
20076,May contain: Titanium Dioxide (CI 77891).']
20077,['ShineOn Jelly Lip Gloss in Coconut:'
20078,Prunus Armeniaca Kernel Oil
20079,Ci 77891.'
20080,'ShineOn Jelly Lip Gloss in Dream:'
20081,Canola Oil/Canola/Huile de colza
20082,['Ionized Water
20083,Sodium Magnesium
20084,Fluorosilicate
20085,Lactis proteinum/Milk Protein/Protéine du lait
20086,Olus Oil/Vegetable Oil/Huile végétale
20087,Glutaral
20088,Beta Vulgaris (Beet) Root Extract/Beta Vulgaris/Extrait de racine de betterave
20089,Benzyl benzoate
20090,CI 77861/Tin Oxide
20091,CI 77019/Mica.']
20092,Vaccinium Angustifolium (Blueberry) Fruit Extract) Lactic Acid
20093,Diphenyl Succinate
20094,AcetylCysteine
20095,Pimpinella Anisum Fruit Extract
20096,Phenoxyethanol May Contain: Titanium Dioxide (CI 77891).']
20097,Theobroma Cacao (Cocoa) seed Extract
20098,Ceramide As
20099,Beta-Sitosterol.']
20100,['The Cult Classic Purifying Face Cleanser:'
20101,'So Polished Exfoliating Sugar Scrub:'
20102,'24-7 Moisture Hydrating Day & Night Cream:'
20103,'Brightening Treatment Drops Triple Vitamin C Serum:'
20104,Milk Protein/Lactis Proteinum/Protéine du lait
20105,Plumeria Rubra Flower
20106,Hibiscus Abelmoschus Seed Extract
20107,Polystyrene
20108,Yogurt Extract
20109,CI 77491/CI77492/Iron Oxides
20110,Titanium Dioxide 3.6%
20111,Zinc Oxide 2.34%']
20112,Carum Carvi (Caraway) Seed Oil
20113,Peumus Boldus Leaf Extract
20114,Propylene Glycol Dipelargonate
20115,Pseudozyma Epicola/Argania Spinosa Kernel Oil/Olive Fruit Oil/Sunflower Seed Oil/(Angelica Gigas/Licorice/Lithospermum Erythrorhizon) Root Ferment Extract Filtrate
20116,Pinus Pinaster Extract (Pinus Pinaster Bark Extract)
20117,Hydroxycitronellal']
20118,Hydrolyzed Hemp Seed Protein
20119,Beta-carotene
20120,Beta-sitosterol
20121,Phytic Acid.']
20122,Lactobacillus/Pumpkin Ferment Filtrate
20123,Corallina officinalis Extract
20124,['Wrinkle Treatment Drops Retinol Alternative Serum:'
20125,'Laurate
20126,Phytic Acid.'
20127,'Beauty Sleep Overnight Repair Treatment:'
20128,Dipentaerythrityl Penta Isononanoate
20129,Linum Usitatissimum (Linseed) Oil
20130,Methyl Undecylenate
20131,Ethyl Undecylenate
20132,Phenylisohexanol
20133,Dipentaerythrityl Hexahydroxystearate/Hexastearate/Hexatosinate
20134,'Protect + Plump Firming & Hydrating Face Moisturizer:'
20135,Curcuma Longa  (Turmeric) Root Extract
20136,'Instant Depuff Eye Renewal Serum:'
20137,Lactis Proteinum/Milk Protein/Protéine du lait
20138,Iron Oxides (CI 77492/CI 77499)
20139,Pseudozyma Epicola/Argania Spinosa Kernel Oil/Olive Fruit Oil/Sunflower Seed Oil
20140,Citrus Junos Peel Oil
20141,SIlica
20142,Citra.']
20143,Hydrogenated Poly(C6-20 Olefin)
20144,Sodium Cocamidopropyl PG-Dimonium Chloride Phosphate
20145,Glycereth-5 Lactate
20146,Rosmarinus Officinalis Leaf Extract/Rosemary Leaf Extract. (D268223/1).']
20147,Tocopherol. [+/- (May Contain/Peut contenir): CI 77499 (Iron Oxides)
20148,CI 77266 (Black 2)].']
20149,['Darkheart:'
20150,Tin Oxide. [+/- (May Contain): CI 77491
20151,CI 77288/Chromium Oxide Greens].'
20152,'All Other Shades:']
20153,Water. [+/- (May Contain): Mica
20154,Prunus Persica Fruit Extract / Peach Fruit Extract
20155,Cucumis Sativus Fruit Extract / Cucumber Fruit Extract
20156,Daucus Carota Sativa Root Extract / Carrot Root Extract
20157,Polyurethane-33. May Contain (+/-):Iron Oxides (Ci 77491
20158,Caffeine.']
20159,['Skimp:'
20160,CI 77007 (Ultramarines)].'
20161,'Kaolin
20162,'Frisk:'
20163,'Cover/Primal:'
20164,'Undone:'
20165,CI 77007 (Ultramarines)].']
20166,Polyethylene Talc
20167,Magnesium Stearate. [+/- (All Shades May Contain): Mica
20168,CI 77891 / Titanium Dioxide
20169,CI 77742 / Manganese Violet
20170,CI 77007 / Ultramarines
20171,CI 77163 / Bismuth Oxychloride
20172,CI 77400 / Bronze Powder
20173,CI 75470 / Carmine
20174,CI 77000 / Aluminum Powder
20175,CI 42090 / Blue 1 Lake
20176,CI 77400 / Copper Powder
20177,CI 77510 / Ferric Ferrocyanide
20178,CI 77288 / Chromium Oxide Greens
20179,CI 77510 / Ferric Ammonium Ferrocyanide
20180,CI 19140 / Yellow 5 Lake
20181,CI 77289 / Chromium Hydroxide Green
20182,CI 19140 / Yellow 5].']
20183,Colophonium / Rosin / Colophane
20184,Tin Oxide. [+/- (May contain/Peut contenir): Mica
20185,CI 15850 / Red 7
20186,CI 45410 / Red 28 Lake
20187,CI 15850 / Red 7 Lake
20188,CI 15850 / Red 6
20189,CI 15985 / Yellow 6 Lake
20190,CI 73360 / Red 30].']
20191,Tocopherol. [+/- (All Shades May Contain): CI 77891 (Titanium Dioxide)
20192,CI 77491/77492/77499 (Iron Oxides)].']
20193,Copernicia Cerifera (Carnauba) Wax (Cera Carnauba/Cire de Carnuba)
20194,Mel (Honey/Miel) Extract
20195,Serine. [+/- (May Contain): CI 77499 (Iron Oxides)].']
20196,Oryza Sativa (Rice/Riz) Bran Oil
20197,Aqua (Water/Eau) May Contain: Mica
20198,Empetrum Nigrum Fruit Juice
20199,Methicone. May Contain (+/-):Iron Oxides (Ci 77491
20200,['Ink:'
20201,Triisopropanolamine. [+/- (May contain): CI 16035 / Red 40
20202,CI 19140 / Yellow 5
20203,CI 42090 / Blue 1
20204,CI 77266 [nano] / Black 2].'
20205,'Pencil (Crayon):'
20206,Tocopherol. [+/- (May contain): CI 77491
20207,['Angel Fire:'
20208,'Oryza Sativa Extract/Rice Extract
20209,Polymethyl Methacrylate. May Contain (+/-): Mica
20210,'Blur:'
20211,Magnesium Stearate. May Contain (+/-): Mica
20212,'All Other Shades:'
20213,Magnesium Stearate. All Shades May Contain (+/-): Mica
20214,['Spur:'
20215,Ci 77742 / Manganese Violet
20216,Ci 19140 / Yellow 5 Lake
20217,Cellulose (D266111/1).'
20218,'Rustler:'
20219,Ci 77400 / Copper Powder
20220,Ci 77510 / Ferric Ammonium Ferrocyanide
20221,Ethylene/Acrylic Acid Copolymer (D262125/1).'
20222,'Standoff:'
20223,Ethylene/Acrylic Acid Copolymer (D266112/1).'
20224,'Nudie:'
20225,Boron Nitride (D262127/1).'
20226,'Laredo:'
20227,Cellulose (D262128/1).'
20228,'Ghost Town:'
20229,Boron Nitride (D262129/1).'
20230,'Cowboy Rick:'
20231,Ethylene/Acrylic Acid Copolymer (D262130/1).'
20232,'Bud:'
20233,Ci 77288 / Chromium Oxide Greens
20234,Ci 77510 / Ferric Ferrocyanide
20235,Ci 42090 / Blue 1 Lake
20236,Ethylene/Acrylic Acid Copolymer (D262131/1).'
20237,'Tex:'
20238,Boron Nitride (D262132/1).'
20239,'Whiskey:'
20240,Talc (D262203/1).'
20241,'Pony Up:'
20242,Talc (D262204/1).'
20243,'Hold Em:'
20244,Oryza Sativa Extract / Rice Extract
20245,Ci 77492 / Iron Oxides (D262212/1).']
20246,['Glassy:'
20247,Ci 77163/Bismuth Oxychloride
20248,Ethylene/Acrylic Acid Copolymer.'
20249,'Public:'
20250,'Laced Up:'
20251,Boron Nitride.'
20252,'Stolen:'
20253,'Right Time:'
20254,'Spiced:'
20255,Ci 77400/Copper Powder
20256,Ethylene/Acrylic Acid Copolymer.']
20257,Biotin. [+/- (May Contain/Peut Contenir): CI 77891/Titanium Dioxide
20258,CI 77499/Iron Oxides].']
20259,Pentaerythrityl Tetra-Di-T-Butyl Hydroxyhydrocinnamate. May Contain (+/-):Titanium Dioxide (Ci 77891)
20260,['isododecane
20261,trimethylsiloxysilicatepolymethylsilsesquioxane/trimethylsiloxysilicate
20262,polypropylsilsesquioxanec30-45 alkyldimethylsilyl polypropylsilsesquioxanetrimethylsiloxyphenyl dimethicone
20263,ci 77891 / titanium dioxide
20264,trimethyl pentaphenyl trisiloxane
20265,bis-stearyl dimethicone
20266,ci 77491 / iron oxides
20267,ci 15850 / red 7
20268,ci 77499 / iron oxides
20269,silicahelianthus annuus seed oil / sunflower seed oil
20270,tocopherol.']
20271,Hexylene Glycol. May Contain (+/-): Mica
20272,Oryza Sativa Bran Cera / Rice Bran Wax
20273,Alumina. [+/- (May contain/Peut contenir): CI 77491
20274,CI 19140 / Yellow 5 Lake].']
20275,Synthetic Fluorphlogopite. May Contain (+/-): Mica
20276,Cera Alba (Beeswax/Cire d’abeille)
20277,HexyleneGlycol
20278,Silica Dimethyl Silylate [nano] / Silica Dimethyl Silylate
20279,Carthamus Tinctorius (Safflower/Carthame) Seed Oil
20280,['(Edible) Ci 77499 / Iron Oxides
20281,; (Rollin); Talc
20282,; (Half Baked) Mica
20283,; (Rocky) Mica
20284,; (Buck Off) Mica
20285,Hamamelis Witch Hazel Water
20286,Coconut Water
20287,PEG-35 Castor Oil
20288,Radish Root
20289,Ferment Filtrate
20290,Serine. [+/- (May contain/Peut contenir): CI 77499 / Iron Oxides].']
20291,Polyurethane-11. May Contain (+/-): Mica
20292,Perfluorooctyl Triethoxysilane / Perfluorohexylethyl Triethoxysilane
20293,Palmitoyl Proline
20294,Sodium Palmitoyl Sarcosinate
20295,Magnesium Palmitoyl Glutamate
20296,Tocopherol. [+/- (May contain/Peut contenir): CI 77891 / Titanium Dioxide
20297,Moringa Oleifera Seed Oil. [+/- (May contain / Peut contenir): CI 77491
20298,CI 73360 / Red 30 Lake
20299,CI 15850 / Red 6].'
20300,'Bronzer
20301,Highlighter:'
20302,Tin Oxide. [+/- (May contain / Peut contenir): Mica
20303,Allyl Stearate/VA Copolymer
20304,Silica Dimethyl Silylate (Nano)/Silica Dimethyl Silylate
20305,BHT. May Contain (+/-): CI 77491
20306,Disodium Laureth Sulfosuccinate. May Contain (+/-): Black 2 (CI 77266).']
20307,['Eyeshadow Primer Potion:'
20308,Aqua (Water/Eau). May Contain: Mica
20309,CI 774491/77492/774499 (Iron Oxides)
20310,'24/7 Glide-On Eye Pencil:'
20311,Phenoxyethanol. May Contain: CI 77499 (Iron Oxides)
20312,CI 77510 (Ferric Ferrocyanide).'
20313,'Perversion Mascara:'
20314,Serine. [+/- (May Contain/Peut contenir): CI 77499 (Iron Oxides)].']
20315,Tocopherol. [+/- (May Contain / Peut Contenir): Ci 77491
20316,['Glide-On Eye Pencil in Snow and Stars:'
20317,'Ci 77499/Iron Oxides
20318,Propylene Carbonate.'
20319,'Glide-On Eye Pencil in Lunar Landing:'
20320,Rosmarinus Officinalis Leaf Extract/Rosemary Leaf Extract.']
20321,['Voce Viva Eau de Parfum:'
20322,Tris(Tetramethylhydroxypiperidinol ) Citrate
20323,Ci 19140 / Yellow 5.'
20324,'Born in Roma Donna Eau de Parfum:'
20325,Ci 19140 / Yellow 5.']
20326,Citrus Aurantium Bergamia Fruit Oil / Bergamot Fruit Oil
20327,Parfum / Fragrance']
20328,Ci 77163 / Bismuth Oxychloride
20329,Tris-Bht Mesitylene
20330,Benzyl Cinnamate (f.i.l. b235900/1).']
20331,CI 60730/Ext. Violet 2.']
20332,Violet 2.']
20333,(Code F.I.L B276757/1).']
20334,['Black Felt Tip:'
20335,'C263871/1 Aqua / Water / Eau
20336,Disodium Laureth Sulfosuccinate.'
20337,'Gel Liner:'
20338,'C267317/1 Trimethylsiloxysilicate
20339,Silica [Nano] / Silica
20340,[May Contain Ci 77491
20341,Ci 16035 / Red 40 Lake
20342,Ci 77510 / Ferric Ammonium Ferrocyanide].']
20343,Magnesium Silicate.']
20344,Citrus Aurantium Bergamia Fruit Oil/Bergamot Fruit Oil
20345,['Taupe Felt Tip:'
20346,'C263869/1 Aqua / Water / Eau
20347,Ci 16035 / Red 40
20348,Triisopropanolamine Pencil: C261574/1 Hydrogenated Soybean Oil
20349,[May Contain / Peut Contenir Ci 77491
20350,Ci 77891 / Titanium Dioxide].'
20351,'Pencil:'
20352,'C261574/1 Hydrogenated Soybean Oil
20353,[May Contain CI 77891/Titanium Dioxide
20354,CI 77491/Iron Oxides].']
20355,Limonene Ethylhexyl Salicylate
20356,CI 19140/Yellow 5.']
20357,['C264195/1 Dimethicone
20358,[May Contain / Peut Contenir Mica
20359,Ci 77510 / Ferric Ferrocyanide].'
20360,'C264207/1 Talc
20361,'C264217/1 Polyethylene Terephthalate
20362,[May Contain / Peut Contenir Ci 77400 / Bronze Powder
20363,Ci 77000 / Aluminum Powder].']
20364,Tocophero.']
20365,Ci 45410 / Red 28 Lake
20366,Ci 15850 / Red 7 Lake
20367,['C262049/1 Synthetic Fluorphlogopite
20368,Curcuma Longa (Turmeric) Callus Conditioned Media
20369,Citrus Bergamia Peel Oil Expressed
20370,Vigna Radiata Sprout Extract
20371,Hexapeptide-40 Sh-Polypeptide 9
20372,Hexapeptide-40 Sh-Polypeptide-86.']
20373,['GRO Hair Serum:'
20374,Citrus  Bergamia Peel Oil Expressed
20375,Hexapeptide-40 Sh-Polypeptide-86.'
20376,'GRO Biotin Gummies for Hair:'
20377,'Vitamin A (Acetate)
20378,Vitamin C (Ascorbic Acid)
20379,Vitamin D-3 (Cholecalciferol)
20380,Vitamin E (D-Alpha Tocopherol) Acetate
20381,Vitamin B-6 (Pyridoxine Hcl)
20382,Vitamin B-9 (Folic Acid)
20383,Vitamin B-12 (Cyanocobalamin)
20384,Vitamin B-7 (Biotin)
20385,Choline (Choline Bitartrate)
20386,Vitamin B-5 (As D-Calcium Pantothenate)
20387,Zinc (Zinc Citrate)
20388,Iodine (Potassium Iodide)
20389,Dextrose
20390,Citric Acid (Anhydrous)
20391,Natural Flavors And Colors
20392,Mct Oil.']
20393,Glycine Soja Seed Extract
20394,Sr-Spider Polypeptide-1
20395,Palmitoyl Tetrapeptide-20
20396,Glycoproteins.']
20397,Hydrated Aluminum (Kaolin) Silicate
20398,Trifolium Pratense (Clover) Extract']
20399,Vigna Radiata Sprout Extract.']
20400,['Vitamin A (Acetate)
20401,(Trifolium Pratense (Clover)/Vigna Radiata) Sprout Extract
20402,Nicotiana Benthamiana Hexapeptide-40 sh-Polypeptide-86.']
20403,['GRO WELL Hair Boost Supplement Powder + Probiotic: Mixed Berry:'
20404,'Supplement Facts: Serving Size - 1 Packet (3.5 grams)'
20405,'Amount Per Serving: Vitamin A (As Beta Carotene) 1
20406,800mcg RAE (200% DV*)
20407,Vitamin C (As Acerola Fruit Juice Powder (Malpighia Galbra L.)) 125mg (139% DV*)
20408,Vitamin E (As D-Alpha Tocopheryl Acetate) 40mg Α-Tocopherol (267% DV*)
20409,Folate (As Folic Acid) 400mcg (100% DV*)
20410,Biotin 5
20411,000mcg (16667% DV*)
20412,Iodine (As Potassium Iodide) 225mcg (150% DV*)
20413,Zinc (As Zinc Bisglycinate Chelate) 11mg (100% DV*)
20414,Selenium (As Selenium Bisglycinate Chelate) 200mcg (364% DV*).'
20415,'Grape Seed Extract (95% Proanthocyanidins) (Vitis Vinifera) 300mg (**)
20416,Pumpkin Seed Extract 10:1 (Cucurbita Moschata) 200mg (**)
20417,Saw Palmetto Powder (Serenoa Repens)(Fruit) 200mg (**)
20418,Ashwagandha Extract (Withania Somnifera)(Root) (KSM-66) 200mg (**)
20419,Turmeric Powder (Curcuma Longa)(Root) 100mg (**)
20420,Fo-Ti Root Powder (Polygonum Multiflorum) 100mg (**)
20421,Shavegrass (Horsetail) Powder (Equisetum Arvense) (Aerial Parts) 100mg (**)
20422,Acai Juice Powder (Euterpe Oleracea)(Acai Puree) 50mg (**)
20423,Hyaluronic Acid (From Sodium Hyaluronate) 25mg (**)
20424,Black Pepper Extract (Piper Nigrum)(Fruit) (Bioperine) 10mg (**)
20425,Cayenne Pepper Fruit Extract (Capsicum Annuum L.)(Capsimax) 5mg (**). SL11 Probiotics Blend: 50 Billion CFU (100mg)**
20426,Lactobacillus Casei
20427,Lactobacillus Salivarius
20428,Lactobacillus Paracasei
20429,Lactobacillus Plantarum
20430,Bifidobacterium Lactis
20431,Bifidobacterium Bifidum
20432,Bifidobacterium Longum
20433,Lactobacillus Bulgaricus
20434,Bifidobacterium Breve
20435,Stevia Leaf Extract
20436,Beet Root Powder (For Color)
20437,Strawberry Powder
20438,Blueberry Fruit Powder
20439,Elderberry Extract (Sambucus Nigra L.)(Fruit).'
20440,'GRO WELL Hair Boost Supplement Powder + Probiotic: Cacao:'
20441,'Supplement Facts: Serving Size - 1 Packet (5.5 grams)'
20442,'Amount Per Serving: Calories 5
20443,Total Carbohydrate 1g (<1% DV*)
20444,Dietary Fiber 0.5g (2% DV*)
20445,Total Sugars 0g (**)
20446,Added Sugars 0g (0% DV*). Vitamin A (As Beta Carotene) 1
20447,Selenium (As Selenium Bisglycinate Chelate) 200mcg (364% DV*)
20448,Sodium (As Sodium Chloride) 31mg (1% DV*).']
20449,['Vitamin D (as Cholecalciferol)
20450,Vitamin B6 (as Pyridoxine HCl)
20451,Vitamin B12 (as Methylcobalamin)
20452,Iron (as Ferrous Bisglycinate chelate)
20453,Zinc (as Zinc Picolinate)
20454,Selenium (as Selenium Glycine Complex)
20455,Copper (as Cupric Sulfate)
20456,Keranat Oil
20457,Venetron Rafuma Leaf Extract (Apocynum venetum)
20458,5-Hydroxy-L-Tryptophan (5-HTP)
20459,Gamma Aminobutyric Acid (GABA)
20460,Para-Amino-Benzoic Acid (PABA)
20461,Fo-Ti root extract (Radix Polygonium Multiflorium)
20462,Safflower Oil
20463,Sunflower lecithin
20464,Rice bran wax
20465,Olive oil
20466,Shell: Modified Corn Starch
20467,sr-(Wasp Spider Polypeptide-1 Oligopeptide-178)
20468,Gardenia Florida Flower Extract
20469,Alcohol Denatured
20470,Glucopeptide-2
20471,Hexapeptide-40 Sh-Polypeptide 86
20472,1 Difluoroethane.']
20473,Nicotinana Benthamiana Hexapeptide-40 sh-Polypeptide-0
20474,Trifolium Pratense (Clover)/Vigna Radiata) Sprout Extract
20475,Sorbitan Monooleate
20476,Citrus Aurantium Bergamia (Bergamot) Fruit Fragrance
20477,Sr-Spider
20478,Polypeptide-1.'
20479,Citrus Aurantium Var (Neroli) Essential Oil
20480,Citrus Aurantium Bergamia (Bergamot) Fruit Fragrance.']
20481,Astrocaryum Murumuru Water/Aqua/Eau
20482,['Cruelty-free
20483,Synthetic-Silk Material.']
20484,['False Lashes:'
20485,'Cruelty Free
20486,Synthetic Silk Material on an invisible band.'
20487,'Lash Adhesive:']
20488,['Lash and Go Eyeliner:'
20489,Rubber Latex
20490,Carbon Black (CI 77266).'
20491,'Magnetic Effortless Lash:'
20492,'Synthetic Fibres.']
20493,['Vegan Mink Fiber.']
20494,['Premium Vegan Fibers
20495,Cotton-Thread Lash Band
20496,8 Mini Magnets.']
20497,['Brow Balm:'
20498,Di-PPG-3 Myristyl Ether Adipate
20499,Butyrospermum Parkii (Shea) Butter.'
20500,Iron Oxides(Ci 77499)']
20501,['Acrylates/Ethylhexl
20502,Butyrospermum Parkii'
20503,'(Shea) Butter
20504,Senegal Gum
20505,Octapeptide 2
20506,['Hemp-Derived Fibers
20507,Cotton-Thread Band.']
20508,['Pretty Big Deal Mascara:'
20509,'Long & Strong Lash Serum:'
20510,Panthenol (Pro-Vitamin B5)
20511,PPG-2 Hydroxyethyl Coco/Isostearamide
20512,Rosa Centifolia (Rose) Flower Extract
20513,Lavandula Angustifolia (Lavender) Flower/Leaf Extract
20514,Hydrolyzed Vegetable Protein pg-Propyl Silanetriol
20515,Cocodimonium Hydroxypropyl Hydrolyzed Rice Protein
20516,Chamomilla Recutita Flower/Leaf (ORGANIC Chamomile) Extract
20517,Hydrolyzed Vegetable Protein  PG-Propyl Silanetriol
20518,Benzethonium Chloride
20519,Quaternium-91 Fragrance (Parfum)
20520,Phenyl Trimethicone Glycerin
20521,Trideceth-12 Potassium Sorbate
20522,Sodium C14-16 Olephin Sulfonate
20523,Sodium Laurylsulfoacetate
20524,Ammonium Chloride
20525,Arginine (L-Arginine)
20526,Aspartic Acid (L-Aspartic Acid)
20527,Alanine (L-Alanine)
20528,Serine (L-Serine)
20529,Valine (L-Valine)
20530,Threonine (L-Threonine)
20531,Proline (L-Proline)
20532,Isoleucine (L-Isoleucine)
20533,Phenylalanine (L-Phenylaline)
20534,Histidine (L-Histidine)
20535,Argania Spinosa Kernal (ORGANIC Argan) Oil
20536,Trimethylsilylamodimethicone
20537,C12-15 Pareth-9
20538,C11 15.']
20539,Hydroxyisohexyl 3-cyclohexene Carboxaldehyde
20540,Alpha-isomethyl Ionone.']
20541,['Kernel Oil
20542,Caprylyl 2-Glyceryl Ascorbate
20543,Ethyl Ester of Hydrolyzed Silk
20544,Boswellia Carterii Gum Oil
20545,Amyl Cinnamyl
20546,Butyl Ester Of PVM/MA Copolymer
20547,Dimethyl Lauramine Isostearate
20548,Silicone Quaterium-16
20549,Punica Granatum(Pomegranate) Fruit Extract
20550,Vaccinium Myrtillus Fruit (Bilberry) Extract
20551,Fragrance/Perfume
20552,Glycerin Urea
20553,Lactobionic acid
20554,Citrus Grandis (Grapefruit) extract
20555,Epilobium Angustifolium Flower/Leaf/Steam Extract
20556,Anhyrdoxylitol
20557,Glucose Pentaacetate
20558,Lactofferin
20559,['Ghost Shampoo:'
20560,Chamomilla Recutita (Chamomile) Flower Extract
20561,'Ghost Conditioner:'
20562,Ci 60725
20563,Hydroxyisohexyl 3-cyclohexene Carboxaldehyde.']
20564,PG-hydroxyethylcellulose Cocodimonium Chloride
20565,Saccharum Officinarum (Sugar Cane) extract
20566,panthenol
20567,Butylhydroxytoluene (BHT)
20568,Hexyl Cinnamic Aldehyde
20569,['Purple Shampoo:'
20570,Peg-12 Allyl Ether
20571,'Purple Mask:'
20572,'Ghost Oil:'
20573,Helianthus Annuus (Sunflower) Flower Extract
20574,Butylphenyl methylpropional
20575,Butyl ester of PVM/MA Copolymer
20576,Prunus Amygdalus Dulcis (Sweet Almond) Seedcake Extract
20577,Cymbopogon Schoenanthus (Lemon Grass) Leaf Extract
20578,Humulus Lupulus (Hops) Flower Extract
20579,Cocamidodimethylamine
20580,3-Dimethyaminopropyl Amine
20581,Lanolin Wax
20582,Butilene Glycol
20583,Palmitic acid
20584,Hydrogenated Palm Oil; Hydrogenated Rapreseed Oil
20585,Denat. (Sd Alcohol 39-C)
20586,'Methylpropional
20587,Hydroxysohexyl 3-Cyclohexene'
20588,'Carboxaldehyde
20589,['Bright Crystal Absolu Eau de Parfum:'
20590,Hydroxysohexyl 3-Cyclohexene Carboxaldehyde
20591,'Bright Crystal Eau de Toilette:'
20592,Denat. (Sd Alcohol 39 C)
20593,'Ethylhexylmethoxycinnamate/Butylmethoxydibenzoylimethane/Ethylhexylsalicylate
20594,'Coumarin
20595,Couramin
20596,['Bright Crystal:'
20597,'Alcohol Denat. (Sd Alcohol 39-C)
20598,Aqua(Water)
20599,Ci 15985 (Yellow6).'
20600,'Dylan Turquoise:'
20601,Anise Alcohol.']
20602,['Alcohol Denat (Sd Alcohol 39-C)
20603,Benzyl Benzdate
20604,Alpha-Isom Ethyl
20605,C.I. 17200 (Red 33)
20606,C.I. 19140 (Yellow 5)
20607,'Ethylhexyl
20608,'Butyl Methylpropional
20609,'Ci 60730 (Ext. Violet 2)
20610,Ci 42090 (Blue I)
20611,['Edt Vol. 72% - Alcohol Denat.(Sd Alcohol 39c)
20612,['Edt Vol. 78% - Alcohol Denat.(Sd Alcohol 39-C)
20613,['Yellow Diamond:'
20614,'Bright Crystal:'
20615,Ci 15985 (Yellow 6).'
20616,'Dylan Blue Pour Femme:'
20617,Hydrocitronellal
20618,Butyl Methodibenzoylmethane
20619,Citral Hexyl Cinnamal
20620,Alpha-Isometyl Ionone
20621,'Ethylhexylmethoxycinnamate/ Butylmethoxydibenzoylimethane/Ethylhexylsalicylate
20622,['Alcohol Denat (SD Alcohol 39-C)
20623,['Dylan Blue Pour Femme Eau de Parfum:'
20624,'Dylan Turquoise Eau de Toilette:'
20625,Salicylate Citral
20626,['Alcohol Denat. (Sd Alcohol 39-C.)
20627,Peg-40 Hydrogenated'
20628,'Castor Oil
20629,['Alcohol Denat. (Sd Alcohol 39-C .)
20630,'Parfum / Fragrance
20631,'Benzyl Alcohol
20632,'Alpha-Isomethyl Ionone
20633,'Ethylhexyl Salicylate
20634,'Citral
20635,'Farnesol
20636,'Benzyl Benzoate
20637,'Ci 60730 / Ext. Violet 2
20638,'Ci 47005 / Yellow 10.']
20639,C1 17200/Red 33
20640,'Methyl Anthranilate
20641,'Ci 14700 / Red 4.']
20642,CI 60730 / Ext. Violet 2
20643,CI 17200 / Red 33.']
20644,['Flowerbomb Eau de Parfum:'
20645,'Good Fortune Eau de Parfum:'
20646,Hydroxicitronellal
20647,Trie(Tetramethylhydroxypiperidinol) Citrate
20648,Mineral Talc
20649,Tridecyl Trime-llitate
20650,Phenoxyethanol. May contain: Mica and Titanium Dioxide (Ci 77891)
20651,Chromium Hydroxide Green (Ci 77288)
20652,Chromium-Oxide Greens (Ci 77288)
20653,Violet (Ci 77742)
20654,FD&C Red 40 Al Lake (Ci 16035)
20655,FD&C Yellow 5 Al Lake (Ci 19140)
20656,FD&C Blue 1 Al Lake (Ci 42090).']
20657,Chromium Hydroxide Green  (Ci 77288)
20658,Chromium-Oxide Greens  (Ci 77288)
20659,Violet-(Ci 77742)
20660,FD&C Blue 1 Al Lake(Ci 42090).']
20661,['Pressed Pigments:'
20662,Ethylhexylglycerin. May contain: Titanium Dioxide(CI 77891)
20663,Iron Oxides(CI 77491
20664,Red 27 Lake(CI 45410)
20665,Red 7 Lake(CI 15850)
20666,Red 21 Lake(CI 45380)
20667,Manganese Violet(CI 77742)
20668,Red 6 Lake(CI 15850)
20669,Red 40 Lake(CI 16035)
20670,Yellow 5 Lake(CI 19140)
20671,Carmine(CI 75470).'
20672,'Eyeshadows:'
20673,Carmine(CI 75470)
20674,Yellow 5 Lake(CI 19140). Net Wt.: 32.4g/1.14oz']
20675,'May Contain: Titanium Dioxide (CI 77891)
20676,Ultramarine Blue (CI 77007)
20677,FD&C Red No.40 Al Lake (CI 16035)
20678,Bismuth Oxychloride(CI 77163).']
20679,['Wild Cherry
20680,2 Cute
20681,Berry Sweet
20682,Juicy
20683,All Love
20684,Chocolate Cherry:'
20685,D&C Red No.6 Ba Lake (CI 15850)
20686,D&C Red No.7 Ca Lake (CI 15850)
20687,D&C Red No.27 Al Lake (CI 45410)
20688,'Amour
20689,All About You
20690,Love Struck
20691,Cherry Kiss
20692,Dreamy
20693,Go Wild
20694,Blushing
20695,Heart of Gold
20696,Pretty Moment
20697,Heartbeat
20698,Romance
20699,Love Struck:'
20700,Octyldodecy Stearoyl Stearate Zinc Stearate
20701,Ethylhexylglycerin. May Contain: Titanium Dioxide (CI 77891)
20702,Iron Oxides (C1 77491
20703,FD&C Yellow No.5 Al Lake (CI 19140)
20704,FD&C Blue No.1 Al Lake (CI 42090).']
20705,['Shampoo Bar:'
20706,'Sodium Cocoyl Isethionate
20707,Oryza Sativa (Longsheng Rice) Water
20708,Brassica Oleracea Italica Seed Oil
20709,Oryza Sativa Flour
20710,Lactobacillus/Radish Root Ferment Filtrate
20711,Citrus Aurantium Bergamia Peel Oil.'
20712,'Conditioner Bar:'
20713,Citrus Aurantium Bergamia Peel Oil
20714,Lactobacillus/Radish Root Ferment Filtrate.']
20715,['Cetyl Alcohol
20716,Alpha Keratin
20717,Quaternium-51
20718,Quercus Petraea Fruit Extract
20719,Hydrolyzed Adansonia Digitata Seed Oil
20720,['Minoxidil 5% w/w (without propellant)
20721,Butylated Hydroxytoluene
20722,Citric Acid Anhydrous
20723,Dehydrated Alcohol
20724,N-butane
20725,Stearyl Alcohol.']
20726,['Flourish Shampoo:'
20727,'Flourish Conditioner:'
20728,'Density Booster:'
20729,['Pink Pomelo: A nutrient-rich citrus fruit full of vitamins A
20730,C
20731,and B1 and zinc to give hair a shot of vitality.'
20732,Hydrolyzed Pea Protein Pg-Propyl Silanetriol
20733,Cital
20734,['Full Shampoo:'
20735,'Full Conditioner:'
20736,Methoxy Peg/PPG-7/3 Aminopropyl Dimethicone
20737,'Restorative Treatment Mask:'
20738,'Minoxidil:'
20739,'Minoxidil 5% w/w (without propellant)
20740,['Recovery Shampoo:'
20741,'Recovery Conditioner:'
20742,Hydrolyzed Pea Protein PGPropyl Silanetriol
20743,Juniperus Communis (Juniper) Fruit Extract
20744,C11-15 Alketh-7
20745,['Smooth Shampoo:'
20746,'Smooth Conditioner:'
20747,Hydrolyzed Pea Protein PG Propyl Silanetriol
20748,Hydrolyzed'
20749,'Vegetable Protein
20750,'Rosmarinus Officinalis (Rosemary) Leaf Extract
20751,Jojoba Oil Glycereth-8 Esters
20752,['Exfoliating Scalp Treatment:'
20753,['Flourish Density Booster:'
20754,'Flourish Mask for Thinning Hair:'
20755,Potassium Sorbate. May Contain (+/-): Aluminum Powder (Ci 77000)
20756,Red 40 Lake (Ci 15850)
20757,Prickly Pear Fragrance
20758,Yellow 5 CI 19140
20759,Red 27 Lake CI 45410
20760,Red 6 Lake CI 15850.']
20761,['Coconut Oil 84836-98-6
20762,Alpha-Methylcinnamaldehyde 101-39-3
20763,Methyldihydrojasmonate 24851-98-7
20764,Benzyl Salicylate 118-58-1
20765,Cinnamal 104-55-2
20766,6-Nonadien-3-Ol 10339-55-6
20767,D’limonene 5989-27-5
20768,Benzyl Benzoate 120-51-4
20769,Alpha-Pinenes 80-56-8.']
20770,['Coconut Oil
20771,Poly(oxy-1
20772,2-ethanediyl)
20773,a-[(1
20774,3-tetramethylbutyl)phenyl]-omega-hydroxy-
20775,Acetyl Hexamethyl Tetralin
20776,2-t-Butylcyclohexyl Acetate
20777,HExamethylindanopyran
20778,Methyldiydrojasmonate
20779,6-trimethyl-4-phenyl-1
20780,3-dioxane
20781,Terpineol Acetate
20782,Gamma Undecalactone
20783,Ethylmethylphenylglycidate
20784,6-dimethyl-7-octen-2-ol
20785,Octanal
20786,4-dimethyl-3-cyclohexene carboxaldehyde
20787,Tetramethylacetyloctahydronaphthalenes
20788,2-ethyl-3-hydroxy-4-pyrone
20789,Alpha-terpineol
20790,7a-hexahydro-4
20791,7-methano-1(3)-inden-6-yl-acetate']
20792,['All Voluspa candles are vegan and contain a clean-burning coconut wax blend
20793,and 100 percent natural wicks.']
20794,2-T-Butylcyclohexyl Oxybutanol 139504-68-0
20795,Tetramethyl Acetyloctahydr Onaphthalenes 54464-57-2
20796,Linalool 78-70-6
20797,6-Dimethyl-7-Octen-2-Ol 18479-58-8
20798,Musk Ketone 81-14-1
20799,Butylphenyl Methylpropional 80-54-6
20800,Linalyl Acetate 115-95-7
20801,Ethyl Trimethylcyclop Entene Butenol 28219-61-6
20802,Hexyl Cinnamal 101-86-0
20803,Ethyl Linalool 10339-55-6
20804,Limonene 5989-27-5
20805,Acetylcedrene 32388-55-9.']
20806,['Coconut Wax Blend
20807,Methydihydrojasmonate
20808,3-Ethoxy-4-Hydroxybenzaldehyde
20809,PPG-2 Methyl Ether
20810,Pentamethylcyclopent-3-Ene-Butanol
20811,Gamma-Nonalactone']
20812,['Glycol Ether DPMA
20813,3-Ethoxy-4-hydroxybenzaldehyde
20814,Pentamethylcyclopent-3-ene-butanol
20815,gamma-Nonalactone.']
20816,Benzyl Alcohol 100-51-6
20817,6-Trimethyl-4-Phenyl-1
20818,3- Dioxane 5182-36-5
20819,Terpineol Acetate 8007-35-0
20820,Gamma Undecalactone 104-67-6
20821,Ethylmethylphenylglycidate 77-83-8
20822,Decanal 112-31-2
20823,Citronellol 106-22-9
20824,Geranyl Acetate 105-87-3
20825,Dimethyl-7-Octen-2-Ol 18479-58-8
20826,Citral 5392-40-5
20827,Octanal 124-13-0
20828,4-Dimethyl-3-Cyclohexene Carboxaldehyde 68039-49-6
20829,2-T-Butylcyclohexyl Acetate 88-41-5
20830,Tetramethylacetyloctahydronaphthalenes 54464-57-2
20831,2-Ethyl-3-Hydroxy-4- Pyrone 1110651
20832,Alpha-Terpineol 98-55-5
20833,7a-Hexahydro-4
20834,7- Methano-1(3)- Inden-6-Yl- Acetate 5413-60-5
20835,Hexamethylindanopyran 1222-05-5
20836,Dimethyl Phenethyl Butyrate 10094-34-5
20837,Hexyl Acetate 142-92-7
20838,Benzyl Acetate 140-11-4
20839,Beta-Ionone 14901-07-6.']
20840,['Decamethylcyclopentasiloxane
20841,Glycol Ether DPM Acetate
20842,2-t-butylcyclohexyl oxybutanol
20843,2-
20844,Musk Ketone
20845,Acetylcedrene.']
20846,3-Phenyl-1-propanol
20847,Cinnamaldehyde
20848,Alpha-Methylcinnamaldehyde
20849,p-Methoxybenzaldehyde
20850,Ethyl Maltol
20851,Alpha
20852,alpha-Dimethylphenethyl Butyrate.']
20853,6-nonadien-3-ol
20854,D’Limonene
20855,Alpha-pinenes.']
20856,8-hexahydro-4
20857,8-hexamethylindeno[5
20858,6-c]pyran
20859,8-tetramethyl-2-napthalenyl)ethanone
20860,3-trimethyl-3-cyclopenten-1-yl)-2-buten-1-ol
20861,beta-Ionone
20862,gamma-Octalactone
20863,Piperonal
20864,d-Limonene
20865,Ethyl Methylphenylglycidate
20866,5-Methyl-3-Heptanone Oxime.']
20867,2-t-butylcyclohexyl acetate
20868,7-methano-1(3)-inden-6-yl-acetate
20869,Hexamethylindanopyran
20870,Dimethyl Phenethyl Butyrate
20871,Beta-Ionone.']
20872,Octahydrotetramethyl-Methano-1-Naphthol 5986-55-0
20873,Hexyl Cinnamaldehyde 101-86-0
20874,Alpha Guaiene 654486
20875,Acetyl Hexamethyl Tetralin 21145-77-7
20876,Tetrahydrolinalool 78-69-3
20877,Pentadecalactone 106-02-5
20878,Cis-3-Hexenyl Salicylate 65405-77-8
20879,Methyl Atratate 4707-47-5
20880,Ionone 79-77-6
20881,Etyhl Methylphenylglycidate 77-83-8
20882,Cis-2-T-Butylcyclohexyl Acetate 20298-69-5
20883,Raspberry Ketone 5471-51-2
20884,Methybenzyl Acetate 93-92-5.']
20885,Lemon Oil Terpenes 68917-33-9
20886,Isopropyl Myristate 110-27-0
20887,Linalool 78-70-6.']
20888,['Dipropylene Glycol Methyl Ether Acetate 88917-22-0
20889,Methyl Anthranilate 134-20-3
20890,Gamma-Nonalactone 104-61-0
20891,Acetyl Cedrene 32388-55-9.']
20892,Methyl Dihydorjasmonate 24851-98-7
20893,Hexyl Cinnamic Aldehyde 101-86-0
20894,Tetramethyl Acetyloctahydronaphthalenese 54464-57-2.']
20895,Hexyl Cinnamaldehyde.']
20896,8-hexamethylindeno [5
20897,Methyl Decenol
20898,Phenylacetaldehyde Dimethyl Acetal
20899,Methylbenzyl Acetate.']
20900,Hydroxyisohexyl 3-cyclohexene carboxaldehyde
20901,Isocamphenyl Cyclohexanol
20902,Pogostemon Cablin Oil.']
20903,['Forbidden Fig Mini Tin Candle:'
20904,'Coconut Oil
20905,Beta-glucan
20906,Copper Tripeptide-1.']
20907,Nelumbo Nucifera Leaf Extract
20908,'May Contain: Titanium Dioxide
20909,Yellow Iron Oxide (CI 77492)
20910,Black Iron Oxide (CI 77499).']
20911,Sodium Hyaluronate'
20912,'May Contain/Peut Contenir (+/-): Titanium Dioxide
20913,(+/-): CI 77891
20914,CI 15850
20915,CI 77499.'
20916,'Nude Glow:'
20917,CI 75470.']
20918,['Matte Stick:'
20919,Camellia Sinensis Leaf Extract.'
20920,'Illuminating Liquid:'
20921,Caprylyl Glycol. May Contain: (+/-)'
20922,Chromium Oxide Green (CI 77288)
20923,Tocopheryl Acetate [+/ -: CI 77891
20924,CI 15850:1).']
20925,Cholecalciferol (Vitamin D3)
20926,Dimethiconol/ Caprylylsilsesquioxane/Silicate Crosspolymer
20927,Triceteareth-4 Phosphate
20928,Dimethiconol/Propylsilsesquioxane/Silicate Crosspolymer
20929,Rosmarinus Officinalis (Rosemary) Leaf Oil (Rosmarinus Officinalis Leaf Oil)
20930,Citrus Depressa Peel Extract
20931,Ppg-15-Buteth-20
20932,Saccharum Officinarum (Sugar Cane) Extract.']
20933,Ascorbyl Dipalmitate
20934,Behenylcarbamoylpropyl Polysilsesquioxane
20935,Carmine (CI 75470)**Chouchette only.  May Contain: Titanium Dioxide CI 77891
20936,Red 30 Lake CI 73360
20937,['Caprylic/Capric riglyceride
20938,Rubus Idaeus Leaf Cell Culture.  May Contain: Titanium Dioxide CI 77891
20939,['Caprylic/capric triglyceride
20940,Microcrystalline Wax (cera microcristallina)
20941,vp/Hexadecene Copolymer
20942,Water (aqua)
20943,Butylene/Ethylene/Styrene copolymer
20944,Tin Oxide.  May Contain: Titanium Dioxide CI 77891
20945,['Diisostearoyl Polyglyceryl-3 Dimer Dilinoleate
20946,Prunus Amygdalus Dulcis Oil/Prunus Amygdalus Dulcis (Sweet Almond) Oil
20947,Butyrosper-Mum Parkii Butter/Butyrospermum Parkii (Shea Butter)
20948,Arcania Spinosa Kernel Oil
20949,Helianthus Annuus Seed Oil/Helianthus Annuus (Sunflower) Seed Oil
20950,Citronellol. May Contain (+/-): Cl 77891/Titanium Dioxide
20951,Cl 77491/Iron Oxides
20952,Cl 77492/Iron Oxides
20953,Cl 77499/Iron Oxides
20954,Cl 75470/Carmine
20955,Cl 77742/Manganese Violet
20956,Cl 15850/Red 6.']
20957,Persea Gratissima Oil (Persea Gratissima (Avocado) Oil)
20958,Oryza Sativa Extract (Oryza Sativa (Rice) Extract)
20959,Oryza Sativa Germ Extract (Oryza Sativa (Rice) Germ Extract)
20960,Glycine Soja Oil (Glycine Soja (Soybean) Oil)
20961,Gossypium Hirsutum Seed Oil (Gossypium Hirsutum (Cotton) Seed Oil)
20962,Prunus Amygdalus Dulcis Oil (Prunus Amygdalus Dulcis (Sweet Almond) Oil)
20963,Triticum Vulgare Germ Oil (Triticum Vulgare Germ (Wheat) Oil)
20964,Zea Mays Germ Oil (Zea Mays (Corn) Germ Oil)
20965,'May Contain: Ci 77891 (Titanium Dioxide)
20966,Ci 77499 (Iron Oxides)..'
20967,'May Contain:'
20968,'Ci 77491 /Iron Oxides
20969,Ci 77492/ Iron Oxides
20970,Ci 77499 /Iron Oxides
20971,Ci 77891 /Titanium Dioxide.']
20972,['Lit:'
20973,Microcrystalline Wax (Cera  Microcristallina)
20974,Synthetic Fluorphlogopite. Dicalcium Phosphate Caprylic/Capric Triglyceride
20975,Vitis Vinifera (Grape) Fruit  Extract [Vitis Vinifera Fruit  Extract]
20976,'Nectar & Brulee:'
20977,'Diisostearyl Malate Octyldodecanol Triisodecyl Trimellitate Polybutene Polyethylene
20978,Microcrystalline Wax (Cera Microcristallina) Hydrogenated Microcrystalline Wax
20979,Hydroxyhydrocinnamate Tin Oxide
20980,Vitis Vinifera (Grape) Fruit Extract [Vitis Vinifera Extract] Silica
20981,Carmine (Ci 75470)'
20982,'Parla:'
20983,Pentaerythrityl Tetra
20984,Di-T-Butyl Hydroxyhydrocinnamate
20985,Iron Oxides ( Ci 77499)
20986,Carmine ( Ci 75470)']
20987,['Zinc Laurate
20988,Enterococcus Faecalis
20989,May-Contain: Iron Oxides (Ci 77491)
20990,Red 30 (Ci 73360).']
20991,Carmine (CI 75470) Chouchette only. May Contain: Titanium Dioxide CI 77891
20992,Rubus Idaeus Leaf Cell Culture. May Contain: Titanium Dioxide Ci 77891
20993,Oryza Sativa Starch (Oryza Sativa (Rice) Starch)
20994,Tin Oxide. May Contain: Ci 77891 (Titanium Dioxide)
20995,['Ricinus Communis Seed Oil/Ricinus Communis (Castor) Seed Oil
20996,Prunus Avium Seed Oil/Prunus Avium (Sweet Cherry) Seed Oil
20997,Citrus Nobilis Peel Oil*/Citrus Nobilis (Mandarin Orange) Peel Oil
20998,Limonene. May Contain: Ci 15850/Red 6
20999,Ci 77891/Titanium Dioxide.']
21000,Octyldodecyl Lactate
21001,Behenylcarbamoylpropyl
21002,polysilsesquioxane
21003,Tin Oxide May Contain: Ci 77891 (Titanium Dioxide)
21004,['Iron Oxides (Ci 77499)
21005,Polyglyceryl-2
21006,Triisostearate
21007,Cichorium Intybus Root Extract/Cichorium Intybus (Chicory) Root Extract
21008,['Smudge:'
21009,'Synthetic Fluorphlogopite Zea Mays (Corn) Starch [Zea Mays Starch] Zinc Stearate Caprylic/Capric Triglyceride Diisostearyl Malate Glyceryl Caprylate P-Anisic Acid Rosa Hybrid Flower Extract Iron Oxides (Ci 77491) Iron Oxides (Ci 77492) Iron Oxides (Ci 77499).'
21010,'Fete:'
21011,'Calcium Titanium Borosilicate Caprylic/Capric Triglyceride Diisostearyl Malateglass Beadsmicasynthetic Fluorphlogopite Zea Mays (Corn) Starch [Zea Mays Starch] Glyceryl Caprylate P-Anisic Acid Zinc Stearate Tin Oxide Titanium Dioxide (Ci 77891) Iron Oxides (Ci 77491).'
21012,'Calcium Aluminum Borosilicate Caprylic/Capric Triglyceride Diisostearyl Malate Glass Beadsglyceryl Caprylate Mica Titanium Dioxide [Ci 77891] Iron Oxides Ci 77491 Zea Mays (Corn) Starch [Zea Mays Starch] Zinc Stearate P-Anisic Acid Iron Oxides Ci 77499 Tin Oxide Synthetic Fluorphlogopite.'
21013,'Eye Pencil:'
21014,'Iron Oxides 77491/77492/77499
21015,Hydrogenated Jojoba OilCaprylic/Capric Triglyceride
21016,Simmondsia Chinensis (Jojoba) Seed OilButyrospermum Parkii (Shea) Butter Mica 77019   Canola Oil Copernicia Cerifera (Carnauba) Wax Glyceryl Caprylate'
21017,'Euphorbia Cerifera (Candelilla) Wax Tocopherol Ascorbyl Palmitate.'
21018,'Eye Love You Mascara:'
21019,Saccharum Officinarum (Sugarcane) Extract/Saccharum Officinarum/Extrait De Canne À Sucre
21020,Camellia Japonica (Camellia) Leaf Extract
21021,Phellodendron Amurense (Cork Tree) Bark Extract
21022,Psidium Guajava (Guava) Leaf Extract
21023,Camellia Sinensis (Tea Plant) Leaf Extract
21024,Passiflora Edulis (Passionfruit) Fruit Extract
21025,Vaccinium Myrtillus (Blueberry) Fruit Extract
21026,Magnolia Officinalis (Magnolia) Bark Extract
21027,BENZYL SALICYLATE
21028,Saccharum Officinarum (Sugarcane) Extract/Saccharum Officinarum/Extrait De Canne a Sucre
21029,Glycine Soja (Soybean) Lipids
21030,Prunus Avium (Sweet Cherry) Fruit Extract
21031,Crataegus Monogyna (Hawthorn) Flower Extract
21032,['Yo Glow Facial Enzyme Scrub:'
21033,'Thirst Trap Juice Hyaluronic Acid & Peptide Hydrating Facial Serum:'
21034,'Honey Whip Peptide and Collagen Moisturizer:'
21035,Alpha Iso Methyl Ionone.']
21036,Water (Aqua) Ethylhexyl Methoxycinnamate
21037,['Lost in Paradise:'
21038,'Citrus Grandis:'
21039,'Long Kiss Goodnight:'
21040,Aloe Barbadensis Leaf (Aloe Vera) Juice Powder
21041,Gardenia Jasminoides (Jasmine) Fruit Extract
21042,Opuntia Tuna (Prickly Pear) Flower/Stem Extract
21043,Euterpe Oleracea (Açaí) Fruit Extract
21044,Riboflavin (Vitamin B2)
21045,Withania Somnifera (Ashwagandha) Leaf Extract
21046,Prunus Amygdalus (Sweet Almond) Dulcis Oil
21047,Brassica Oleracea Capitata (Kale) Leaf Extract
21048,Medicago Sativa (Alfalfa) Leaf Extract
21049,Natural Fragrance/Parfum
21050,Chlorophyll (CI 75810).']
21051,Euterpe Oleracea Fruit (Acai) Extract
21052,Linum Usitatissimum (Flaxseed) Seed Oil
21053,Magnesium Ascorbyl Phosphate (Vitamin C)
21054,Passiflora Edulis (Passionfruit) Extract
21055,Hylocereus Undatus (Dragon) Fruit Extract
21056,Ergothioneine']
21057,Opuntia Ficus-Indica (Prickly Pear) Stem Extract*
21058,Aristotelia Chilensis (Maqui Berry) Fruit Extract
21059,Moringa Oleifera (Moringa) Leaf Extract
21060,Melia Azadirachta Flower (Neem) Extract
21061,Ocimum Basilicum (Holy Basil) Flower/Leaf Extract
21062,Corallina Officinalis (Red Algae) Extract
21063,Ilex Guayusa (Guayusa) Leaf Extract
21064,Bromelain (Pineapple)
21065,Papain (Papaya)
21066,Passiflora Edulis (Passion Fruit) Extract
21067,['Water/Aqua/Eau (Aqua)
21068,Aloe Barbadensis (Aloe) Leaf Extract*
21069,Brassica Oleracea Capitata (Kale) Leaf Extract*
21070,Camellia Sinensis (Green Tea) Leaf Extract*
21071,Medicago Sativa (Alfalfa) Leaf Extract*
21072,Lycium Barbarum (Goji) Callus Culture Extract
21073,Gardenia Jasminoides (Gardenia) Fruit Extract
21074,Opuntia Ficus-Indica Stem (Prickly Pear Cactus) Extract
21075,Nephelium Lappaceum Peel (Rambutan) Extract
21076,Hydrolyzed Cannabis Sativa (Hemp) Seed Extract
21077,Dilinoleic Acid/Propanediol/Pdi Crosspolymer
21078,Glyceryl Monostearate
21079,Phytospingosine
21080,T-Buty Alcohol
21081,Xanthan Gum']
21082,Bentonite (Volcanic Clay)
21083,Montmorillonite (French Green Clay)
21084,Calcite
21085,Salix Purpurea (Red Willow) Bark Extract
21086,Phycocyanin (Blue Green Algae)
21087,Triticum Aestivum (Wheatgrass) Leaf Extract
21088,Gardenia Florida Fruit Extract']
21089,Grifola Frondosa Fruiting Body Extract
21090,Rubus Chamaemorus (Cloudberry) Seed Oil
21091,Ganoderma Lucidum (Reishi Mushroom) Stem Extract
21092,Letinus Edodes Mycelium Extract
21093,L-Arginine
21094,Pichia Ferment Lysate Filtrate
21095,['Superfood Antioxidant Cleanser:'
21096,Chlorophyllin-Copper Complex (CI 75810).'
21097,'15% Vitamin C + Caffeine Energy Serum:'
21098,Ergothioneine.'
21099,Chlorophyll (CI 75810).'
21100,'Superberry Hydrate + Glow Dream Oil:'
21101,Borago Officinalis (Borage) Seed Oil*
21102,Linum Usitatissimum (Flaxseed) Seed Oil*
21103,'Dream Eye Cream:'
21104,'Yerba Mate Resurfacing Energy Facial:'
21105,Momordica Cochinchinensis Seed Extract
21106,Punica Granatum Seed Extract
21107,Cl 77891 / Titanium Dioxide
21108,'Triple Peptide + Cactus Oasis Serum:'
21109,Benzoic Acid.'
21110,'Polypeptide-121 Future Cream:'
21111,'Superberry Hydrate + Glow Dream Mask:'
21112,Euterpe Oleracea (Acaì) Fruit Extract
21113,'Retinal + Niacinamide Youth Serum:'
21114,Raspberry Ketone.'
21115,'Adaptogen Deep Moisture Cream:'
21116,'Mandelic Acid + Superfood Unity Exfoliant:'
21117,'Superclay Purify + Clear Power Mask:'
21118,Gardenia Florida Fruit Extract'
21119,['Triple Peptide + Cactus Oasis Serum:'
21120,['15% Vitamin C + Caffeine Energy Serum:'
21121,Candelilla Wax Extract
21122,Acrylates Copolymer. May Contain: Ci 77891/Titanium Dioxide
21123,Ci 19140/Yellow 5 Lake.']
21124,Ci 60730 / Ext. Violet 2']
21125,Disodium Ethylene Dicocamide Peg-15 Disulfate
21126,['Libre Eau de Parfum:'
21127,'Black Opium Eau De Parfum:'
21128,Prunus Armeniaca
21129,Kernel Oil/Apricot Kernel Oil
21130,Passiflora Edulis Oil/Passiflora Edulis Seed Oil
21131,Ci 77491/Iron Oxides].']
21132,Juglans Regia Leaf Extract/Walnut Leaf Extract
21133,Parfum/Fragrance'
21134,'May Contain/Peut Contenir Ci 77891/Titanium Dioxide
21135,Propyleneglycol
21136,Disodiumstearoyl  Glutamate
21137,Ceramicrocristallina/ Microcrystallinewax
21138,Silicasilylate
21139,Calendula Officinalis Flowere Xtract
21140,Ruscus Aculeatus Root Extract.']
21141,Mangifera Indica Seed Oil / Mango Seed Oil
21142,Mangifera Indica Fruit Extract / Mango Fruit Extract
21143,Punica Granatum Fruit Extract.']
21144,Stearyl
21145,Adipic Acid/Diethylene Glycol/Glycerin Crosspolymer
21146,Ricinus Communis Oil/Castor Seed Oil
21147,[May Contain: Ci 77891 / Titanium Dioxide
21148,Vitis Vinifera Seed Oil / Grape Seed Oil
21149,Rosmarinus Officinalis Extract / Rosemary Extract
21150,Papaver Rhoeas Petal Extract
21151,Soeugenol
21152,['Libre Eau De Parfum:'
21153,'Lash Clash Extreme Volume Mascara:'
21154,Iris Florentina Root Extract.']
21155,Citrus Aurantium Amara Flower Oil / Bitter Orange Flower Oil
21156,Acacia Decurrens Flower Cera/Acacia Decurrens Flower Wax
21157,Helianthus Annuus Seed Cera/Sunflower Seed Wax
21158,'Silica Silylate
21159,Hydroxypropyl Starch'
21160,'Polysorbate 80
21161,Parfum/Fragrance.
21162,(F.I.L B272639/1).']
21163,['Y Eau de Parfum:'
21164,Ci 42090 / Blue 1.'
21165,'Y Eau de Toilette:'
21166,Isopropyl Lauroyl
21167,Sarcosinate
21168,Citrus Limon Peel Extract/Lemon Peel Extract
21169,Caprylic/Capric']
21170,(F.I.L B270143/1).']
21171,Myristic Acid Silica
21172,Adipic Acid/Diglycol Crosspolymer
21173,Parfum/Fragrance. [May Contain Ci 77499/Iron Oxides
21174,Ci 77266 [Nano]/Black 2
21175,Ci 77007/Ultramarines.]']
21176,['The Slim Velvet Radical:'
21177,Parfum/Fragrance.'
21178,'Black Opium Eau de Parfum:'
21179,Ci 17200/Red 33']
21180,Ci 60730/Ext.
21181,Violet 2.'
21182,Mangifera Indica Seed Oil/Mango Seed Oil
21183,Mangifera Indica Fruit Extract/Mango Fruit Extract
21184,Anemarrhena Asphodeloides Root Extract.']
