Product Name,Brand,Ingredient name,what-it-does,"irr.,  com.",ID-Rating
Niacinamide 10% + Zinc 1% (Discontinued),The Ordinary,Aqua (Water),solvent,,
Niacinamide 10% + Zinc 1% (Discontinued),The Ordinary,Niacinamide,"cell-communicating ingredient,  skin brightening,  anti-acne,  moisturizer/​humectant",,superstar
Niacinamide 10% + Zinc 1% (Discontinued),The Ordinary,Pentylene Glycol,"solvent,  moisturizer/​humectant",,
Niacinamide 10% + Zinc 1% (Discontinued),The Ordinary,Zinc Pca,"anti-acne,  moisturizer/​humectant",,goodie
Niacinamide 10% + Zinc 1% (Discontinued),The Ordinary,Dimethyl Isosorbide,"solvent,  viscosity controlling",,
Niacinamide 10% + Zinc 1% (Discontinued),The Ordinary,Tamarindus Indica Seed Gum,"moisturizer/​humectant,  viscosity controlling",,goodie
Niacinamide 10% + Zinc 1% (Discontinued),The Ordinary,Xanthan Gum,viscosity controlling,,
Niacinamide 10% + Zinc 1% (Discontinued),The Ordinary,Isoceteth-20,"emulsifying,  surfactant/​cleansing",,
Niacinamide 10% + Zinc 1% (Discontinued),The Ordinary,Ethoxydiglycol,"solvent,  moisturizer/​humectant,  perfuming","0,  0",
Niacinamide 10% + Zinc 1% (Discontinued),The Ordinary,Phenoxyethanol,preservative,,
Niacinamide 10% + Zinc 1% (Discontinued),The Ordinary,Chlorphenesin,"preservative,  antimicrobial/​antibacterial",,
Hyaluronic Acid 2% + B5,The Ordinary,Aqua (Water),solvent,,
Hyaluronic Acid 2% + B5,The Ordinary,Sodium Hyaluronate,"skin-identical ingredient,  moisturizer/​humectant","0,  0",goodie
Hyaluronic Acid 2% + B5,The Ordinary,Pentylene Glycol,"solvent,  moisturizer/​humectant",,
Hyaluronic Acid 2% + B5,The Ordinary,Propanediol,"solvent,  moisturizer/​humectant",,
Hyaluronic Acid 2% + B5,The Ordinary,Sodium Hyaluronate Crosspolymer,"skin-identical ingredient,  antioxidant,  moisturizer/​humectant",,goodie
Hyaluronic Acid 2% + B5,The Ordinary,Panthenol,"soothing,  moisturizer/​humectant","0,  0",goodie
Hyaluronic Acid 2% + B5,The Ordinary,Ahnfeltia Concinna Extract,viscosity controlling,,goodie
Hyaluronic Acid 2% + B5,The Ordinary,Glycerin,"skin-identical ingredient,  moisturizer/​humectant","0,  0",superstar
Hyaluronic Acid 2% + B5,The Ordinary,Trisodium Ethylenediamine Disuccinate,chelating,,
Hyaluronic Acid 2% + B5,The Ordinary,Citric Acid,buffering,,
Hyaluronic Acid 2% + B5,The Ordinary,Isoceteth-20,"emulsifying,  surfactant/​cleansing",,
Hyaluronic Acid 2% + B5,The Ordinary,Ethoxydiglycol,"solvent,  moisturizer/​humectant,  perfuming","0,  0",
Hyaluronic Acid 2% + B5,The Ordinary,Ethylhexylglycerin,preservative,,
Hyaluronic Acid 2% + B5,The Ordinary,Hexylene Glycol,"solvent,  emulsifying,  perfuming,  surfactant/​cleansing","0-1,  0-2",
Hyaluronic Acid 2% + B5,The Ordinary,"1,2-Hexanediol",solvent,,
Hyaluronic Acid 2% + B5,The Ordinary,Phenoxyethanol,preservative,,
Hyaluronic Acid 2% + B5,The Ordinary,Caprylyl Glycol,"moisturizer/​humectant,  emollient",,
Buffet,The Ordinary,Aqua (Water),solvent,,
Buffet,The Ordinary,Glycerin,"skin-identical ingredient,  moisturizer/​humectant","0,  0",superstar
Buffet,The Ordinary,Lactococcus Ferment Lysate,,,goodie
Buffet,The Ordinary,Acetyl Hexapeptide-8,"cell-communicating ingredient,  moisturizer/​humectant",,goodie
Buffet,The Ordinary,Pentapeptide-18,cell-communicating ingredient,,goodie
Buffet,The Ordinary,Palmitoyl Tripeptide-1,cell-communicating ingredient,,goodie
Buffet,The Ordinary,Palmitoyl Tetrapeptide-7,cell-communicating ingredient,,goodie
Buffet,The Ordinary,Palmitoyl Tripeptide-38,cell-communicating ingredient,,goodie
Buffet,The Ordinary,Dipeptide Diaminobutyroyl Benzylamide Diacetate,cell-communicating ingredient,,goodie
Buffet,The Ordinary,Acetylarginyltryptophyl Diphenylglycine,cell-communicating ingredient,,goodie
Buffet,The Ordinary,Sodium Hyaluronate Crosspolymer,"skin-identical ingredient,  antioxidant,  moisturizer/​humectant",,goodie
Buffet,The Ordinary,Sodium Hyaluronate,"skin-identical ingredient,  moisturizer/​humectant","0,  0",goodie
Buffet,The Ordinary,Allantoin,soothing,"0,  0",goodie
Buffet,The Ordinary,Glycine,skin-identical ingredient,,goodie
Buffet,The Ordinary,Alanine,skin-identical ingredient,,goodie
Buffet,The Ordinary,Serine,skin-identical ingredient,,goodie
Buffet,The Ordinary,Valine,skin-identical ingredient,,goodie
Buffet,The Ordinary,Isoleucine,skin-identical ingredient,,goodie
Buffet,The Ordinary,Proline,skin-identical ingredient,,goodie
Buffet,The Ordinary,Threonine,skin-identical ingredient,,goodie
Buffet,The Ordinary,Histidine,"skin-identical ingredient,  moisturizer/​humectant",,goodie
Buffet,The Ordinary,Phenylalanine,skin-identical ingredient,,goodie
Buffet,The Ordinary,Arginine,skin-identical ingredient,,goodie
Buffet,The Ordinary,Aspartic Acid,skin-identical ingredient,,goodie
Buffet,The Ordinary,Trehalose,moisturizer/​humectant,,goodie
Buffet,The Ordinary,Fructose,moisturizer/​humectant,,goodie
Buffet,The Ordinary,Glucose,moisturizer/​humectant,,goodie
Buffet,The Ordinary,Maltose,moisturizer/​humectant,,
Buffet,The Ordinary,Urea,"skin-identical ingredient,  moisturizer/​humectant",,goodie
Buffet,The Ordinary,Sodium PCA,"skin-identical ingredient,  moisturizer/​humectant","0,  0",goodie
Buffet,The Ordinary,PCA,"skin-identical ingredient,  moisturizer/​humectant",,goodie
Buffet,The Ordinary,Sodium Lactate,"buffering,  moisturizer/​humectant",,goodie
Buffet,The Ordinary,Citric Acid,buffering,,
Buffet,The Ordinary,Hydroxypropyl Cyclodextrin,,,
Buffet,The Ordinary,Sodium Chloride,viscosity controlling,,
Buffet,The Ordinary,Sodium Hydroxide,buffering,,
Buffet,The Ordinary,Butylene Glycol,"moisturizer/​humectant,  solvent","0,  1",
Buffet,The Ordinary,Pentylene Glycol,"solvent,  moisturizer/​humectant",,
Buffet,The Ordinary,Acacia Senegal Gum,,,
Buffet,The Ordinary,Xanthan Gum,viscosity controlling,,
Buffet,The Ordinary,Carbomer,viscosity controlling,"0,  1",
Buffet,The Ordinary,Polysorbate 20,"emulsifying,  surfactant/​cleansing","0,  0",
Buffet,The Ordinary,PPG-26-Buteth-26,,,
Buffet,The Ordinary,PEG-40 Hydrogenated Castor Oil,"emulsifying,  surfactant/​cleansing",,
Buffet,The Ordinary,Trisodium Ethylenediamine Disuccinate,chelating,,
Buffet,The Ordinary,Ethoxydiglycol,"solvent,  moisturizer/​humectant,  perfuming","0,  0",
Buffet,The Ordinary,Sodium Benzoate,preservative,,
Buffet,The Ordinary,Caprylyl Glycol,"moisturizer/​humectant,  emollient",,
Buffet,The Ordinary,Ethylhexylglycerin,preservative,,
Buffet,The Ordinary,Phenoxyethanol,preservative,,
Buffet,The Ordinary,Chlorphenesin,"preservative,  antimicrobial/​antibacterial",,
Advanced Retinoid 2%,The Ordinary,Aqua (Water),solvent,,
Advanced Retinoid 2%,The Ordinary,Glycerin,"skin-identical ingredient,  moisturizer/​humectant","0,  0",superstar
Advanced Retinoid 2%,The Ordinary,Ethyl Linoleate,"emollient,  perfuming",,
Advanced Retinoid 2%,The Ordinary,Propanediol,"solvent,  moisturizer/​humectant",,
Advanced Retinoid 2%,The Ordinary,Caprylic/Capric Triglyceride,emollient,,
Advanced Retinoid 2%,The Ordinary,Dimethyl Isosorbide,"solvent,  viscosity controlling",,
Advanced Retinoid 2%,The Ordinary,Cetearyl Isononanoate,emollient,,
Advanced Retinoid 2%,The Ordinary,Bisabolol,soothing,,goodie
Advanced Retinoid 2%,The Ordinary,Hydroxypinacolone Retinoate,cell-communicating ingredient,,goodie
Advanced Retinoid 2%,The Ordinary,Retinol,cell-communicating ingredient,,superstar
Advanced Retinoid 2%,The Ordinary,Tasmannia Lanceolata Fruit/Leaf Extract,"antioxidant,  soothing",,goodie
Advanced Retinoid 2%,The Ordinary,Inulin Lauryl Carbamate,"surfactant/​cleansing,  emulsifying",,
Advanced Retinoid 2%,The Ordinary,Glyceryl Stearate,"emollient,  emulsifying","0,  1-2",
Advanced Retinoid 2%,The Ordinary,Ceteareth-12,"emulsifying,  surfactant/​cleansing",,
Advanced Retinoid 2%,The Ordinary,Ceteareth-20,"emulsifying,  surfactant/​cleansing","3,  2",
Advanced Retinoid 2%,The Ordinary,Cetearyl Alcohol,"emollient,  viscosity controlling,  emulsifying,  surfactant/​cleansing","1,  2",
Advanced Retinoid 2%,The Ordinary,Carrageenan,viscosity controlling,,
Advanced Retinoid 2%,The Ordinary,Xanthan Gum,viscosity controlling,,
Advanced Retinoid 2%,The Ordinary,Acacia Senegal Gum,,,
Advanced Retinoid 2%,The Ordinary,Cetyl Palmitate,emollient,"0,  0",
Advanced Retinoid 2%,The Ordinary,Sucrose Laurate,"emollient,  emulsifying,  surfactant/​cleansing",,
Advanced Retinoid 2%,The Ordinary,Polysorbate 20,"emulsifying,  surfactant/​cleansing","0,  0",
Advanced Retinoid 2%,The Ordinary,Isoceteth-20,"emulsifying,  surfactant/​cleansing",,
Advanced Retinoid 2%,The Ordinary,Behentrimonium Chloride,preservative,,
Advanced Retinoid 2%,The Ordinary,Trisodium Ethylenediamine Disuccinate,chelating,,
Advanced Retinoid 2%,The Ordinary,Disodium EDTA,chelating,,
Advanced Retinoid 2%,The Ordinary,Dehydroacetic Acid,preservative,,
Advanced Retinoid 2%,The Ordinary,Benzoic Acid,preservative,,
Advanced Retinoid 2%,The Ordinary,Ethylhexylglycerin,preservative,,
Advanced Retinoid 2%,The Ordinary,Phenoxyethanol,preservative,,
Advanced Retinoid 2%,The Ordinary,Chlorphenesin,"preservative,  antimicrobial/​antibacterial",,
Vitamin C Suspension 23% + Ha Spheres 2%,The Ordinary,Ascorbic Acid,"antioxidant,  skin brightening,  buffering",,superstar
Vitamin C Suspension 23% + Ha Spheres 2%,The Ordinary,Squalane,"skin-identical ingredient,  emollient","0,  1",goodie
Vitamin C Suspension 23% + Ha Spheres 2%,The Ordinary,Isodecyl Neopentanoate,emollient,,
Vitamin C Suspension 23% + Ha Spheres 2%,The Ordinary,Isononyl Isononanoate,emollient,,
Vitamin C Suspension 23% + Ha Spheres 2%,The Ordinary,Coconut Alkanes,"emollient,  solvent",,
Vitamin C Suspension 23% + Ha Spheres 2%,The Ordinary,Ethylene/Propylene/Styrene Copolymer,viscosity controlling,,
Vitamin C Suspension 23% + Ha Spheres 2%,The Ordinary,Ethylhexyl Palmitate,emollient,"0,  2-4",
Vitamin C Suspension 23% + Ha Spheres 2%,The Ordinary,Silica Dimethyl Silylate,"emollient,  viscosity controlling",,
Vitamin C Suspension 23% + Ha Spheres 2%,The Ordinary,Sodium Hyaluronate,"skin-identical ingredient,  moisturizer/​humectant","0,  0",goodie
Vitamin C Suspension 23% + Ha Spheres 2%,The Ordinary,Glucomannan,moisturizer/​humectant,,goodie
Vitamin C Suspension 23% + Ha Spheres 2%,The Ordinary,Coco-Caprylate/Caprate,emollient,,
Vitamin C Suspension 23% + Ha Spheres 2%,The Ordinary,Butylene/Ethylene/Styrene Copolymer,viscosity controlling,,
Vitamin C Suspension 23% + Ha Spheres 2%,The Ordinary,Acrylates/Ethylhexyl Acrylate Crosspolymer,,,
Vitamin C Suspension 23% + Ha Spheres 2%,The Ordinary,Trihydroxystearin,viscosity controlling,,
Vitamin C Suspension 23% + Ha Spheres 2%,The Ordinary,Bht,"antioxidant,  preservative",,
Lactic Acid 5% + Ha,The Ordinary,Aqua (Water),solvent,,
Lactic Acid 5% + Ha,The Ordinary,Lactic Acid,"exfoliant,  moisturizer/​humectant,  buffering",,superstar
Lactic Acid 5% + Ha,The Ordinary,Glycerin,"skin-identical ingredient,  moisturizer/​humectant","0,  0",superstar
Lactic Acid 5% + Ha,The Ordinary,Pentylene Glycol,"solvent,  moisturizer/​humectant",,
Lactic Acid 5% + Ha,The Ordinary,Propanediol,"solvent,  moisturizer/​humectant",,
Lactic Acid 5% + Ha,The Ordinary,Sodium Hyaluronate Crosspolymer,"skin-identical ingredient,  antioxidant,  moisturizer/​humectant",,goodie
Lactic Acid 5% + Ha,The Ordinary,Tasmannia Lanceolata Fruit/Leaf Extract,"antioxidant,  soothing",,goodie
Lactic Acid 5% + Ha,The Ordinary,Acacia Senegal Gum,,,
Lactic Acid 5% + Ha,The Ordinary,Xanthan Gum,viscosity controlling,,
Lactic Acid 5% + Ha,The Ordinary,Isoceteth-20,"emulsifying,  surfactant/​cleansing",,
Lactic Acid 5% + Ha,The Ordinary,Trisodium Ethylenediamine Disuccinate,chelating,,
Lactic Acid 5% + Ha,The Ordinary,Sodium Hydroxide,buffering,,
Lactic Acid 5% + Ha,The Ordinary,Ethylhexylglycerin,preservative,,
Lactic Acid 5% + Ha,The Ordinary,"1,2-Hexanediol",solvent,,
Lactic Acid 5% + Ha,The Ordinary,Caprylyl Glycol,"moisturizer/​humectant,  emollient",,
Lactic Acid 10% + Ha,The Ordinary,Aqua (Water),solvent,,
Lactic Acid 10% + Ha,The Ordinary,Lactic Acid,"exfoliant,  moisturizer/​humectant,  buffering",,superstar
Lactic Acid 10% + Ha,The Ordinary,Glycerin,"skin-identical ingredient,  moisturizer/​humectant","0,  0",superstar
Lactic Acid 10% + Ha,The Ordinary,Pentylene Glycol,"solvent,  moisturizer/​humectant",,
Lactic Acid 10% + Ha,The Ordinary,Propanediol,"solvent,  moisturizer/​humectant",,
Lactic Acid 10% + Ha,The Ordinary,Sodium Hydroxide,buffering,,
Lactic Acid 10% + Ha,The Ordinary,Sodium Hyaluronate Crosspolymer,"skin-identical ingredient,  antioxidant,  moisturizer/​humectant",,goodie
Lactic Acid 10% + Ha,The Ordinary,Tasmannia Lanceolata Fruit/Leaf Extract,"antioxidant,  soothing",,goodie
Lactic Acid 10% + Ha,The Ordinary,Acacia Senegal Gum,,,
Lactic Acid 10% + Ha,The Ordinary,Xanthan Gum,viscosity controlling,,
Lactic Acid 10% + Ha,The Ordinary,Isoceteth-20,"emulsifying,  surfactant/​cleansing",,
Lactic Acid 10% + Ha,The Ordinary,Trisodium Ethylenediamine Disuccinate,chelating,,
Lactic Acid 10% + Ha,The Ordinary,Ethylhexylglycerin,preservative,,
Lactic Acid 10% + Ha,The Ordinary,"1,2-Hexanediol",solvent,,
Lactic Acid 10% + Ha,The Ordinary,Caprylyl Glycol,"moisturizer/​humectant,  emollient",,
100% Organic Cold-Pressed Rose Hip Seed Oil,The Ordinary,Rosa Canina Seed Oil,emollient,,goodie
Matrixyl 10% + Ha,The Ordinary,Aqua (Water),solvent,,
Matrixyl 10% + Ha,The Ordinary,Glycerin,"skin-identical ingredient,  moisturizer/​humectant","0,  0",superstar
Matrixyl 10% + Ha,The Ordinary,Butylene Glycol,"moisturizer/​humectant,  solvent","0,  1",
Matrixyl 10% + Ha,The Ordinary,Palmitoyl Tripeptide-1,cell-communicating ingredient,,goodie
Matrixyl 10% + Ha,The Ordinary,Palmitoyl Tetrapeptide-7,cell-communicating ingredient,,goodie
Matrixyl 10% + Ha,The Ordinary,Palmitoyl Tripeptide-38,cell-communicating ingredient,,goodie
Matrixyl 10% + Ha,The Ordinary,Sodium Hyaluronate,"skin-identical ingredient,  moisturizer/​humectant","0,  0",goodie
Matrixyl 10% + Ha,The Ordinary,Hydroxypropyl Cyclodextrin,,,
Matrixyl 10% + Ha,The Ordinary,PPG-26-Buteth-26,,,
Matrixyl 10% + Ha,The Ordinary,PEG-40 Hydrogenated Castor Oil,"emulsifying,  surfactant/​cleansing",,
Matrixyl 10% + Ha,The Ordinary,Polyacrylate Crosspolymer-6,viscosity controlling,,
Matrixyl 10% + Ha,The Ordinary,Trisodium Ethylenediamine Disuccinate,chelating,,
Matrixyl 10% + Ha,The Ordinary,Carbomer,viscosity controlling,"0,  1",
Matrixyl 10% + Ha,The Ordinary,Polysorbate 20,"emulsifying,  surfactant/​cleansing","0,  0",
Matrixyl 10% + Ha,The Ordinary,Ethoxydiglycol,"solvent,  moisturizer/​humectant,  perfuming","0,  0",
Matrixyl 10% + Ha,The Ordinary,Phenoxyethanol,preservative,,
Matrixyl 10% + Ha,The Ordinary,Chlorphenesin.,"preservative,  antimicrobial/​antibacterial",,
Alpha Arbutin 2% + Ha,The Ordinary,Aqua (Water),solvent,,
Alpha Arbutin 2% + Ha,The Ordinary,Alpha-Arbutin,"antioxidant,  skin brightening",,goodie
Alpha Arbutin 2% + Ha,The Ordinary,Polyacrylate Crosspolymer-6,viscosity controlling,,
Alpha Arbutin 2% + Ha,The Ordinary,Hydrolyzed Sodium Hyaluronate,moisturizer/​humectant,,
Alpha Arbutin 2% + Ha,The Ordinary,Propanediol,"solvent,  moisturizer/​humectant",,
Alpha Arbutin 2% + Ha,The Ordinary,PPG-26-Buteth-26,,,
Alpha Arbutin 2% + Ha,The Ordinary,PEG-40 Hydrogenated Castor Oil,"emulsifying,  surfactant/​cleansing",,
Alpha Arbutin 2% + Ha,The Ordinary,Lactic Acid,"exfoliant,  moisturizer/​humectant,  buffering",,superstar
Alpha Arbutin 2% + Ha,The Ordinary,Trisodium Ethylenediamine Disuccinate,chelating,,
Alpha Arbutin 2% + Ha,The Ordinary,Ethoxydiglycol,"solvent,  moisturizer/​humectant,  perfuming","0,  0",
Alpha Arbutin 2% + Ha,The Ordinary,Phenoxyethanol,preservative,,
Alpha Arbutin 2% + Ha,The Ordinary,Chlorphenesin.,"preservative,  antimicrobial/​antibacterial",,
Natural Moisturizing Factors + Ha,The Ordinary,Aqua (Water),solvent,,
Natural Moisturizing Factors + Ha,The Ordinary,Caprylic/Capric Triglyceride,emollient,,
Natural Moisturizing Factors + Ha,The Ordinary,Cetyl Alcohol,"emollient,  viscosity controlling","2,  2",
Natural Moisturizing Factors + Ha,The Ordinary,Propanediol,"solvent,  moisturizer/​humectant",,
Natural Moisturizing Factors + Ha,The Ordinary,Stearyl Alcohol,"emollient,  viscosity controlling,  emulsifying,  surfactant/​cleansing","2,  2",
Natural Moisturizing Factors + Ha,The Ordinary,Glycerin,"skin-identical ingredient,  moisturizer/​humectant","0,  0",superstar
Natural Moisturizing Factors + Ha,The Ordinary,Sodium Hyaluronate,"skin-identical ingredient,  moisturizer/​humectant","0,  0",goodie
Natural Moisturizing Factors + Ha,The Ordinary,Arginine,skin-identical ingredient,,goodie
Natural Moisturizing Factors + Ha,The Ordinary,Aspartic Acid,skin-identical ingredient,,goodie
Natural Moisturizing Factors + Ha,The Ordinary,Glycine,skin-identical ingredient,,goodie
Natural Moisturizing Factors + Ha,The Ordinary,Alanine,skin-identical ingredient,,goodie
Natural Moisturizing Factors + Ha,The Ordinary,Serine,skin-identical ingredient,,goodie
Natural Moisturizing Factors + Ha,The Ordinary,Valine,skin-identical ingredient,,goodie
Natural Moisturizing Factors + Ha,The Ordinary,Isoleucine,skin-identical ingredient,,goodie
Natural Moisturizing Factors + Ha,The Ordinary,Proline,skin-identical ingredient,,goodie
Natural Moisturizing Factors + Ha,The Ordinary,Threonine,skin-identical ingredient,,goodie
Natural Moisturizing Factors + Ha,The Ordinary,Histidine,"skin-identical ingredient,  moisturizer/​humectant",,goodie
Natural Moisturizing Factors + Ha,The Ordinary,Phenylalanine,skin-identical ingredient,,goodie
Natural Moisturizing Factors + Ha,The Ordinary,Glucose,moisturizer/​humectant,,goodie
Natural Moisturizing Factors + Ha,The Ordinary,Maltose,moisturizer/​humectant,,
Natural Moisturizing Factors + Ha,The Ordinary,Fructose,moisturizer/​humectant,,goodie
Natural Moisturizing Factors + Ha,The Ordinary,Trehalose,moisturizer/​humectant,,goodie
Natural Moisturizing Factors + Ha,The Ordinary,Sodium PCA,"skin-identical ingredient,  moisturizer/​humectant","0,  0",goodie
Natural Moisturizing Factors + Ha,The Ordinary,PCA,"skin-identical ingredient,  moisturizer/​humectant",,goodie
Natural Moisturizing Factors + Ha,The Ordinary,Sodium Lactate,"buffering,  moisturizer/​humectant",,goodie
Natural Moisturizing Factors + Ha,The Ordinary,Urea,"skin-identical ingredient,  moisturizer/​humectant",,goodie
Natural Moisturizing Factors + Ha,The Ordinary,Allantoin,soothing,"0,  0",goodie
Natural Moisturizing Factors + Ha,The Ordinary,Linoleic Acid,"skin-identical ingredient,  emollient,  surfactant/​cleansing",,goodie
Natural Moisturizing Factors + Ha,The Ordinary,Oleic Acid,"emollient,  emulsifying",,
Natural Moisturizing Factors + Ha,The Ordinary,Phytosteryl Canola Glycerides,,,
Natural Moisturizing Factors + Ha,The Ordinary,Palmitic Acid,"skin-identical ingredient,  emollient,  emulsifying","0,  2",
Natural Moisturizing Factors + Ha,The Ordinary,Stearic Acid,"emollient,  viscosity controlling","0,  2-3",
Natural Moisturizing Factors + Ha,The Ordinary,Lecithin,"emollient,  emulsifying",,goodie
Natural Moisturizing Factors + Ha,The Ordinary,Triolein,viscosity controlling,,
Natural Moisturizing Factors + Ha,The Ordinary,Tocopherol,antioxidant,"0-3,  0-3",goodie
Natural Moisturizing Factors + Ha,The Ordinary,Carbomer,viscosity controlling,"0,  1",
Natural Moisturizing Factors + Ha,The Ordinary,Isoceteth-20,"emulsifying,  surfactant/​cleansing",,
Natural Moisturizing Factors + Ha,The Ordinary,Polysorbate 60,"emulsifying,  surfactant/​cleansing",,
Natural Moisturizing Factors + Ha,The Ordinary,Sodium Chloride,viscosity controlling,,
Natural Moisturizing Factors + Ha,The Ordinary,Citric Acid,buffering,,
Natural Moisturizing Factors + Ha,The Ordinary,Trisodium Ethylenediamine Disuccinate,chelating,,
Natural Moisturizing Factors + Ha,The Ordinary,Pentylene Glycol,"solvent,  moisturizer/​humectant",,
Natural Moisturizing Factors + Ha,The Ordinary,Triethanolamine,buffering,"0,  2",
Natural Moisturizing Factors + Ha,The Ordinary,Sodium Hydroxide,buffering,,
Natural Moisturizing Factors + Ha,The Ordinary,Phenoxyethanol,preservative,,
Natural Moisturizing Factors + Ha,The Ordinary,Chlorphenesin.,"preservative,  antimicrobial/​antibacterial",,
High-Adherence Silicone Primer,The Ordinary,Aqua (Water),solvent,,
High-Adherence Silicone Primer,The Ordinary,Isodecyl Neopentanoate,emollient,,
High-Adherence Silicone Primer,The Ordinary,Dimethicone,emollient,"0,  1",
High-Adherence Silicone Primer,The Ordinary,Dimethicone/Bis-Isobutyl PPG-20 Crosspolymer,"emollient,  viscosity controlling",,
High-Adherence Silicone Primer,The Ordinary,Hydroxyethyl Acrylate/Sodium Acryloyldimethyl Taurate Copolymer,viscosity controlling,,
High-Adherence Silicone Primer,The Ordinary,Isohexadecane,"emollient,  solvent",,
High-Adherence Silicone Primer,The Ordinary,Hexamethyldisiloxane,,,
High-Adherence Silicone Primer,The Ordinary,Isoceteth-20,"emulsifying,  surfactant/​cleansing",,
High-Adherence Silicone Primer,The Ordinary,Polysilicone-11,,,
High-Adherence Silicone Primer,The Ordinary,Tocopherol,antioxidant,"0-3,  0-3",goodie
High-Adherence Silicone Primer,The Ordinary,Polysorbate 60,"emulsifying,  surfactant/​cleansing",,
High-Adherence Silicone Primer,The Ordinary,Trisodium Ethylenediamine Disuccinate,chelating,,
High-Adherence Silicone Primer,The Ordinary,Phenoxyethanol,preservative,,
High-Adherence Silicone Primer,The Ordinary,Chlorphenesin,"preservative,  antimicrobial/​antibacterial",,
100% Organic Cold-Pressed Moroccan Argan Oil,The Ordinary,Argania Spinosa Kernel Oil,"antioxidant,  emollient",,goodie
Caffeine Solution 5% + Egcg (Discontinued),The Ordinary,Aqua (Water),solvent,,
Caffeine Solution 5% + Egcg (Discontinued),The Ordinary,Caffeine,"antioxidant,  perfuming",,goodie
Caffeine Solution 5% + Egcg (Discontinued),The Ordinary,Propanediol,"solvent,  moisturizer/​humectant",,
Caffeine Solution 5% + Egcg (Discontinued),The Ordinary,Glycerin,"skin-identical ingredient,  moisturizer/​humectant","0,  0",superstar
Caffeine Solution 5% + Egcg (Discontinued),The Ordinary,Maltodextrin,,,
Caffeine Solution 5% + Egcg (Discontinued),The Ordinary,Epigallocatechin Gallate,"antioxidant,  soothing",,superstar
Caffeine Solution 5% + Egcg (Discontinued),The Ordinary,Sodium Hyaluronate,"skin-identical ingredient,  moisturizer/​humectant","0,  0",goodie
Caffeine Solution 5% + Egcg (Discontinued),The Ordinary,Glycine Soja (Soybean) Seed Extract,"antioxidant,  skin brightening,  soothing,  emollient",,goodie
Caffeine Solution 5% + Egcg (Discontinued),The Ordinary,Urea,"skin-identical ingredient,  moisturizer/​humectant",,goodie
Caffeine Solution 5% + Egcg (Discontinued),The Ordinary,Tocophersolan,antioxidant,,
Caffeine Solution 5% + Egcg (Discontinued),The Ordinary,Hydroxyethylcellulose,viscosity controlling,,
Caffeine Solution 5% + Egcg (Discontinued),The Ordinary,Poloxamer 235,"emulsifying,  surfactant/​cleansing",,
Caffeine Solution 5% + Egcg (Discontinued),The Ordinary,Poloxamer 338,"emulsifying,  surfactant/​cleansing",,
Caffeine Solution 5% + Egcg (Discontinued),The Ordinary,Xanthan Gum,viscosity controlling,,
Caffeine Solution 5% + Egcg (Discontinued),The Ordinary,Lactic Acid,"exfoliant,  moisturizer/​humectant,  buffering",,superstar
Caffeine Solution 5% + Egcg (Discontinued),The Ordinary,Trisodium Ethylenediamine Disuccinate,chelating,,
Caffeine Solution 5% + Egcg (Discontinued),The Ordinary,Butylene Glycol,"moisturizer/​humectant,  solvent","0,  1",
Caffeine Solution 5% + Egcg (Discontinued),The Ordinary,Ethoxydiglycol,"solvent,  moisturizer/​humectant,  perfuming","0,  0",
Caffeine Solution 5% + Egcg (Discontinued),The Ordinary,Phenoxyethanol,preservative,,
Caffeine Solution 5% + Egcg (Discontinued),The Ordinary,Chlorphenesin,"preservative,  antimicrobial/​antibacterial",,
Azelaic Acid Suspension 10%,The Ordinary,Aqua (Water),solvent,,
Azelaic Acid Suspension 10%,The Ordinary,Isodecyl Neopentanoate,emollient,,
Azelaic Acid Suspension 10%,The Ordinary,Dimethicone,emollient,"0,  1",
Azelaic Acid Suspension 10%,The Ordinary,Azelaic Acid,"anti-acne,  soothing,  buffering",,superstar
Azelaic Acid Suspension 10%,The Ordinary,Dimethicone/Bis-Isobutyl PPG-20 Crosspolymer,"emollient,  viscosity controlling",,
Azelaic Acid Suspension 10%,The Ordinary,Dimethyl Isosorbide,"solvent,  viscosity controlling",,
Azelaic Acid Suspension 10%,The Ordinary,Hydroxyethyl Acrylate/Sodium Acryloyldimethyl Taurate Copolymer,viscosity controlling,,
Azelaic Acid Suspension 10%,The Ordinary,Polysilicone-11,,,
Azelaic Acid Suspension 10%,The Ordinary,Isohexadecane,"emollient,  solvent",,
Azelaic Acid Suspension 10%,The Ordinary,Tocopherol,antioxidant,"0-3,  0-3",goodie
Azelaic Acid Suspension 10%,The Ordinary,Trisodium Ethylenediamine Disuccinate,chelating,,
Azelaic Acid Suspension 10%,The Ordinary,Isoceteth-20,"emulsifying,  surfactant/​cleansing",,
Azelaic Acid Suspension 10%,The Ordinary,Polysorbate 60,"emulsifying,  surfactant/​cleansing",,
Azelaic Acid Suspension 10%,The Ordinary,Triethanolamine,buffering,"0,  2",
Azelaic Acid Suspension 10%,The Ordinary,Ethoxydiglycol,"solvent,  moisturizer/​humectant,  perfuming","0,  0",
Azelaic Acid Suspension 10%,The Ordinary,Phenoxyethanol,preservative,,
Azelaic Acid Suspension 10%,The Ordinary,Chlorphenesin,"preservative,  antimicrobial/​antibacterial",,
Ascorbyl Glucoside Solution 12%,The Ordinary,Aqua (Water),solvent,,
Ascorbyl Glucoside Solution 12%,The Ordinary,Ascorbyl Glucoside,"antioxidant,  skin brightening",,goodie
Ascorbyl Glucoside Solution 12%,The Ordinary,Propanediol,"solvent,  moisturizer/​humectant",,
Ascorbyl Glucoside Solution 12%,The Ordinary,Aminomethyl Propanol,buffering,,
Ascorbyl Glucoside Solution 12%,The Ordinary,Triethanolamine,buffering,"0,  2",
Ascorbyl Glucoside Solution 12%,The Ordinary,Isoceteth-20,"emulsifying,  surfactant/​cleansing",,
Ascorbyl Glucoside Solution 12%,The Ordinary,Xanthan Gum,viscosity controlling,,
Ascorbyl Glucoside Solution 12%,The Ordinary,Dimethyl Isosorbide,"solvent,  viscosity controlling",,
Ascorbyl Glucoside Solution 12%,The Ordinary,Ethoxydiglycol,"solvent,  moisturizer/​humectant,  perfuming","0,  0",
Ascorbyl Glucoside Solution 12%,The Ordinary,Trisodium Ethylenediamine Disuccinate,chelating,,
Ascorbyl Glucoside Solution 12%,The Ordinary,"1,2-Hexanediol",solvent,,
Ascorbyl Glucoside Solution 12%,The Ordinary,Caprylyl Glycol.,"moisturizer/​humectant,  emollient",,
Ascorbyl Tetraisopalmitate Solution 20% In Vitamin F,The Ordinary,Coconut Alkanes,"emollient,  solvent",,
Ascorbyl Tetraisopalmitate Solution 20% In Vitamin F,The Ordinary,Tetrahexyldecyl Ascorbate,"antioxidant,  skin brightening",,goodie
Ascorbyl Tetraisopalmitate Solution 20% In Vitamin F,The Ordinary,Ethyl Linoleate,"emollient,  perfuming",,
Ascorbyl Tetraisopalmitate Solution 20% In Vitamin F,The Ordinary,Coco-Caprylate/Caprate,emollient,,
Ascorbyl Tetraisopalmitate Solution 20% In Vitamin F,The Ordinary,Simmondsia Chinensis (Jojoba) Seed Oil,emollient,"0,  0-2",goodie
Ascorbyl Tetraisopalmitate Solution 20% In Vitamin F,The Ordinary,Solanum Lycopersicum (Tomato) Fruit Extract,antioxidant,,
Ascorbyl Tetraisopalmitate Solution 20% In Vitamin F,The Ordinary,Squalane,"skin-identical ingredient,  emollient","0,  1",goodie
Magnesium Ascorbyl Phosphate 10%,The Ordinary,Aqua (Water),solvent,,
Magnesium Ascorbyl Phosphate 10%,The Ordinary,Coco-Caprylate/Caprate,emollient,,
Magnesium Ascorbyl Phosphate 10%,The Ordinary,Magnesium Ascorbyl Phosphate,"skin brightening,  antioxidant",,goodie
Magnesium Ascorbyl Phosphate 10%,The Ordinary,Isodecyl Neopentanoate,emollient,,
Magnesium Ascorbyl Phosphate 10%,The Ordinary,Plukenetia Volubilis Seed Oil,"antioxidant,  emollient,  moisturizer/​humectant",,goodie
Magnesium Ascorbyl Phosphate 10%,The Ordinary,Coconut Alkanes,"emollient,  solvent",,
Magnesium Ascorbyl Phosphate 10%,The Ordinary,Disteardimonium Hectorite,viscosity controlling,,
Magnesium Ascorbyl Phosphate 10%,The Ordinary,Polyglyceryl-3 Diisostearate,emulsifying,"0,  4",
Magnesium Ascorbyl Phosphate 10%,The Ordinary,Polyglyceryl-3 Polyricinoleate,"emulsifying,  viscosity controlling",,
Magnesium Ascorbyl Phosphate 10%,The Ordinary,Glycerin,"skin-identical ingredient,  moisturizer/​humectant","0,  0",superstar
Magnesium Ascorbyl Phosphate 10%,The Ordinary,Hexamethyldisiloxane,,,
Magnesium Ascorbyl Phosphate 10%,The Ordinary,Terminalia Ferdinandiana Fruit Extract,"antioxidant,  skin brightening",,
Magnesium Ascorbyl Phosphate 10%,The Ordinary,Tocopherol,antioxidant,"0-3,  0-3",goodie
Magnesium Ascorbyl Phosphate 10%,The Ordinary,Sodium Chloride,viscosity controlling,,
Magnesium Ascorbyl Phosphate 10%,The Ordinary,Phenoxyethanol,preservative,,
Magnesium Ascorbyl Phosphate 10%,The Ordinary,Chlorphenesin,"preservative,  antimicrobial/​antibacterial",,
Retinol 1%,The Ordinary,Cyclopentasiloxane,"emollient,  solvent",,
Retinol 1%,The Ordinary,Caprylyl Methicone,emollient,,
Retinol 1%,The Ordinary,Isoamyl Laurate,emollient,,
Retinol 1%,The Ordinary,Ethyl Methicone,emollient,,
Retinol 1%,The Ordinary,PEG-12 Dimethicone/PPG-20 Crosspolymer,,,
Retinol 1%,The Ordinary,Dimethicone/Vinyl Dimethicone Crosspolymer,viscosity controlling,,
Retinol 1%,The Ordinary,Propanediol,"solvent,  moisturizer/​humectant",,
Retinol 1%,The Ordinary,Polysorbate 20,"emulsifying,  surfactant/​cleansing","0,  0",
Retinol 1%,The Ordinary,Retinol,cell-communicating ingredient,,superstar
Retinol 1%,The Ordinary,Isoamyl Cocoate,emollient,,
Retinol 1%,The Ordinary,Tocopherol,antioxidant,"0-3,  0-3",goodie
Retinol 1%,The Ordinary,Bha,"antioxidant,  preservative",,icky
Retinol 1%,The Ordinary,BHT,"antioxidant,  preservative",,
High-Spreadability Fluid Primer,The Ordinary,Hexamethyldisiloxane,,,
High-Spreadability Fluid Primer,The Ordinary,Cyclopentasiloxane,"emollient,  solvent",,
High-Spreadability Fluid Primer,The Ordinary,Caprylyl Methicone,emollient,,
High-Spreadability Fluid Primer,The Ordinary,PEG-12 Dimethicone/PPG-20 Crosspolymer,,,
High-Spreadability Fluid Primer,The Ordinary,Dimethicone,emollient,"0,  1",
High-Spreadability Fluid Primer,The Ordinary,Dimethicone/Vinyl Dimethicone Crosspolymer,viscosity controlling,,
High-Spreadability Fluid Primer,The Ordinary,Tocopherol,antioxidant,"0-3,  0-3",goodie
Salicylic Acid 2% Solution,The Ordinary,Aqua (Water),solvent,,
Salicylic Acid 2% Solution,The Ordinary,Hamamelis Virginiana Leaf Water,"soothing,  antimicrobial/​antibacterial",,
Salicylic Acid 2% Solution,The Ordinary,Cocamidopropyl Dimethylamine,"emulsifying,  surfactant/​cleansing",,
Salicylic Acid 2% Solution,The Ordinary,Salicylic Acid,"exfoliant,  anti-acne,  soothing,  preservative",,superstar
Salicylic Acid 2% Solution,The Ordinary,Dimethyl Isosorbide,"solvent,  viscosity controlling",,
Salicylic Acid 2% Solution,The Ordinary,Trisodium Ethylenediamine Disuccinate,chelating,,
Salicylic Acid 2% Solution,The Ordinary,Citric Acid,buffering,,
Salicylic Acid 2% Solution,The Ordinary,Polysorbate 20,"emulsifying,  surfactant/​cleansing","0,  0",
Salicylic Acid 2% Solution,The Ordinary,Hydroxyethylcellulose,viscosity controlling,,
Salicylic Acid 2% Solution,The Ordinary,Ethoxydiglycol,"solvent,  moisturizer/​humectant,  perfuming","0,  0",
Salicylic Acid 2% Solution,The Ordinary,Potassium Sorbate,preservative,,
Salicylic Acid 2% Solution,The Ordinary,Sodium Benzoate,preservative,,
Salicylic Acid 2% Solution,The Ordinary,"1,2-Hexanediol",solvent,,
Salicylic Acid 2% Solution,The Ordinary,Caprylyl Glycol,"moisturizer/​humectant,  emollient",,
Glycolic Acid 7% Toning Solution,The Ordinary,Aqua (Water),solvent,,
Glycolic Acid 7% Toning Solution,The Ordinary,Glycolic Acid,"exfoliant,  buffering",,superstar
Glycolic Acid 7% Toning Solution,The Ordinary,Rosa Damascena Flower Water,,,
Glycolic Acid 7% Toning Solution,The Ordinary,Centaurea Cyanus Flower Water,soothing,,goodie
Glycolic Acid 7% Toning Solution,The Ordinary,Aloe Barbadensis Leaf Water,,,
Glycolic Acid 7% Toning Solution,The Ordinary,Propanediol,"solvent,  moisturizer/​humectant",,
Glycolic Acid 7% Toning Solution,The Ordinary,Glycerin,"skin-identical ingredient,  moisturizer/​humectant","0,  0",superstar
Glycolic Acid 7% Toning Solution,The Ordinary,Triethanolamine,buffering,"0,  2",
Glycolic Acid 7% Toning Solution,The Ordinary,Aminomethyl Propanol,buffering,,
Glycolic Acid 7% Toning Solution,The Ordinary,Panax Ginseng Root Extract,"antioxidant,  emollient",,goodie
Glycolic Acid 7% Toning Solution,The Ordinary,Tasmannia Lanceolata Fruit/Leaf Extract,"antioxidant,  soothing",,goodie
Glycolic Acid 7% Toning Solution,The Ordinary,Aspartic Acid,skin-identical ingredient,,goodie
Glycolic Acid 7% Toning Solution,The Ordinary,Alanine,skin-identical ingredient,,goodie
Glycolic Acid 7% Toning Solution,The Ordinary,Glycine,skin-identical ingredient,,goodie
Glycolic Acid 7% Toning Solution,The Ordinary,Serine,skin-identical ingredient,,goodie
Glycolic Acid 7% Toning Solution,The Ordinary,Valine,skin-identical ingredient,,goodie
Glycolic Acid 7% Toning Solution,The Ordinary,Isoleucine,skin-identical ingredient,,goodie
Glycolic Acid 7% Toning Solution,The Ordinary,Proline,skin-identical ingredient,,goodie
Glycolic Acid 7% Toning Solution,The Ordinary,Threonine,skin-identical ingredient,,goodie
Glycolic Acid 7% Toning Solution,The Ordinary,Histidine,"skin-identical ingredient,  moisturizer/​humectant",,goodie
Glycolic Acid 7% Toning Solution,The Ordinary,Phenylalanine,skin-identical ingredient,,goodie
Glycolic Acid 7% Toning Solution,The Ordinary,Glutamic Acid,moisturizer/​humectant,,
Glycolic Acid 7% Toning Solution,The Ordinary,Arginine,skin-identical ingredient,,goodie
Glycolic Acid 7% Toning Solution,The Ordinary,Pca,"skin-identical ingredient,  moisturizer/​humectant",,goodie
Glycolic Acid 7% Toning Solution,The Ordinary,Sodium Pca,"skin-identical ingredient,  moisturizer/​humectant","0,  0",goodie
Glycolic Acid 7% Toning Solution,The Ordinary,Sodium Lactate,"buffering,  moisturizer/​humectant",,goodie
Glycolic Acid 7% Toning Solution,The Ordinary,Fructose,moisturizer/​humectant,,goodie
Glycolic Acid 7% Toning Solution,The Ordinary,Glucose,moisturizer/​humectant,,goodie
Glycolic Acid 7% Toning Solution,The Ordinary,Sucrose,"moisturizer/​humectant,  soothing",,goodie
Glycolic Acid 7% Toning Solution,The Ordinary,Urea,"skin-identical ingredient,  moisturizer/​humectant",,goodie
Glycolic Acid 7% Toning Solution,The Ordinary,Hexyl Nicotinate,emollient,,
Glycolic Acid 7% Toning Solution,The Ordinary,Dextrin,"viscosity controlling,  moisturizer/​humectant",,
Glycolic Acid 7% Toning Solution,The Ordinary,Citric Acid,buffering,,
Glycolic Acid 7% Toning Solution,The Ordinary,Polysorbate 20,"emulsifying,  surfactant/​cleansing","0,  0",
Glycolic Acid 7% Toning Solution,The Ordinary,Gellan Gum,viscosity controlling,,
Glycolic Acid 7% Toning Solution,The Ordinary,Trisodium Ethylenediamine Disuccinate,chelating,,
Glycolic Acid 7% Toning Solution,The Ordinary,Sodium Chloride,viscosity controlling,,
Glycolic Acid 7% Toning Solution,The Ordinary,Hexylene Glycol,"solvent,  emulsifying,  perfuming,  surfactant/​cleansing","0-1,  0-2",
Glycolic Acid 7% Toning Solution,The Ordinary,Potassium Sorbate,preservative,,
Glycolic Acid 7% Toning Solution,The Ordinary,Sodium Benzoate,preservative,,
Glycolic Acid 7% Toning Solution,The Ordinary,"1,2-Hexanediol",solvent,,
Glycolic Acid 7% Toning Solution,The Ordinary,Caprylyl Glycol,"moisturizer/​humectant,  emollient",,
Aha 30% + Bha 2% Peeling Solution (Old Version) (Discontinued),The Ordinary,Glycolic Acid,"exfoliant,  buffering",,superstar
Aha 30% + Bha 2% Peeling Solution (Old Version) (Discontinued),The Ordinary,Aqua (Water),solvent,,
Aha 30% + Bha 2% Peeling Solution (Old Version) (Discontinued),The Ordinary,Arginine,skin-identical ingredient,,goodie
Aha 30% + Bha 2% Peeling Solution (Old Version) (Discontinued),The Ordinary,Propanediol,"solvent,  moisturizer/​humectant",,
Aha 30% + Bha 2% Peeling Solution (Old Version) (Discontinued),The Ordinary,Cocamidopropyl Dimethylamine,"emulsifying,  surfactant/​cleansing",,
Aha 30% + Bha 2% Peeling Solution (Old Version) (Discontinued),The Ordinary,Triethanolamine,buffering,"0,  2",
Aha 30% + Bha 2% Peeling Solution (Old Version) (Discontinued),The Ordinary,Salicylic Acid,"exfoliant,  anti-acne,  soothing,  preservative",,superstar
Aha 30% + Bha 2% Peeling Solution (Old Version) (Discontinued),The Ordinary,Aminomethyl Propanol,buffering,,
Aha 30% + Bha 2% Peeling Solution (Old Version) (Discontinued),The Ordinary,Lactic Acid,"exfoliant,  moisturizer/​humectant,  buffering",,superstar
Aha 30% + Bha 2% Peeling Solution (Old Version) (Discontinued),The Ordinary,Tartaric Acid,"buffering,  exfoliant",,
Aha 30% + Bha 2% Peeling Solution (Old Version) (Discontinued),The Ordinary,Citric Acid,buffering,,
Aha 30% + Bha 2% Peeling Solution (Old Version) (Discontinued),The Ordinary,Panthenol,"soothing,  moisturizer/​humectant","0,  0",goodie
Aha 30% + Bha 2% Peeling Solution (Old Version) (Discontinued),The Ordinary,Sodium Hyaluronate Crosspolymer,"skin-identical ingredient,  antioxidant,  moisturizer/​humectant",,goodie
Aha 30% + Bha 2% Peeling Solution (Old Version) (Discontinued),The Ordinary,Tasmannia Lanceolata Fruit/Leaf Extract,"antioxidant,  soothing",,goodie
Aha 30% + Bha 2% Peeling Solution (Old Version) (Discontinued),The Ordinary,Daucus Carota Sativa Extract,perfuming,,
Aha 30% + Bha 2% Peeling Solution (Old Version) (Discontinued),The Ordinary,Glycerin,"skin-identical ingredient,  moisturizer/​humectant","0,  0",superstar
Aha 30% + Bha 2% Peeling Solution (Old Version) (Discontinued),The Ordinary,Pentylene Glycol,"solvent,  moisturizer/​humectant",,
Aha 30% + Bha 2% Peeling Solution (Old Version) (Discontinued),The Ordinary,Polysorbate 20,"emulsifying,  surfactant/​cleansing","0,  0",
Aha 30% + Bha 2% Peeling Solution (Old Version) (Discontinued),The Ordinary,Trisodium Ethylenediamine Disuccinate,chelating,,
Aha 30% + Bha 2% Peeling Solution (Old Version) (Discontinued),The Ordinary,Ethylhexylglycerin,preservative,,
Aha 30% + Bha 2% Peeling Solution (Old Version) (Discontinued),The Ordinary,"1,2-Hexanediol",solvent,,
Aha 30% + Bha 2% Peeling Solution (Old Version) (Discontinued),The Ordinary,Caprylyl Glycol,"moisturizer/​humectant,  emollient",,
Alpha Lipoic Acid 5%,The Ordinary,Propanediol,"solvent,  moisturizer/​humectant",,
Alpha Lipoic Acid 5%,The Ordinary,Thioctic Acid,antioxidant,,goodie
100% Plant-Derived Squalane,The Ordinary,Squalane,"skin-identical ingredient,  emollient","0,  1",goodie
Argireline Solution 10%,The Ordinary,Aqua (Water),solvent,,
Argireline Solution 10%,The Ordinary,Propanediol,"solvent,  moisturizer/​humectant",,
Argireline Solution 10%,The Ordinary,Acetyl Hexapeptide-8,"cell-communicating ingredient,  moisturizer/​humectant",,goodie
Argireline Solution 10%,The Ordinary,Trisodium Ethylenediamine Disuccinate,chelating,,
Argireline Solution 10%,The Ordinary,Gellan Gum,viscosity controlling,,
Argireline Solution 10%,The Ordinary,Sodium Chloride,viscosity controlling,,
Argireline Solution 10%,The Ordinary,Isoceteth-20,"emulsifying,  surfactant/​cleansing",,
Argireline Solution 10%,The Ordinary,Dimethyl Isosorbide,"solvent,  viscosity controlling",,
Argireline Solution 10%,The Ordinary,Potassium Sorbate,preservative,,
Argireline Solution 10%,The Ordinary,Phenoxyethanol,preservative,,
Argireline Solution 10%,The Ordinary,Chlorphenesin,"preservative,  antimicrobial/​antibacterial",,
Serum Foundation,The Ordinary,Cyclopentasiloxane,"emollient,  solvent",,
Serum Foundation,The Ordinary,Aqua (Water),solvent,,
Serum Foundation,The Ordinary,Caprylyl Methicone,emollient,,
Serum Foundation,The Ordinary,Coconut Alkanes,"emollient,  solvent",,
Serum Foundation,The Ordinary,Methyl Methacrylate Crosspolymer,,,
Serum Foundation,The Ordinary,Trimethylsiloxysilicate,emollient,,
Serum Foundation,The Ordinary,PEG-9 Polydimethylsiloxyethyl Dimethicone,emulsifying,,
Serum Foundation,The Ordinary,Coco-Caprylate/Caprate,emollient,,
Serum Foundation,The Ordinary,Dimethicone/PEG-10/15 Crosspolymer,emulsifying,,
Serum Foundation,The Ordinary,Cetyl Diglyceryl Tris[Trimethylsiloxy]Silylethyl Dimethicone,surfactant/​cleansing,,
Serum Foundation,The Ordinary,Dipropylene Glycol,solvent,,
Serum Foundation,The Ordinary,Tocopherol,antioxidant,"0-3,  0-3",goodie
Serum Foundation,The Ordinary,Polyglyceryl-3 Diisostearate,emulsifying,"0,  4",
Serum Foundation,The Ordinary,Polyglyceryl-3 Polyricinoleate,"emulsifying,  viscosity controlling",,
Serum Foundation,The Ordinary,Polyglyceryl-4 Isostearate,emulsifying,,
Serum Foundation,The Ordinary,Disteardimonium Hectorite,viscosity controlling,,
Serum Foundation,The Ordinary,Hectorite,viscosity controlling,,
Serum Foundation,The Ordinary,Sodium Chloride,viscosity controlling,,
Serum Foundation,The Ordinary,Hexyl Laurate,emollient,,
Serum Foundation,The Ordinary,Dimethicone/Vinyl Dimethicone Crosspolymer,viscosity controlling,,
Serum Foundation,The Ordinary,PEG-10 Dimethicone,emulsifying,,
Serum Foundation,The Ordinary,Stearic Acid,"emollient,  viscosity controlling","0,  2-3",
Serum Foundation,The Ordinary,Alumina,"viscosity controlling,  abrasive/​scrub",,
Serum Foundation,The Ordinary,Trisodium Ethylenediamine Disuccinate,chelating,,
Serum Foundation,The Ordinary,Phenoxyethanol,preservative,,
Serum Foundation,The Ordinary,Chlorphenesin,"preservative,  antimicrobial/​antibacterial",,
Serum Foundation,The Ordinary,Titanium Dioxide (Ci 77891),colorant,"0,  0",
Serum Foundation,The Ordinary,Iron Oxides (Ci 77491/Ci 77492/Ci 77499),colorant,"0,  0",
Serum Foundation,The Ordinary,Tin Oxide,"colorant,  abrasive/​scrub,  viscosity controlling",,
Serum Foundation,The Ordinary,Aluminum Hydroxide,"emollient,  moisturizer/​humectant,  viscosity controlling",,
Serum Foundation,The Ordinary,Bismuth Oxychloride (Ci 77163),colorant,,
Serum Foundation,The Ordinary,Mica,colorant,,
Serum Foundation,The Ordinary,Triethoxycaprylylsilane,,,
Euk 134 0.1%,The Ordinary,Propanediol,"solvent,  moisturizer/​humectant",,
Euk 134 0.1%,The Ordinary,Ethylbisiminomethylguaiacol Manganese Chloride,antioxidant,,goodie
Resveratrol 3% + Ferulic Acid 3%,The Ordinary,Propanediol,"solvent,  moisturizer/​humectant",,
Resveratrol 3% + Ferulic Acid 3%,The Ordinary,Resveratrol,antioxidant,,goodie
Resveratrol 3% + Ferulic Acid 3%,The Ordinary,Ferulic Acid,"antioxidant,  antimicrobial/​antibacterial",,goodie
Granactive Retinoid 2% In Squalane,The Ordinary,Squalane,"skin-identical ingredient,  emollient","0,  1",goodie
Granactive Retinoid 2% In Squalane,The Ordinary,C12-15 Alkyl Benzoate,"emollient,  antimicrobial/​antibacterial",,
Granactive Retinoid 2% In Squalane,The Ordinary,Bisabolol,soothing,,goodie
Granactive Retinoid 2% In Squalane,The Ordinary,Caprylic/Capric Triglyceride,emollient,,
Granactive Retinoid 2% In Squalane,The Ordinary,Dimethyl Isosorbide,"solvent,  viscosity controlling",,
Granactive Retinoid 2% In Squalane,The Ordinary,Simmondsia Chinensis (Jojoba) Seed Oil,emollient,"0,  0-2",goodie
Granactive Retinoid 2% In Squalane,The Ordinary,Hydroxypinacolone Retinoate,cell-communicating ingredient,,goodie
Granactive Retinoid 2% In Squalane,The Ordinary,Solanum Lycopersicum (Tomato) Fruit Extract,antioxidant,,
Granactive Retinoid 2% In Squalane,The Ordinary,Rosmarinus Officinalis (Rosemary) Leaf Extract,"antioxidant,  soothing,  antimicrobial/​antibacterial",,goodie
Granactive Retinoid 2% In Squalane,The Ordinary,Hydroxymethoxyphenyl Decanone,"antioxidant,  soothing",,goodie
Marine Hyaluronics (Discontinued),The Ordinary,Aqua (Water),solvent,,
Marine Hyaluronics (Discontinued),The Ordinary,Glycerin,"skin-identical ingredient,  moisturizer/​humectant","0,  0",superstar
Marine Hyaluronics (Discontinued),The Ordinary,Algae Extract,"emollient,  moisturizer/​humectant",,goodie
Marine Hyaluronics (Discontinued),The Ordinary,Pseudoalteromonas Exopolysaccharides,moisturizer/​humectant,,goodie
Marine Hyaluronics (Discontinued),The Ordinary,Pseudoalteromonas Ferment Extract,"soothing,  moisturizer/​humectant",,goodie
Marine Hyaluronics (Discontinued),The Ordinary,Ahnfeltia Concinna Extract,viscosity controlling,,goodie
Marine Hyaluronics (Discontinued),The Ordinary,Arginine,skin-identical ingredient,,goodie
Marine Hyaluronics (Discontinued),The Ordinary,Glycine,skin-identical ingredient,,goodie
Marine Hyaluronics (Discontinued),The Ordinary,Alanine,skin-identical ingredient,,goodie
Marine Hyaluronics (Discontinued),The Ordinary,Serine,skin-identical ingredient,,goodie
Marine Hyaluronics (Discontinued),The Ordinary,Valine,skin-identical ingredient,,goodie
Marine Hyaluronics (Discontinued),The Ordinary,Isoleucine,skin-identical ingredient,,goodie
Marine Hyaluronics (Discontinued),The Ordinary,Proline,skin-identical ingredient,,goodie
Marine Hyaluronics (Discontinued),The Ordinary,Threonine,skin-identical ingredient,,goodie
Marine Hyaluronics (Discontinued),The Ordinary,Histidine,"skin-identical ingredient,  moisturizer/​humectant",,goodie
Marine Hyaluronics (Discontinued),The Ordinary,Phenylalanine,skin-identical ingredient,,goodie
Marine Hyaluronics (Discontinued),The Ordinary,Aspartic Acid,skin-identical ingredient,,goodie
Marine Hyaluronics (Discontinued),The Ordinary,Pca,"skin-identical ingredient,  moisturizer/​humectant",,goodie
Marine Hyaluronics (Discontinued),The Ordinary,Sodium Pca,"skin-identical ingredient,  moisturizer/​humectant","0,  0",goodie
Marine Hyaluronics (Discontinued),The Ordinary,Sodium Lactate,"buffering,  moisturizer/​humectant",,goodie
Marine Hyaluronics (Discontinued),The Ordinary,Salicylic Acid,"exfoliant,  anti-acne,  soothing,  preservative",,superstar
Marine Hyaluronics (Discontinued),The Ordinary,Citric Acid,buffering,,
Marine Hyaluronics (Discontinued),The Ordinary,Propanediol,"solvent,  moisturizer/​humectant",,
Marine Hyaluronics (Discontinued),The Ordinary,Dimethyl Isosorbide,"solvent,  viscosity controlling",,
Marine Hyaluronics (Discontinued),The Ordinary,Ethoxydiglycol,"solvent,  moisturizer/​humectant,  perfuming","0,  0",
Marine Hyaluronics (Discontinued),The Ordinary,Polysorbate 20,"emulsifying,  surfactant/​cleansing","0,  0",
Marine Hyaluronics (Discontinued),The Ordinary,Potassium Sorbate,preservative,,
Marine Hyaluronics (Discontinued),The Ordinary,Sodium Salicylate,preservative,,
Marine Hyaluronics (Discontinued),The Ordinary,Sodium Benzoate,preservative,,
Marine Hyaluronics (Discontinued),The Ordinary,Hexylene Glycol,"solvent,  emulsifying,  perfuming,  surfactant/​cleansing","0-1,  0-2",
Marine Hyaluronics (Discontinued),The Ordinary,"1,2-Hexanediol",solvent,,
Marine Hyaluronics (Discontinued),The Ordinary,Phenoxyethanol,preservative,,
Marine Hyaluronics (Discontinued),The Ordinary,Caprylyl Glycol,"moisturizer/​humectant,  emollient",,
Mandelic Acid 10% + Ha,The Ordinary,Propanediol,"solvent,  moisturizer/​humectant",,
Mandelic Acid 10% + Ha,The Ordinary,Aqua (Water),solvent,,
Mandelic Acid 10% + Ha,The Ordinary,Mandelic Acid,"exfoliant,  antimicrobial/​antibacterial",,goodie
Mandelic Acid 10% + Ha,The Ordinary,Glycerin,"skin-identical ingredient,  moisturizer/​humectant","0,  0",superstar
Mandelic Acid 10% + Ha,The Ordinary,Dimethyl Isosorbide,"solvent,  viscosity controlling",,
Mandelic Acid 10% + Ha,The Ordinary,Sodium Hyaluronate Crosspolymer,"skin-identical ingredient,  antioxidant,  moisturizer/​humectant",,goodie
Mandelic Acid 10% + Ha,The Ordinary,Tasmannia Lanceolata Fruit/Leaf Extract,"antioxidant,  soothing",,goodie
Mandelic Acid 10% + Ha,The Ordinary,Pentylene Glycol,"solvent,  moisturizer/​humectant",,
Mandelic Acid 10% + Ha,The Ordinary,Polysorbate 20,"emulsifying,  surfactant/​cleansing","0,  0",
Mandelic Acid 10% + Ha,The Ordinary,Sodium Hydroxide,buffering,,
Mandelic Acid 10% + Ha,The Ordinary,Ethylhexylglycerin,preservative,,
Mandelic Acid 10% + Ha,The Ordinary,"1,2-Hexanediol",solvent,,
Mandelic Acid 10% + Ha,The Ordinary,Caprylyl Glycol,"moisturizer/​humectant,  emollient",,
Granactive Retinoid 5% In Squalane (Discontinued),The Ordinary,Squalane,"skin-identical ingredient,  emollient","0,  1",goodie
Granactive Retinoid 5% In Squalane (Discontinued),The Ordinary,C12-15 Alkyl Benzoate,"emollient,  antimicrobial/​antibacterial",,
Granactive Retinoid 5% In Squalane (Discontinued),The Ordinary,Bisabolol,soothing,,goodie
Granactive Retinoid 5% In Squalane (Discontinued),The Ordinary,Dimethyl Isosorbide,"solvent,  viscosity controlling",,
Granactive Retinoid 5% In Squalane (Discontinued),The Ordinary,Hydroxypinacolone Retinoate,cell-communicating ingredient,,goodie
Granactive Retinoid 5% In Squalane (Discontinued),The Ordinary,Solanum Lycopersicum (Tomato) Fruit Extract,antioxidant,,
Granactive Retinoid 5% In Squalane (Discontinued),The Ordinary,Simmondsia Chinensis (Jojoba) Seed Oil,emollient,"0,  0-2",goodie
Retinol 1% In Squalane,The Ordinary,Squalane,"skin-identical ingredient,  emollient","0,  1",goodie
Retinol 1% In Squalane,The Ordinary,Caprylic/Capric Triglyceride,emollient,,
Retinol 1% In Squalane,The Ordinary,Simmondsia Chinensis (Jojoba) Seed Oil,emollient,"0,  0-2",goodie
Retinol 1% In Squalane,The Ordinary,Retinol,cell-communicating ingredient,,superstar
Retinol 1% In Squalane,The Ordinary,Solanum Lycopersicum (Tomato) Fruit Extract,antioxidant,,
Retinol 1% In Squalane,The Ordinary,Rosmarinus Officinalis (Rosemary) Leaf Extract,"antioxidant,  soothing,  antimicrobial/​antibacterial",,goodie
Retinol 1% In Squalane,The Ordinary,Hydroxymethoxyphenyl Decanone,"antioxidant,  soothing",,goodie
Retinol 1% In Squalane,The Ordinary,BHT,"antioxidant,  preservative",,
Buffet + Copper Peptides 1%,The Ordinary,Aqua (Water),solvent,,
Buffet + Copper Peptides 1%,The Ordinary,Glycerin,"skin-identical ingredient,  moisturizer/​humectant","0,  0",superstar
Buffet + Copper Peptides 1%,The Ordinary,Lactococcus Ferment Lysate,,,goodie
Buffet + Copper Peptides 1%,The Ordinary,Copper Tripeptide-1,"cell-communicating ingredient,  soothing,  antioxidant",,goodie
Buffet + Copper Peptides 1%,The Ordinary,Acetyl Hexapeptide-8,"cell-communicating ingredient,  moisturizer/​humectant",,goodie
Buffet + Copper Peptides 1%,The Ordinary,Pentapeptide-18,cell-communicating ingredient,,goodie
Buffet + Copper Peptides 1%,The Ordinary,Palmitoyl Tripeptide-1,cell-communicating ingredient,,goodie
Buffet + Copper Peptides 1%,The Ordinary,Palmitoyl Tetrapeptide-7,cell-communicating ingredient,,goodie
Buffet + Copper Peptides 1%,The Ordinary,Palmitoyl Tripeptide-38,cell-communicating ingredient,,goodie
Buffet + Copper Peptides 1%,The Ordinary,Dipeptide Diaminobutyroyl Benzylamide Diacetate,cell-communicating ingredient,,goodie
Buffet + Copper Peptides 1%,The Ordinary,Acetylarginyltryptophyl Diphenylglycine,cell-communicating ingredient,,goodie
Buffet + Copper Peptides 1%,The Ordinary,Sodium Hyaluronate Crosspolymer,"skin-identical ingredient,  antioxidant,  moisturizer/​humectant",,goodie
Buffet + Copper Peptides 1%,The Ordinary,Sodium Hyaluronate,"skin-identical ingredient,  moisturizer/​humectant","0,  0",goodie
Buffet + Copper Peptides 1%,The Ordinary,Allantoin,soothing,"0,  0",goodie
Buffet + Copper Peptides 1%,The Ordinary,Glycine,skin-identical ingredient,,goodie
Buffet + Copper Peptides 1%,The Ordinary,Alanine,skin-identical ingredient,,goodie
Buffet + Copper Peptides 1%,The Ordinary,Serine,skin-identical ingredient,,goodie
Buffet + Copper Peptides 1%,The Ordinary,Valine,skin-identical ingredient,,goodie
Buffet + Copper Peptides 1%,The Ordinary,Isoleucine,skin-identical ingredient,,goodie
Buffet + Copper Peptides 1%,The Ordinary,Proline,skin-identical ingredient,,goodie
Buffet + Copper Peptides 1%,The Ordinary,Threonine,skin-identical ingredient,,goodie
Buffet + Copper Peptides 1%,The Ordinary,Histidine,"skin-identical ingredient,  moisturizer/​humectant",,goodie
Buffet + Copper Peptides 1%,The Ordinary,Phenylalanine,skin-identical ingredient,,goodie
Buffet + Copper Peptides 1%,The Ordinary,Arginine,skin-identical ingredient,,goodie
Buffet + Copper Peptides 1%,The Ordinary,Aspartic Acid,skin-identical ingredient,,goodie
Buffet + Copper Peptides 1%,The Ordinary,Trehalose,moisturizer/​humectant,,goodie
Buffet + Copper Peptides 1%,The Ordinary,Fructose,moisturizer/​humectant,,goodie
Buffet + Copper Peptides 1%,The Ordinary,Glucose,moisturizer/​humectant,,goodie
Buffet + Copper Peptides 1%,The Ordinary,Maltose,moisturizer/​humectant,,
Buffet + Copper Peptides 1%,The Ordinary,Urea,"skin-identical ingredient,  moisturizer/​humectant",,goodie
Buffet + Copper Peptides 1%,The Ordinary,Sodium Pca,"skin-identical ingredient,  moisturizer/​humectant","0,  0",goodie
Buffet + Copper Peptides 1%,The Ordinary,Pca,"skin-identical ingredient,  moisturizer/​humectant",,goodie
Buffet + Copper Peptides 1%,The Ordinary,Sodium Lactate,"buffering,  moisturizer/​humectant",,goodie
Buffet + Copper Peptides 1%,The Ordinary,Citric Acid,buffering,,
Buffet + Copper Peptides 1%,The Ordinary,Hydroxypropyl Cyclodextrin,,,
Buffet + Copper Peptides 1%,The Ordinary,Sodium Chloride,viscosity controlling,,
Buffet + Copper Peptides 1%,The Ordinary,Sodium Hydroxide,buffering,,
Buffet + Copper Peptides 1%,The Ordinary,Butylene Glycol,"moisturizer/​humectant,  solvent","0,  1",
Buffet + Copper Peptides 1%,The Ordinary,Pentylene Glycol,"solvent,  moisturizer/​humectant",,
Buffet + Copper Peptides 1%,The Ordinary,Acacia Senegal Gum,,,
Buffet + Copper Peptides 1%,The Ordinary,Xanthan Gum,viscosity controlling,,
Buffet + Copper Peptides 1%,The Ordinary,Carbomer,viscosity controlling,"0,  1",
Buffet + Copper Peptides 1%,The Ordinary,Polysorbate 20,"emulsifying,  surfactant/​cleansing","0,  0",
Buffet + Copper Peptides 1%,The Ordinary,Dimethyl Isosorbide,"solvent,  viscosity controlling",,
Buffet + Copper Peptides 1%,The Ordinary,Sodium Benzoate,preservative,,
Buffet + Copper Peptides 1%,The Ordinary,Caprylyl Glycol,"moisturizer/​humectant,  emollient",,
Buffet + Copper Peptides 1%,The Ordinary,Ethylhexylglycerin,preservative,,
Buffet + Copper Peptides 1%,The Ordinary,Phenoxyethanol,preservative,,
Buffet + Copper Peptides 1%,The Ordinary,Chlorphenesin,"preservative,  antimicrobial/​antibacterial",,
Vitamin C Suspension 30% In Silicone,The Ordinary,Dimethicone,emollient,"0,  1",
Vitamin C Suspension 30% In Silicone,The Ordinary,Ascorbic Acid,"antioxidant,  skin brightening,  buffering",,superstar
Vitamin C Suspension 30% In Silicone,The Ordinary,Polysilicone-11,,,
Vitamin C Suspension 30% In Silicone,The Ordinary,Peg-10 Dimethicone,emulsifying,,
Multi-Peptide Serum For Hair Density,The Ordinary,Aqua (Water),solvent,,
Multi-Peptide Serum For Hair Density,The Ordinary,Propanediol,"solvent,  moisturizer/​humectant",,
Multi-Peptide Serum For Hair Density,The Ordinary,Butylene Glycol,"moisturizer/​humectant,  solvent","0,  1",
Multi-Peptide Serum For Hair Density,The Ordinary,Glycerin,"skin-identical ingredient,  moisturizer/​humectant","0,  0",superstar
Multi-Peptide Serum For Hair Density,The Ordinary,Caffeine,"antioxidant,  perfuming",,goodie
Multi-Peptide Serum For Hair Density,The Ordinary,Biotinoyl Tripeptide-1,cell-communicating ingredient,,goodie
Multi-Peptide Serum For Hair Density,The Ordinary,Acetyl Tetrapeptide-3,cell-communicating ingredient,,goodie
Multi-Peptide Serum For Hair Density,The Ordinary,Larix Europaea Wood Extract,moisturizer/​humectant,,
Multi-Peptide Serum For Hair Density,The Ordinary,Pisum Sativum Extract,,,
Multi-Peptide Serum For Hair Density,The Ordinary,Scutellaria Baicalensis Root Extract,"soothing,  antioxidant,  antimicrobial/​antibacterial,  moisturizer/​humectant",,goodie
Multi-Peptide Serum For Hair Density,The Ordinary,Triticum Vulgare Germ Extract,,,goodie
Multi-Peptide Serum For Hair Density,The Ordinary,Glycine Soja Germ Extract,emollient,,
Multi-Peptide Serum For Hair Density,The Ordinary,Trifolium Pratense Flower Extract,,,
Multi-Peptide Serum For Hair Density,The Ordinary,Camellia Sinensis Leaf Extract,"antioxidant,  soothing",,goodie
Multi-Peptide Serum For Hair Density,The Ordinary,Apigenin,antioxidant,,
Multi-Peptide Serum For Hair Density,The Ordinary,Oleanolic Acid,,,
Multi-Peptide Serum For Hair Density,The Ordinary,Arginine,skin-identical ingredient,,goodie
Multi-Peptide Serum For Hair Density,The Ordinary,Glycine,skin-identical ingredient,,goodie
Multi-Peptide Serum For Hair Density,The Ordinary,Calcium Gluconate,moisturizer/​humectant,,
Multi-Peptide Serum For Hair Density,The Ordinary,Zinc Chloride,soothing,,
Multi-Peptide Serum For Hair Density,The Ordinary,Lactic Acid,"exfoliant,  moisturizer/​humectant,  buffering",,superstar
Multi-Peptide Serum For Hair Density,The Ordinary,Gluconolactone,"exfoliant,  chelating",,superstar
Multi-Peptide Serum For Hair Density,The Ordinary,Dextran,viscosity controlling,,
Multi-Peptide Serum For Hair Density,The Ordinary,Maltodextrin,,,
Multi-Peptide Serum For Hair Density,The Ordinary,Hydroxyethylcellulose,viscosity controlling,,
Multi-Peptide Serum For Hair Density,The Ordinary,Xanthan Gum,viscosity controlling,,
Multi-Peptide Serum For Hair Density,The Ordinary,Pentylene Glycol,"solvent,  moisturizer/​humectant",,
Multi-Peptide Serum For Hair Density,The Ordinary,Dimethyl Isosorbide,"solvent,  viscosity controlling",,
Multi-Peptide Serum For Hair Density,The Ordinary,Polysorbate 20,"emulsifying,  surfactant/​cleansing","0,  0",
Multi-Peptide Serum For Hair Density,The Ordinary,Ppg-26-Buteth-26,,,
Multi-Peptide Serum For Hair Density,The Ordinary,Peg-40 Hydrogenated Castor Oil,"emulsifying,  surfactant/​cleansing",,
Multi-Peptide Serum For Hair Density,The Ordinary,Trisodium Ethylenediamine Disuccinate,chelating,,
Multi-Peptide Serum For Hair Density,The Ordinary,Sodium Metabisulfite,"antioxidant,  preservative",,
Multi-Peptide Serum For Hair Density,The Ordinary,Sodium Benzoate,preservative,,
Multi-Peptide Serum For Hair Density,The Ordinary,Phenoxyethanol,preservative,,
Multi-Peptide Serum For Hair Density,The Ordinary,Chlorphenesin,"preservative,  antimicrobial/​antibacterial",,
100% L-Ascorbic Acid Powder,The Ordinary,Ascorbic Acid,"antioxidant,  skin brightening,  buffering",,superstar
"""B"" Oil",The Ordinary,Caprylic/Capric Triglyceride,emollient,,
"""B"" Oil",The Ordinary,Squalane,"skin-identical ingredient,  emollient","0,  1",goodie
"""B"" Oil",The Ordinary,Crambe Abyssinica Seed Oil,emollient,,goodie
"""B"" Oil",The Ordinary,Bisabolol,soothing,,goodie
"""B"" Oil",The Ordinary,Simmondsia Chinensis Seed Oil,emollient,"0,  0-2",goodie
"""B"" Oil",The Ordinary,Ethylhexyl Stearate,emollient,,
"""B"" Oil",The Ordinary,Isochrysis Galbana Extract,,,
"""B"" Oil",The Ordinary,Adansonia Digitata Seed Oil,emollient,,goodie
"""B"" Oil",The Ordinary,Argania Spinosa Kernel Oil,"antioxidant,  emollient",,goodie
"""B"" Oil",The Ordinary,Borago Officinalis Seed Oil,"soothing,  emollient",,goodie
"""B"" Oil",The Ordinary,Rosa Canina Seed Oil,emollient,,goodie
"""B"" Oil",The Ordinary,Sclerocarya Birrea Seed Oil,emollient,,goodie
"""B"" Oil",The Ordinary,Oenocarpus Bataua Fruit Oil,"emollient,  moisturizer/​humectant",,
"""B"" Oil",The Ordinary,Plukenetia Volubilis Seed Oil,"antioxidant,  emollient,  moisturizer/​humectant",,goodie
"""B"" Oil",The Ordinary,Bertholletia Excelsa Seed Oil,emollient,,
"""B"" Oil",The Ordinary,Solanum Lycopersicum (Tomato) Fruit Extract,antioxidant,,
"""B"" Oil",The Ordinary,Hydroxymethoxyphenyl Decanone,"antioxidant,  soothing",,goodie
"""B"" Oil",The Ordinary,Rosmarinus Officinalis (Rosemary) Leaf Extract,"antioxidant,  soothing,  antimicrobial/​antibacterial",,goodie
"""B"" Oil",The Ordinary,Tocopherol,antioxidant,"0-3,  0-3",goodie
Ethylated Ascorbic Acid 15% Solution,The Ordinary,Propanediol,"solvent,  moisturizer/​humectant",,
Ethylated Ascorbic Acid 15% Solution,The Ordinary,Ethyl Ascorbic Acid,"antioxidant,  skin brightening",,goodie
Granactive Retinoid 2% Emulsion (Discontinued),The Ordinary,Aqua (Water),solvent,,
Granactive Retinoid 2% Emulsion (Discontinued),The Ordinary,Glycerin,"skin-identical ingredient,  moisturizer/​humectant","0,  0",superstar
Granactive Retinoid 2% Emulsion (Discontinued),The Ordinary,Caprylic/Capric Triglyceride,emollient,,
Granactive Retinoid 2% Emulsion (Discontinued),The Ordinary,Ethyl Linoleate,"emollient,  perfuming",,
Granactive Retinoid 2% Emulsion (Discontinued),The Ordinary,Propanediol,"solvent,  moisturizer/​humectant",,
Granactive Retinoid 2% Emulsion (Discontinued),The Ordinary,Dimethyl Isosorbide,"solvent,  viscosity controlling",,
Granactive Retinoid 2% Emulsion (Discontinued),The Ordinary,Cetearyl Isononanoate,emollient,,
Granactive Retinoid 2% Emulsion (Discontinued),The Ordinary,Bisabolol,soothing,,goodie
Granactive Retinoid 2% Emulsion (Discontinued),The Ordinary,Hydroxypinacolone Retinoate,cell-communicating ingredient,,goodie
Granactive Retinoid 2% Emulsion (Discontinued),The Ordinary,Retinol,cell-communicating ingredient,,superstar
Granactive Retinoid 2% Emulsion (Discontinued),The Ordinary,Tasmannia Lanceolata Fruit/Leaf Extract,"antioxidant,  soothing",,goodie
Granactive Retinoid 2% Emulsion (Discontinued),The Ordinary,Inulin Lauryl Carbamate,"surfactant/​cleansing,  emulsifying",,
Granactive Retinoid 2% Emulsion (Discontinued),The Ordinary,Glyceryl Stearate,"emollient,  emulsifying","0,  1-2",
Granactive Retinoid 2% Emulsion (Discontinued),The Ordinary,Ceteareth-12,"emulsifying,  surfactant/​cleansing",,
Granactive Retinoid 2% Emulsion (Discontinued),The Ordinary,Ceteareth-20,"emulsifying,  surfactant/​cleansing","3,  2",
Granactive Retinoid 2% Emulsion (Discontinued),The Ordinary,Cetearyl Alcohol,"emollient,  viscosity controlling,  emulsifying,  surfactant/​cleansing","1,  2",
Granactive Retinoid 2% Emulsion (Discontinued),The Ordinary,Carrageenan,viscosity controlling,,
Granactive Retinoid 2% Emulsion (Discontinued),The Ordinary,Xanthan Gum,viscosity controlling,,
Granactive Retinoid 2% Emulsion (Discontinued),The Ordinary,Acacia Senegal Gum,,,
Granactive Retinoid 2% Emulsion (Discontinued),The Ordinary,Cetyl Palmitate,emollient,"0,  0",
Granactive Retinoid 2% Emulsion (Discontinued),The Ordinary,Sucrose Laurate,"emollient,  emulsifying,  surfactant/​cleansing",,
Granactive Retinoid 2% Emulsion (Discontinued),The Ordinary,Polysorbate 20,"emulsifying,  surfactant/​cleansing","0,  0",
Granactive Retinoid 2% Emulsion (Discontinued),The Ordinary,Isoceteth-20,"emulsifying,  surfactant/​cleansing",,
Granactive Retinoid 2% Emulsion (Discontinued),The Ordinary,Rosmarinus Officinalis (Rosemary) Leaf Extract,"antioxidant,  soothing,  antimicrobial/​antibacterial",,goodie
Granactive Retinoid 2% Emulsion (Discontinued),The Ordinary,Hydroxymethoxyphenyl Decanone,"antioxidant,  soothing",,goodie
Granactive Retinoid 2% Emulsion (Discontinued),The Ordinary,Behentrimonium Chloride,preservative,,
Granactive Retinoid 2% Emulsion (Discontinued),The Ordinary,Trisodium Ethylenediamine Disuccinate,chelating,,
Granactive Retinoid 2% Emulsion (Discontinued),The Ordinary,Disodium EDTA,chelating,,
Granactive Retinoid 2% Emulsion (Discontinued),The Ordinary,Dehydroacetic Acid,preservative,,
Granactive Retinoid 2% Emulsion (Discontinued),The Ordinary,Benzoic Acid,preservative,,
Granactive Retinoid 2% Emulsion (Discontinued),The Ordinary,Ethylhexylglycerin,preservative,,
Granactive Retinoid 2% Emulsion (Discontinued),The Ordinary,Phenoxyethanol,preservative,,
Granactive Retinoid 2% Emulsion (Discontinued),The Ordinary,Chlorphenesin,"preservative,  antimicrobial/​antibacterial",,
Retinol 0.5% In Squalane,The Ordinary,Squalane,"skin-identical ingredient,  emollient","0,  1",goodie
Retinol 0.5% In Squalane,The Ordinary,Caprylic/Capric Triglyceride,emollient,,
Retinol 0.5% In Squalane,The Ordinary,Simmondsia Chinensis (Jojoba) Seed Oil,emollient,"0,  0-2",goodie
Retinol 0.5% In Squalane,The Ordinary,Retinol,cell-communicating ingredient,,superstar
Retinol 0.5% In Squalane,The Ordinary,Solanum Lycopersicum (Tomato) Fruit Extract,antioxidant,,
Retinol 0.5% In Squalane,The Ordinary,Rosmarinus Officinalis (Rosemary) Leaf Extract,"antioxidant,  soothing,  antimicrobial/​antibacterial",,goodie
Retinol 0.5% In Squalane,The Ordinary,Hydroxymethoxyphenyl Decanone,"antioxidant,  soothing",,goodie
Retinol 0.5% In Squalane,The Ordinary,BHT,"antioxidant,  preservative",,
Retinol 0.2% In Squalane (Discontinued),The Ordinary,Squalane,"skin-identical ingredient,  emollient","0,  1",goodie
Retinol 0.2% In Squalane (Discontinued),The Ordinary,Caprylic/Capric Triglyceride,emollient,,
Retinol 0.2% In Squalane (Discontinued),The Ordinary,Retinol,cell-communicating ingredient,,superstar
Retinol 0.2% In Squalane (Discontinued),The Ordinary,Solanum Lycopersicum (Tomato) Fruit Extract,antioxidant,,
Retinol 0.2% In Squalane (Discontinued),The Ordinary,Simmondsia Chinensis (Jojoba) Seed Oil,emollient,"0,  0-2",goodie
Retinol 0.2% In Squalane (Discontinued),The Ordinary,BHT,"antioxidant,  preservative",,
Ascorbic Acid 8% + Alpha Arbutin 2%,The Ordinary,Propanediol,"solvent,  moisturizer/​humectant",,
Ascorbic Acid 8% + Alpha Arbutin 2%,The Ordinary,Ascorbic Acid,"antioxidant,  skin brightening,  buffering",,superstar
Ascorbic Acid 8% + Alpha Arbutin 2%,The Ordinary,Alpha-Arbutin,"antioxidant,  skin brightening",,goodie
100% Organic Cold-Pressed Borage Seed Oil,The Ordinary,Borago Officinalis Seed Oil,"soothing,  emollient",,goodie
100% Organic Virgin Sea-Buckthorn Fruit Oil,The Ordinary,Hippophae Rhamnoides Fruit Oil,"antioxidant,  emollient",,goodie
100% Organic Virgin Chia Seed Oil,The Ordinary,Salvia Hispanica Seed Oil.,"antioxidant,  emollient,  moisturizer/​humectant",,goodie
100% Cold-Pressed Virgin Marula Oil,The Ordinary,Sclerocarya Birrea Seed Oil,emollient,,goodie
Mineral Uv Filters Spf 30 With Antioxidants,The Ordinary,Aqua (Water),solvent,,
Mineral Uv Filters Spf 30 With Antioxidants,The Ordinary,Cyclopentasiloxane,"emollient,  solvent",,
Mineral Uv Filters Spf 30 With Antioxidants,The Ordinary,Zinc Oxide,sunscreen,"0,  1",goodie
Mineral Uv Filters Spf 30 With Antioxidants,The Ordinary,Titanium Dioxide,"sunscreen,  colorant",,goodie
Mineral Uv Filters Spf 30 With Antioxidants,The Ordinary,Peg-10 Dimethicone,emulsifying,,
Mineral Uv Filters Spf 30 With Antioxidants,The Ordinary,Glycerin,"skin-identical ingredient,  moisturizer/​humectant","0,  0",superstar
Mineral Uv Filters Spf 30 With Antioxidants,The Ordinary,Helianthus Annuus Seed Oil,emollient,"0,  0",goodie
Mineral Uv Filters Spf 30 With Antioxidants,The Ordinary,Peg-9 Polydimethylsiloxyethyl Dimethicone,emulsifying,,
Mineral Uv Filters Spf 30 With Antioxidants,The Ordinary,Hexyl Laurate,emollient,,
Mineral Uv Filters Spf 30 With Antioxidants,The Ordinary,Polyglyceryl-4 Isostearate,emulsifying,,
Mineral Uv Filters Spf 30 With Antioxidants,The Ordinary,Caprylic/Capric Triglyceride,emollient,,
Mineral Uv Filters Spf 30 With Antioxidants,The Ordinary,Dimethicone/Peg-10/15 Crosspolymer,emulsifying,,
Mineral Uv Filters Spf 30 With Antioxidants,The Ordinary,Astaxanthin,antioxidant,,goodie
Mineral Uv Filters Spf 30 With Antioxidants,The Ordinary,Disodium Uridine Phosphate,,,goodie
Mineral Uv Filters Spf 30 With Antioxidants,The Ordinary,Ethyl Ferulate,antioxidant,,
Mineral Uv Filters Spf 30 With Antioxidants,The Ordinary,Rosmarinus Officinalis Leaf Extract,"antioxidant,  soothing,  antimicrobial/​antibacterial",,goodie
Mineral Uv Filters Spf 30 With Antioxidants,The Ordinary,Tasmannia Lanceolata Fruit/Leaf Extract,"antioxidant,  soothing",,goodie
Mineral Uv Filters Spf 30 With Antioxidants,The Ordinary,Haematococcus Pluvialis Extract,antioxidant,,goodie
Mineral Uv Filters Spf 30 With Antioxidants,The Ordinary,Picea Mariana Bark Extract,antioxidant,,
Mineral Uv Filters Spf 30 With Antioxidants,The Ordinary,Arginine,skin-identical ingredient,,goodie
Mineral Uv Filters Spf 30 With Antioxidants,The Ordinary,Aspartic Acid,skin-identical ingredient,,goodie
Mineral Uv Filters Spf 30 With Antioxidants,The Ordinary,Glycine,skin-identical ingredient,,goodie
Mineral Uv Filters Spf 30 With Antioxidants,The Ordinary,Alanine,skin-identical ingredient,,goodie
Mineral Uv Filters Spf 30 With Antioxidants,The Ordinary,Serine,skin-identical ingredient,,goodie
Mineral Uv Filters Spf 30 With Antioxidants,The Ordinary,Valine,skin-identical ingredient,,goodie
Mineral Uv Filters Spf 30 With Antioxidants,The Ordinary,Isoleucine,skin-identical ingredient,,goodie
Mineral Uv Filters Spf 30 With Antioxidants,The Ordinary,Proline,skin-identical ingredient,,goodie
Mineral Uv Filters Spf 30 With Antioxidants,The Ordinary,Threonine,skin-identical ingredient,,goodie
Mineral Uv Filters Spf 30 With Antioxidants,The Ordinary,Histidine,"skin-identical ingredient,  moisturizer/​humectant",,goodie
Mineral Uv Filters Spf 30 With Antioxidants,The Ordinary,Phenylalanine,skin-identical ingredient,,goodie
Mineral Uv Filters Spf 30 With Antioxidants,The Ordinary,Sodium Pca,"skin-identical ingredient,  moisturizer/​humectant","0,  0",goodie
Mineral Uv Filters Spf 30 With Antioxidants,The Ordinary,Pca,"skin-identical ingredient,  moisturizer/​humectant",,goodie
Mineral Uv Filters Spf 30 With Antioxidants,The Ordinary,Sodium Lactate,"buffering,  moisturizer/​humectant",,goodie
Mineral Uv Filters Spf 30 With Antioxidants,The Ordinary,Glucose,moisturizer/​humectant,,goodie
Mineral Uv Filters Spf 30 With Antioxidants,The Ordinary,Maltose,moisturizer/​humectant,,
Mineral Uv Filters Spf 30 With Antioxidants,The Ordinary,Fructose,moisturizer/​humectant,,goodie
Mineral Uv Filters Spf 30 With Antioxidants,The Ordinary,Trehalose,moisturizer/​humectant,,goodie
Mineral Uv Filters Spf 30 With Antioxidants,The Ordinary,Urea,"skin-identical ingredient,  moisturizer/​humectant",,goodie
Mineral Uv Filters Spf 30 With Antioxidants,The Ordinary,Allantoin,soothing,"0,  0",goodie
Mineral Uv Filters Spf 30 With Antioxidants,The Ordinary,Sodium Hyaluronate,"skin-identical ingredient,  moisturizer/​humectant","0,  0",goodie
Mineral Uv Filters Spf 30 With Antioxidants,The Ordinary,Linoleic Acid,"skin-identical ingredient,  emollient,  surfactant/​cleansing",,goodie
Mineral Uv Filters Spf 30 With Antioxidants,The Ordinary,Oleic Acid,"emollient,  emulsifying",,
Mineral Uv Filters Spf 30 With Antioxidants,The Ordinary,Phytosteryl Canola Glycerides,,,
Mineral Uv Filters Spf 30 With Antioxidants,The Ordinary,Palmitic Acid,"skin-identical ingredient,  emollient,  emulsifying","0,  2",
Mineral Uv Filters Spf 30 With Antioxidants,The Ordinary,Stearic Acid,"emollient,  viscosity controlling","0,  2-3",
Mineral Uv Filters Spf 30 With Antioxidants,The Ordinary,Isochrysis Galbana Extract,,,
Mineral Uv Filters Spf 30 With Antioxidants,The Ordinary,Lysolecithin,emulsifying,,
Mineral Uv Filters Spf 30 With Antioxidants,The Ordinary,Lecithin,"emollient,  emulsifying",,goodie
Mineral Uv Filters Spf 30 With Antioxidants,The Ordinary,Triolein,viscosity controlling,,
Mineral Uv Filters Spf 30 With Antioxidants,The Ordinary,Pentylene Glycol,"solvent,  moisturizer/​humectant",,
Mineral Uv Filters Spf 30 With Antioxidants,The Ordinary,Dipropylene Glycol,solvent,,
Mineral Uv Filters Spf 30 With Antioxidants,The Ordinary,Polyglyceryl-10 Oleate,,,
Mineral Uv Filters Spf 30 With Antioxidants,The Ordinary,Polyglyceryl-5 Trioleate,"emollient,  emulsifying",,
Mineral Uv Filters Spf 30 With Antioxidants,The Ordinary,Polyglyceryl-10 Stearate,emulsifying,,
Mineral Uv Filters Spf 30 With Antioxidants,The Ordinary,Tocopherol,antioxidant,"0-3,  0-3",goodie
Mineral Uv Filters Spf 30 With Antioxidants,The Ordinary,Alumina,"viscosity controlling,  abrasive/​scrub",,
Mineral Uv Filters Spf 30 With Antioxidants,The Ordinary,Citric Acid,buffering,,
Mineral Uv Filters Spf 30 With Antioxidants,The Ordinary,Trisodium Ethylenediamine Disuccinate,chelating,,
Mineral Uv Filters Spf 30 With Antioxidants,The Ordinary,Sodium Chloride,viscosity controlling,,
Mineral Uv Filters Spf 30 With Antioxidants,The Ordinary,Sodium Hydroxide,buffering,,
Mineral Uv Filters Spf 30 With Antioxidants,The Ordinary,Phenoxyethanol,preservative,,
Mineral Uv Filters Spf 30 With Antioxidants,The Ordinary,Chlorphenesin,"preservative,  antimicrobial/​antibacterial",,
Amino Acids + B5,The Ordinary,Aqua (Water),solvent,,
Amino Acids + B5,The Ordinary,Propanediol,"solvent,  moisturizer/​humectant",,
Amino Acids + B5,The Ordinary,Betaine,moisturizer/​humectant,,goodie
Amino Acids + B5,The Ordinary,Sodium Pca,"skin-identical ingredient,  moisturizer/​humectant","0,  0",goodie
Amino Acids + B5,The Ordinary,Panthenol,"soothing,  moisturizer/​humectant","0,  0",goodie
Amino Acids + B5,The Ordinary,Sodium Lactate,"buffering,  moisturizer/​humectant",,goodie
Amino Acids + B5,The Ordinary,Arginine,skin-identical ingredient,,goodie
Amino Acids + B5,The Ordinary,Pca,"skin-identical ingredient,  moisturizer/​humectant",,goodie
Amino Acids + B5,The Ordinary,Aspartic Acid,skin-identical ingredient,,goodie
Amino Acids + B5,The Ordinary,Glycine,skin-identical ingredient,,goodie
Amino Acids + B5,The Ordinary,Alanine,skin-identical ingredient,,goodie
Amino Acids + B5,The Ordinary,Serine,skin-identical ingredient,,goodie
Amino Acids + B5,The Ordinary,Threonine,skin-identical ingredient,,goodie
Amino Acids + B5,The Ordinary,Valine,skin-identical ingredient,,goodie
Amino Acids + B5,The Ordinary,Proline,skin-identical ingredient,,goodie
Amino Acids + B5,The Ordinary,Isoleucine,skin-identical ingredient,,goodie
Amino Acids + B5,The Ordinary,Lysine Hcl,,,
Amino Acids + B5,The Ordinary,Histidine,"skin-identical ingredient,  moisturizer/​humectant",,goodie
Amino Acids + B5,The Ordinary,Phenylalanine,skin-identical ingredient,,goodie
Amino Acids + B5,The Ordinary,Glutamic Acid,moisturizer/​humectant,,
Amino Acids + B5,The Ordinary,Citric Acid,buffering,,
Amino Acids + B5,The Ordinary,Dimethyl Isosorbide,"solvent,  viscosity controlling",,
Amino Acids + B5,The Ordinary,Polysorbate 20,"emulsifying,  surfactant/​cleansing","0,  0",
Amino Acids + B5,The Ordinary,Trisodium Ethylenediamine Disuccinate,chelating,,
Amino Acids + B5,The Ordinary,"1,2-Hexanediol",solvent,,
Amino Acids + B5,The Ordinary,Caprylyl Glycol,"moisturizer/​humectant,  emollient",,
Aha 30% + Bha 2% Peeling Solution (Discontinued),The Ordinary,Glycolic Acid,"exfoliant,  buffering",,superstar
Aha 30% + Bha 2% Peeling Solution (Discontinued),The Ordinary,Aqua (Water),solvent,,
Aha 30% + Bha 2% Peeling Solution (Discontinued),The Ordinary,Aloe Barbadensis Leaf Water,,,
Aha 30% + Bha 2% Peeling Solution (Discontinued),The Ordinary,Sodium Hydroxide,buffering,,
Aha 30% + Bha 2% Peeling Solution (Discontinued),The Ordinary,Daucus Carota Sativa Extract,perfuming,,
Aha 30% + Bha 2% Peeling Solution (Discontinued),The Ordinary,Propanediol,"solvent,  moisturizer/​humectant",,
Aha 30% + Bha 2% Peeling Solution (Discontinued),The Ordinary,Cocamidopropyl Dimethylamine,"emulsifying,  surfactant/​cleansing",,
Aha 30% + Bha 2% Peeling Solution (Discontinued),The Ordinary,Salicylic Acid,"exfoliant,  anti-acne,  soothing,  preservative",,superstar
Aha 30% + Bha 2% Peeling Solution (Discontinued),The Ordinary,Lactic Acid,"exfoliant,  moisturizer/​humectant,  buffering",,superstar
Aha 30% + Bha 2% Peeling Solution (Discontinued),The Ordinary,Tartaric Acid,"buffering,  exfoliant",,
Aha 30% + Bha 2% Peeling Solution (Discontinued),The Ordinary,Citric Acid,buffering,,
Aha 30% + Bha 2% Peeling Solution (Discontinued),The Ordinary,Panthenol,"soothing,  moisturizer/​humectant","0,  0",goodie
Aha 30% + Bha 2% Peeling Solution (Discontinued),The Ordinary,Sodium Hyaluronate Crosspolymer,"skin-identical ingredient,  antioxidant,  moisturizer/​humectant",,goodie
Aha 30% + Bha 2% Peeling Solution (Discontinued),The Ordinary,Tasmannia Lanceolata Fruit/Leaf Extract,"antioxidant,  soothing",,goodie
Aha 30% + Bha 2% Peeling Solution (Discontinued),The Ordinary,Glycerin,"skin-identical ingredient,  moisturizer/​humectant","0,  0",superstar
Aha 30% + Bha 2% Peeling Solution (Discontinued),The Ordinary,Pentylene Glycol,"solvent,  moisturizer/​humectant",,
Aha 30% + Bha 2% Peeling Solution (Discontinued),The Ordinary,Xanthan Gum,viscosity controlling,,
Aha 30% + Bha 2% Peeling Solution (Discontinued),The Ordinary,Polysorbate 20,"emulsifying,  surfactant/​cleansing","0,  0",
Aha 30% + Bha 2% Peeling Solution (Discontinued),The Ordinary,Trisodium Ethylenediamine Disuccinate,chelating,,
Aha 30% + Bha 2% Peeling Solution (Discontinued),The Ordinary,Potassium Sorbate,preservative,,
Aha 30% + Bha 2% Peeling Solution (Discontinued),The Ordinary,Sodium Benzoate,preservative,,
Aha 30% + Bha 2% Peeling Solution (Discontinued),The Ordinary,Ethylhexylglycerin,preservative,,
Aha 30% + Bha 2% Peeling Solution (Discontinued),The Ordinary,"1,2-Hexanediol",solvent,,
Aha 30% + Bha 2% Peeling Solution (Discontinued),The Ordinary,Caprylyl Glycol,"moisturizer/​humectant,  emollient",,
The Ritual Of Karma After Sun Hydrating Lotion,RITUALS,Aqua/Water,solvent,,
The Ritual Of Karma After Sun Hydrating Lotion,RITUALS,Aloe Barbadensis (Aloe Vera) Leaf Juice,"soothing,  moisturizer/​humectant",,goodie
The Ritual Of Karma After Sun Hydrating Lotion,RITUALS,Isostearyl Isostearate,emollient,"1,  4",
The Ritual Of Karma After Sun Hydrating Lotion,RITUALS,Alcohol Denat,"antimicrobial/​antibacterial,  solvent,  viscosity controlling",,icky
The Ritual Of Karma After Sun Hydrating Lotion,RITUALS,Ethylhexyl Stearate,emollient,,
The Ritual Of Karma After Sun Hydrating Lotion,RITUALS,Glycerin,"skin-identical ingredient,  moisturizer/​humectant","0,  0",superstar
The Ritual Of Karma After Sun Hydrating Lotion,RITUALS,Cyclopentasiloxane,"emollient,  solvent",,
The Ritual Of Karma After Sun Hydrating Lotion,RITUALS,Cetearyl Alcohol,"emollient,  viscosity controlling,  emulsifying,  surfactant/​cleansing","1,  2",
The Ritual Of Karma After Sun Hydrating Lotion,RITUALS,Panthenol,"soothing,  moisturizer/​humectant","0,  0",goodie
The Ritual Of Karma After Sun Hydrating Lotion,RITUALS,Butyrospermum Parkii (Shea) Butter,emollient,,goodie
The Ritual Of Karma After Sun Hydrating Lotion,RITUALS,Dimethicone,emollient,"0,  1",
The Ritual Of Karma After Sun Hydrating Lotion,RITUALS,Parfum/Fragrance,perfuming,,icky
The Ritual Of Karma After Sun Hydrating Lotion,RITUALS,Phenoxyethanol,preservative,,
The Ritual Of Karma After Sun Hydrating Lotion,RITUALS,Peg-100 Stearate,"surfactant/​cleansing,  emulsifying","0,  0",
The Ritual Of Karma After Sun Hydrating Lotion,RITUALS,Glyceryl Stearate,"emollient,  emulsifying","0,  1-2",
The Ritual Of Karma After Sun Hydrating Lotion,RITUALS,Tocopheryl Acetate,antioxidant,"0,  0",
The Ritual Of Karma After Sun Hydrating Lotion,RITUALS,Acrylates/C10-30 Alkyl Acrylate Crosspolymer,viscosity controlling,,
The Ritual Of Karma After Sun Hydrating Lotion,RITUALS,Xanthan Gum,viscosity controlling,,
The Ritual Of Karma After Sun Hydrating Lotion,RITUALS,Sodium Polyacrylate,viscosity controlling,,
The Ritual Of Karma After Sun Hydrating Lotion,RITUALS,Menthol,soothing,,icky
The Ritual Of Karma After Sun Hydrating Lotion,RITUALS,Menthyl Lactate,,,
The Ritual Of Karma After Sun Hydrating Lotion,RITUALS,Butylene Glycol,"moisturizer/​humectant,  solvent","0,  1",
The Ritual Of Karma After Sun Hydrating Lotion,RITUALS,Tocopherol,antioxidant,"0-3,  0-3",goodie
The Ritual Of Karma After Sun Hydrating Lotion,RITUALS,Helianthus Annuus (Sunflower) Seed Oil,emollient,"0,  0",goodie
The Ritual Of Karma After Sun Hydrating Lotion,RITUALS,Mannose,moisturizer/​humectant,,goodie
The Ritual Of Karma After Sun Hydrating Lotion,RITUALS,Glucose,moisturizer/​humectant,,goodie
The Ritual Of Karma After Sun Hydrating Lotion,RITUALS,Cyclotetrasiloxane,"emollient,  solvent",,
The Ritual Of Karma After Sun Hydrating Lotion,RITUALS,Ginkgo Biloba Leaf Extract,,,
The Ritual Of Karma After Sun Hydrating Lotion,RITUALS,Beta-Glucan,"soothing,  moisturizer/​humectant",,goodie
The Ritual Of Karma After Sun Hydrating Lotion,RITUALS,Sodium Hyaluronate,"skin-identical ingredient,  moisturizer/​humectant","0,  0",goodie
The Ritual Of Karma After Sun Hydrating Lotion,RITUALS,Camellia Sinensis (White Tea) Leaf Extract,"antioxidant,  soothing",,goodie
The Ritual Of Karma After Sun Hydrating Lotion,RITUALS,Ethylhexylglycerin,preservative,,
The Ritual Of Karma After Sun Hydrating Lotion,RITUALS,Sorbic Acid,preservative,,
The Ritual Of Karma After Sun Hydrating Lotion,RITUALS,Tetrasodium Iminodisuccinate,chelating,,
The Ritual Of Karma After Sun Hydrating Lotion,RITUALS,Benzyl Salicylate,perfuming,,icky
The Ritual Of Karma After Sun Hydrating Lotion,RITUALS,Butylphenyl Methylpropional,perfuming,,icky
The Ritual Of Karma After Sun Hydrating Lotion,RITUALS,Limonene,"perfuming,  solvent",,icky
The Ritual Of Karma After Sun Hydrating Lotion,RITUALS,Linalool,perfuming,,icky
The Ritual Of Karma After Sun Hydrating Lotion,RITUALS,Hexyl Cinnamal,perfuming,,icky
The Ritual Of Karma After Sun Hydrating Lotion,RITUALS,Citronellol,perfuming,,icky
The Ritual Of Karma After Sun Hydrating Lotion,RITUALS,Alpha-Isomethyl Ionone,perfuming,,icky
The Ritual Of Karma After Sun Hydrating Lotion,RITUALS,Citral,perfuming,,icky
The Ritual Of Karma After Sun Hydrating Lotion,RITUALS,Potassium Sorbate,preservative,,
The Ritual Of Karma After Sun Hydrating Lotion,RITUALS,Sodium Hydroxide,buffering,,
The Ritual Of Karma After Sun Hydrating Lotion,RITUALS,Citric Acid,buffering,,
Caffeine Solution 5% + Egcg,The Ordinary,Aqua (Water),solvent,,
Caffeine Solution 5% + Egcg,The Ordinary,Caffeine,"antioxidant,  perfuming",,goodie
Caffeine Solution 5% + Egcg,The Ordinary,Maltodextrin,,,
Caffeine Solution 5% + Egcg,The Ordinary,Glycerin,"skin-identical ingredient,  moisturizer/​humectant","0,  0",superstar
Caffeine Solution 5% + Egcg,The Ordinary,Propanediol,"solvent,  moisturizer/​humectant",,
Caffeine Solution 5% + Egcg,The Ordinary,Epigallocatechin Gallatyl Glucoside,"antioxidant,  soothing",,goodie
Caffeine Solution 5% + Egcg,The Ordinary,Gallyl Glucoside,"antioxidant,  soothing",,goodie
Caffeine Solution 5% + Egcg,The Ordinary,Hyaluronic Acid,"skin-identical ingredient,  moisturizer/​humectant",,goodie
Caffeine Solution 5% + Egcg,The Ordinary,Oxidized Glutathione,emollient,,
Caffeine Solution 5% + Egcg,The Ordinary,Melanin,,,
Caffeine Solution 5% + Egcg,The Ordinary,Glycine Soja (Soybean) Seed Extract,"antioxidant,  skin brightening,  soothing,  emollient",,goodie
Caffeine Solution 5% + Egcg,The Ordinary,Pentylene Glycol,"solvent,  moisturizer/​humectant",,
Caffeine Solution 5% + Egcg,The Ordinary,Hydroxyethylcellulose,viscosity controlling,,
Caffeine Solution 5% + Egcg,The Ordinary,Polyacrylate Crosspolymer-6,viscosity controlling,,
Caffeine Solution 5% + Egcg,The Ordinary,Xanthan Gum,viscosity controlling,,
Caffeine Solution 5% + Egcg,The Ordinary,Lactic Acid,"exfoliant,  moisturizer/​humectant,  buffering",,superstar
Caffeine Solution 5% + Egcg,The Ordinary,Dehydroacetic Acid,preservative,,
Caffeine Solution 5% + Egcg,The Ordinary,Trisodium Ethylenediamine Disuccinate,chelating,,
Caffeine Solution 5% + Egcg,The Ordinary,Propyl Gallate,"antioxidant,  perfuming",,
Caffeine Solution 5% + Egcg,The Ordinary,Dimethyl Isosorbide,"solvent,  viscosity controlling",,
Caffeine Solution 5% + Egcg,The Ordinary,Benzyl Alcohol,"preservative,  perfuming,  solvent,  viscosity controlling",,
Caffeine Solution 5% + Egcg,The Ordinary,"1,2-Hexanediol",solvent,,
Caffeine Solution 5% + Egcg,The Ordinary,Ethylhexylglycerin,preservative,,
Caffeine Solution 5% + Egcg,The Ordinary,Phenoxyethanol,preservative,,
Caffeine Solution 5% + Egcg,The Ordinary,Caprylyl Glycol,"moisturizer/​humectant,  emollient",,
Pycnogenol 5%,The Ordinary,Propanediol,"solvent,  moisturizer/​humectant",,
Pycnogenol 5%,The Ordinary,Pinus Pinaster Bark Extract,antioxidant,,goodie
Squalane Cleanser,The Ordinary,Squalane,"skin-identical ingredient,  emollient","0,  1",goodie
Squalane Cleanser,The Ordinary,Aqua (Water),solvent,,
Squalane Cleanser,The Ordinary,Coco-Caprylate/Caprate,emollient,,
Squalane Cleanser,The Ordinary,Glycerin,"skin-identical ingredient,  moisturizer/​humectant","0,  0",superstar
Squalane Cleanser,The Ordinary,Sucrose Stearate,"emollient,  emulsifying,  surfactant/​cleansing","0,  0",
Squalane Cleanser,The Ordinary,Ethyl Macadamiate,,,
Squalane Cleanser,The Ordinary,Caprylic/Capric Triglyceride,emollient,,
Squalane Cleanser,The Ordinary,Sucrose Laurate,"emollient,  emulsifying,  surfactant/​cleansing",,
Squalane Cleanser,The Ordinary,Hydrogenated Starch Hydrolysate,moisturizer/​humectant,,
Squalane Cleanser,The Ordinary,Sucrose Dilaurate,"emollient,  emulsifying,  surfactant/​cleansing",,
Squalane Cleanser,The Ordinary,Sucrose Trilaurate,"emulsifying,  surfactant/​cleansing",,
Squalane Cleanser,The Ordinary,Polyacrylate Crosspolymer-6,viscosity controlling,,
Squalane Cleanser,The Ordinary,Isoceteth-20,"emulsifying,  surfactant/​cleansing",,
Squalane Cleanser,The Ordinary,Sodium Polyacrylate,viscosity controlling,,
Squalane Cleanser,The Ordinary,Tocopherol,antioxidant,"0-3,  0-3",goodie
Squalane Cleanser,The Ordinary,Hydroxymethoxyphenyl Decanone,"antioxidant,  soothing",,goodie
Squalane Cleanser,The Ordinary,Trisodium Ethylenediamine Disuccinate,chelating,,
Squalane Cleanser,The Ordinary,Malic Acid,"exfoliant,  buffering",,goodie
Squalane Cleanser,The Ordinary,Ethylhexylglycerin,preservative,,
Squalane Cleanser,The Ordinary,Chlorphenesin,"preservative,  antimicrobial/​antibacterial",,
Salicylic Acid 2% Masque,The Ordinary,Aqua (Water),solvent,,
Salicylic Acid 2% Masque,The Ordinary,Kaolin,"colorant,  abrasive/​scrub","0,  0",goodie
Salicylic Acid 2% Masque,The Ordinary,Squalane,"skin-identical ingredient,  emollient","0,  1",goodie
Salicylic Acid 2% Masque,The Ordinary,Glycerin,"skin-identical ingredient,  moisturizer/​humectant","0,  0",superstar
Salicylic Acid 2% Masque,The Ordinary,Dimethyl Isosorbide,"solvent,  viscosity controlling",,
Salicylic Acid 2% Masque,The Ordinary,Silica Cetyl Silylate,viscosity controlling,,
Salicylic Acid 2% Masque,The Ordinary,Salicylic Acid,"exfoliant,  anti-acne,  soothing,  preservative",,superstar
Salicylic Acid 2% Masque,The Ordinary,Sodium Polyacrylate,viscosity controlling,,
Salicylic Acid 2% Masque,The Ordinary,Pentylene Glycol,"solvent,  moisturizer/​humectant",,
Salicylic Acid 2% Masque,The Ordinary,Charcoal Powder,abrasive/​scrub,,
Salicylic Acid 2% Masque,The Ordinary,4-T-Butylcyclohexanol,"soothing,  cell-communicating ingredient",,goodie
Salicylic Acid 2% Masque,The Ordinary,Sclerotium Gum,viscosity controlling,,
Salicylic Acid 2% Masque,The Ordinary,Acacia Senegal Gum,,,
Salicylic Acid 2% Masque,The Ordinary,Xanthan Gum,viscosity controlling,,
Salicylic Acid 2% Masque,The Ordinary,Phytic Acid,chelating,,
Salicylic Acid 2% Masque,The Ordinary,Polysorbate 20,"emulsifying,  surfactant/​cleansing","0,  0",
Salicylic Acid 2% Masque,The Ordinary,Trisodium Ethylenediamine Disuccinate,chelating,,
Salicylic Acid 2% Masque,The Ordinary,Chlorphenesin,"preservative,  antimicrobial/​antibacterial",,
Salicylic Acid 2% Masque,The Ordinary,Phenoxyethanol,preservative,,
100% Plant-Derived Hemi-Squalane,The Ordinary,C13-16 Isoparaffin,solvent,,
Coverage Foundation,The Ordinary,Aqua (Water),solvent,,
Coverage Foundation,The Ordinary,Coconut Alkanes,"emollient,  solvent",,
Coverage Foundation,The Ordinary,Dimethicone,emollient,"0,  1",
Coverage Foundation,The Ordinary,Isodecyl Neopentanoate,emollient,,
Coverage Foundation,The Ordinary,Caprylyl Methicone,emollient,,
Coverage Foundation,The Ordinary,Methyl Methacrylate Crosspolymer,,,
Coverage Foundation,The Ordinary,Glycerin,"skin-identical ingredient,  moisturizer/​humectant","0,  0",superstar
Coverage Foundation,The Ordinary,Trimethylsiloxysilicate,emollient,,
Coverage Foundation,The Ordinary,PEG-9 Polydimethylsiloxyethyl Dimethicone,emulsifying,,
Coverage Foundation,The Ordinary,Caprylic/Capric Triglyceride,emollient,,
Coverage Foundation,The Ordinary,Dimethicone/PEG-10/15 Crosspolymer,emulsifying,,
Coverage Foundation,The Ordinary,Coco-Caprylate/Caprate,emollient,,
Coverage Foundation,The Ordinary,Cetyl Diglyceryl Tris(Trimethylsiloxy)Silylethyl Dimethicone,surfactant/​cleansing,,
Coverage Foundation,The Ordinary,Sucrose Laurate,"emollient,  emulsifying,  surfactant/​cleansing",,
Coverage Foundation,The Ordinary,Dipropylene Glycol,solvent,,
Coverage Foundation,The Ordinary,Polysilicone-11,,,
Coverage Foundation,The Ordinary,Tocopherol,antioxidant,"0-3,  0-3",goodie
Coverage Foundation,The Ordinary,Polyglyceryl-3 Diisostearate,emulsifying,"0,  4",
Coverage Foundation,The Ordinary,Polyglyceryl-3 Polyricinoleate,"emulsifying,  viscosity controlling",,
Coverage Foundation,The Ordinary,Disteardimonium Hectorite,viscosity controlling,,
Coverage Foundation,The Ordinary,Hectorite,viscosity controlling,,
Coverage Foundation,The Ordinary,Dimethicone/Bis-Isobutyl PPG-20 Crosspolymer,"emollient,  viscosity controlling",,
Coverage Foundation,The Ordinary,Dimethyl Isosorbide,"solvent,  viscosity controlling",,
Coverage Foundation,The Ordinary,Sodium Chloride,viscosity controlling,,
Coverage Foundation,The Ordinary,Trisodium Ethylenediamine Disuccinate,chelating,,
Coverage Foundation,The Ordinary,Phenoxyethanol,preservative,,
Coverage Foundation,The Ordinary,Chlorphenesin,"preservative,  antimicrobial/​antibacterial",,
Coverage Foundation,The Ordinary,Titanium Dioxide (Ci 77891),colorant,"0,  0",
Coverage Foundation,The Ordinary,"Iron Oxides (Ci 77491, Ci 77492, Ci 77499)",colorant,"0,  0",
Coverage Foundation,The Ordinary,Tin Oxide,"colorant,  abrasive/​scrub,  viscosity controlling",,
Coverage Foundation,The Ordinary,Aluminum Hydroxide,"emollient,  moisturizer/​humectant,  viscosity controlling",,
Coverage Foundation,The Ordinary,Bismuth Oxychloride (Ci 77163),colorant,,
Coverage Foundation,The Ordinary,Mica,colorant,,
Coverage Foundation,The Ordinary,Triethoxycaprylylsilane,,,
Aha 30% + Bha 2% Peeling Solution,The Ordinary,Glycolic Acid,"exfoliant,  buffering",,superstar
Aha 30% + Bha 2% Peeling Solution,The Ordinary,Aqua (Water),solvent,,
Aha 30% + Bha 2% Peeling Solution,The Ordinary,Aloe Barbadensis Leaf Water,,,
Aha 30% + Bha 2% Peeling Solution,The Ordinary,Sodium Hydroxide,buffering,,
Aha 30% + Bha 2% Peeling Solution,The Ordinary,Daucus Carota Sativa Extract,perfuming,,
Aha 30% + Bha 2% Peeling Solution,The Ordinary,Propanediol,"solvent,  moisturizer/​humectant",,
Aha 30% + Bha 2% Peeling Solution,The Ordinary,Cocamidopropyl Dimethylamine,"emulsifying,  surfactant/​cleansing",,
Aha 30% + Bha 2% Peeling Solution,The Ordinary,Salicylic Acid,"exfoliant,  anti-acne,  soothing,  preservative",,superstar
Aha 30% + Bha 2% Peeling Solution,The Ordinary,Potassium Citrate,"buffering,  chelating",,
Aha 30% + Bha 2% Peeling Solution,The Ordinary,Lactic Acid,"exfoliant,  moisturizer/​humectant,  buffering",,superstar
Aha 30% + Bha 2% Peeling Solution,The Ordinary,Tartaric Acid,"buffering,  exfoliant",,
Aha 30% + Bha 2% Peeling Solution,The Ordinary,Citric Acid,buffering,,
Aha 30% + Bha 2% Peeling Solution,The Ordinary,Panthenol,"soothing,  moisturizer/​humectant","0,  0",goodie
Aha 30% + Bha 2% Peeling Solution,The Ordinary,Sodium Hyaluronate Crosspolymer,"skin-identical ingredient,  antioxidant,  moisturizer/​humectant",,goodie
Aha 30% + Bha 2% Peeling Solution,The Ordinary,Tasmannia Lanceolata Fruit/Leaf Extract,"antioxidant,  soothing",,goodie
Aha 30% + Bha 2% Peeling Solution,The Ordinary,Glycerin,"skin-identical ingredient,  moisturizer/​humectant","0,  0",superstar
Aha 30% + Bha 2% Peeling Solution,The Ordinary,Pentylene Glycol,"solvent,  moisturizer/​humectant",,
Aha 30% + Bha 2% Peeling Solution,The Ordinary,Xanthan Gum,viscosity controlling,,
Aha 30% + Bha 2% Peeling Solution,The Ordinary,Polysorbate 20,"emulsifying,  surfactant/​cleansing","0,  0",
Aha 30% + Bha 2% Peeling Solution,The Ordinary,Trisodium Ethylenediamine Disuccinate,chelating,,
Aha 30% + Bha 2% Peeling Solution,The Ordinary,Potassium Sorbate,preservative,,
Aha 30% + Bha 2% Peeling Solution,The Ordinary,Sodium Benzoate,preservative,,
Aha 30% + Bha 2% Peeling Solution,The Ordinary,Ethylhexylglycerin,preservative,,
Aha 30% + Bha 2% Peeling Solution,The Ordinary,"1,2-Hexanediol",solvent,,
Aha 30% + Bha 2% Peeling Solution,The Ordinary,Caprylyl Glycol,"moisturizer/​humectant,  emollient",,
Facial Cleanser,Exposed skin care,Salicylic Acid (0.5%),"exfoliant,  anti-acne,  soothing,  preservative",,superstar
Facial Cleanser,Exposed skin care,Water,solvent,,
Facial Cleanser,Exposed skin care,Cocamidopropyl Betaine,"surfactant/​cleansing,  viscosity controlling",,
Facial Cleanser,Exposed skin care,Sodium Olefin Sulfonate,,,
Facial Cleanser,Exposed skin care,Acrylates Copolymer,viscosity controlling,,
Facial Cleanser,Exposed skin care,Triethanolamine,buffering,"0,  2",
Facial Cleanser,Exposed skin care,Propylene Glycol,"moisturizer/​humectant,  solvent","0,  0",
Facial Cleanser,Exposed skin care,Polyquaternium-7,,,
Facial Cleanser,Exposed skin care,Panthenol,"soothing,  moisturizer/​humectant","0,  0",goodie
Facial Cleanser,Exposed skin care,Phenoxyethanol,preservative,,
Facial Cleanser,Exposed skin care,Disodium EDTA,chelating,,
Facial Cleanser,Exposed skin care,Fragrance Oil,perfuming,,icky
Facial Cleanser,Exposed skin care,Salvia Officinalis (Sage) Leaf Extract,surfactant/​cleansing,,
Facial Cleanser,Exposed skin care,Citric Acid,buffering,,
Lactic Acid 10% + Ha (Discontinued),The Ordinary,Aqua (Water),solvent,,
Lactic Acid 10% + Ha (Discontinued),The Ordinary,Lactic Acid (10%),"exfoliant,  moisturizer/​humectant,  buffering",,superstar
Lactic Acid 10% + Ha (Discontinued),The Ordinary,Glycerin,"skin-identical ingredient,  moisturizer/​humectant","0,  0",superstar
Lactic Acid 10% + Ha (Discontinued),The Ordinary,Pentylene Glycol,"solvent,  moisturizer/​humectant",,
Lactic Acid 10% + Ha (Discontinued),The Ordinary,Arginine,skin-identical ingredient,,goodie
Lactic Acid 10% + Ha (Discontinued),The Ordinary,Potassium Citrate,"buffering,  chelating",,
Lactic Acid 10% + Ha (Discontinued),The Ordinary,Triethanolamine,buffering,"0,  2",
Lactic Acid 10% + Ha (Discontinued),The Ordinary,Sodium Hyaluronate Crosspolymer,"skin-identical ingredient,  antioxidant,  moisturizer/​humectant",,goodie
Lactic Acid 10% + Ha (Discontinued),The Ordinary,Tasmannia Lanceolata Fruit/Leaf Extract,"antioxidant,  soothing",,goodie
Lactic Acid 10% + Ha (Discontinued),The Ordinary,Acacia Senegal Gum,,,
Lactic Acid 10% + Ha (Discontinued),The Ordinary,Xanthan Gum,viscosity controlling,,
Lactic Acid 10% + Ha (Discontinued),The Ordinary,Trisodium Ethylenediamine Disuccinate,chelating,,
Lactic Acid 10% + Ha (Discontinued),The Ordinary,PPG-26-Buteth-26,,,
Lactic Acid 10% + Ha (Discontinued),The Ordinary,"Ethyl 2,2-Dimethylhydrocinnamal",perfuming,,icky
Lactic Acid 10% + Ha (Discontinued),The Ordinary,PEG-40 Hydrogenated Castor Oil,"emulsifying,  surfactant/​cleansing",,
Lactic Acid 10% + Ha (Discontinued),The Ordinary,Ethylhexylglycerin,preservative,,
Lactic Acid 10% + Ha (Discontinued),The Ordinary,"1,2-Hexanediol",solvent,,
Lactic Acid 10% + Ha (Discontinued),The Ordinary,Caprylyl Glycol,"moisturizer/​humectant,  emollient",,
Granactive Retinoid 5% In Squalane,The Ordinary,Squalane,"skin-identical ingredient,  emollient","0,  1",goodie
Granactive Retinoid 5% In Squalane,The Ordinary,C12-15 Alkyl Benzoate,"emollient,  antimicrobial/​antibacterial",,
Granactive Retinoid 5% In Squalane,The Ordinary,Bisabolol,soothing,,goodie
Granactive Retinoid 5% In Squalane,The Ordinary,Dimethyl Isosorbide,"solvent,  viscosity controlling",,
Granactive Retinoid 5% In Squalane,The Ordinary,Caprylic/Capric Triglyceride,emollient,,
Granactive Retinoid 5% In Squalane,The Ordinary,Simmondsia Chinensis (Jojoba) Seed Oil,emollient,"0,  0-2",goodie
Granactive Retinoid 5% In Squalane,The Ordinary,Hydroxypinacolone Retinoate,cell-communicating ingredient,,goodie
Granactive Retinoid 5% In Squalane,The Ordinary,Solanum Lycopersicum (Tomato) Fruit Extract,antioxidant,,
Granactive Retinoid 5% In Squalane,The Ordinary,Rosmarinus Officinalis (Rosemary) Leaf Extract,"antioxidant,  soothing,  antimicrobial/​antibacterial",,goodie
Granactive Retinoid 5% In Squalane,The Ordinary,Hydroxymethoxyphenyl Decanone,"antioxidant,  soothing",,goodie
Caffeine Solution 5% + EGCG,The Ordinary,Aqua (Water),solvent,,
Caffeine Solution 5% + EGCG,The Ordinary,Caffeine,"antioxidant,  perfuming",,goodie
Caffeine Solution 5% + EGCG,The Ordinary,Maltodextrin,,,
Caffeine Solution 5% + EGCG,The Ordinary,Glycerin,"skin-identical ingredient,  moisturizer/​humectant","0,  0",superstar
Caffeine Solution 5% + EGCG,The Ordinary,Propanediol,"solvent,  moisturizer/​humectant",,
Caffeine Solution 5% + EGCG,The Ordinary,Epigallocatechin Gallatyl Glucoside,"antioxidant,  soothing",,goodie
Caffeine Solution 5% + EGCG,The Ordinary,Gallyl Glucoside,"antioxidant,  soothing",,goodie
Caffeine Solution 5% + EGCG,The Ordinary,Hyaluronic Acid,"skin-identical ingredient,  moisturizer/​humectant",,goodie
Caffeine Solution 5% + EGCG,The Ordinary,Oxidized Glutathione,emollient,,
Caffeine Solution 5% + EGCG,The Ordinary,Melanin,,,
Caffeine Solution 5% + EGCG,The Ordinary,Glycine Soja (Soybean) Seed Extract,"antioxidant,  skin brightening,  soothing,  emollient",,goodie
Caffeine Solution 5% + EGCG,The Ordinary,Urea,"skin-identical ingredient,  moisturizer/​humectant",,goodie
Caffeine Solution 5% + EGCG,The Ordinary,Pentylene Glycol,"solvent,  moisturizer/​humectant",,
Caffeine Solution 5% + EGCG,The Ordinary,Hydroxyethylcellulose,viscosity controlling,,
Caffeine Solution 5% + EGCG,The Ordinary,Polyacrylate Crosspolymer-6,viscosity controlling,,
Caffeine Solution 5% + EGCG,The Ordinary,Xanthan Gum,viscosity controlling,,
Caffeine Solution 5% + EGCG,The Ordinary,Lactic Acid,"exfoliant,  moisturizer/​humectant,  buffering",,superstar
Caffeine Solution 5% + EGCG,The Ordinary,Dehydroacetic Acid,preservative,,
Caffeine Solution 5% + EGCG,The Ordinary,Trisodium Ethylenediamine Disuccinate,chelating,,
Caffeine Solution 5% + EGCG,The Ordinary,Propyl Gallate,"antioxidant,  perfuming",,
Caffeine Solution 5% + EGCG,The Ordinary,Dimethyl Isosorbide,"solvent,  viscosity controlling",,
Caffeine Solution 5% + EGCG,The Ordinary,Benzyl Alcohol,"preservative,  perfuming,  solvent,  viscosity controlling",,
Caffeine Solution 5% + EGCG,The Ordinary,"1,2-Hexanediol",solvent,,
Caffeine Solution 5% + EGCG,The Ordinary,Ethylhexylglycerin,preservative,,
Caffeine Solution 5% + EGCG,The Ordinary,Phenoxyethanol,preservative,,
Caffeine Solution 5% + EGCG,The Ordinary,Caprylyl Glycol,"moisturizer/​humectant,  emollient",,
Matrixyl 10% + HA,The Ordinary,Aqua (Water),solvent,,
Matrixyl 10% + HA,The Ordinary,Glycerin,"skin-identical ingredient,  moisturizer/​humectant","0,  0",superstar
Matrixyl 10% + HA,The Ordinary,Butylene Glycol,"moisturizer/​humectant,  solvent","0,  1",
Matrixyl 10% + HA,The Ordinary,Palmitoyl Tripeptide-1,cell-communicating ingredient,,goodie
Matrixyl 10% + HA,The Ordinary,Palmitoyl Tetrapeptide-7,cell-communicating ingredient,,goodie
Matrixyl 10% + HA,The Ordinary,Palmitoyl Tripeptide-38,cell-communicating ingredient,,goodie
Matrixyl 10% + HA,The Ordinary,Sodium Hyaluronate,"skin-identical ingredient,  moisturizer/​humectant","0,  0",goodie
Matrixyl 10% + HA,The Ordinary,Hydroxypropyl Cyclodextrin,,,
Matrixyl 10% + HA,The Ordinary,PPG-26-Buteth-26,,,
Matrixyl 10% + HA,The Ordinary,PEG-40 Hydrogenated Castor Oil,"emulsifying,  surfactant/​cleansing",,
Matrixyl 10% + HA,The Ordinary,Polyacrylamide,viscosity controlling,,
Matrixyl 10% + HA,The Ordinary,Polyacrylate Crosspolymer-6,viscosity controlling,,
Matrixyl 10% + HA,The Ordinary,Trisodium Ethylenediamine Disuccinate,chelating,,
Matrixyl 10% + HA,The Ordinary,Carbomer,viscosity controlling,"0,  1",
Matrixyl 10% + HA,The Ordinary,Polysorbate 20,"emulsifying,  surfactant/​cleansing","0,  0",
Matrixyl 10% + HA,The Ordinary,Ethoxydiglycol,"solvent,  moisturizer/​humectant,  perfuming","0,  0",
Matrixyl 10% + HA,The Ordinary,Phenoxyethanol,preservative,,
Matrixyl 10% + HA,The Ordinary,Chlorphenesin,"preservative,  antimicrobial/​antibacterial",,
Granactive Retinoid 2% Emulsion,The Ordinary,Aqua (Water),solvent,,
Granactive Retinoid 2% Emulsion,The Ordinary,Glycerin,"skin-identical ingredient,  moisturizer/​humectant","0,  0",superstar
Granactive Retinoid 2% Emulsion,The Ordinary,Ethyl Linoleate,"emollient,  perfuming",,
Granactive Retinoid 2% Emulsion,The Ordinary,Propanediol,"solvent,  moisturizer/​humectant",,
Granactive Retinoid 2% Emulsion,The Ordinary,Caprylic/Capric Triglyceride,emollient,,
Granactive Retinoid 2% Emulsion,The Ordinary,Cetearyl Isononanoate,emollient,,
Granactive Retinoid 2% Emulsion,The Ordinary,Bisabolol,soothing,,goodie
Granactive Retinoid 2% Emulsion,The Ordinary,Hydroxypinacolone Retinoate,cell-communicating ingredient,,goodie
Granactive Retinoid 2% Emulsion,The Ordinary,Retinol,cell-communicating ingredient,,superstar
Granactive Retinoid 2% Emulsion,The Ordinary,Tasmannia Lanceolata Fruit/Leaf Extract,"antioxidant,  soothing",,goodie
Granactive Retinoid 2% Emulsion,The Ordinary,Dimethyl Isosorbide,"solvent,  viscosity controlling",,
Granactive Retinoid 2% Emulsion,The Ordinary,Inulin Lauryl Carbamate,"surfactant/​cleansing,  emulsifying",,
Granactive Retinoid 2% Emulsion,The Ordinary,Glyceryl Stearate,"emollient,  emulsifying","0,  1-2",
Granactive Retinoid 2% Emulsion,The Ordinary,Ceteareth-12,"emulsifying,  surfactant/​cleansing",,
Granactive Retinoid 2% Emulsion,The Ordinary,Ceteareth-20,"emulsifying,  surfactant/​cleansing","3,  2",
Granactive Retinoid 2% Emulsion,The Ordinary,Cetearyl Alcohol,"emollient,  viscosity controlling,  emulsifying,  surfactant/​cleansing","1,  2",
Granactive Retinoid 2% Emulsion,The Ordinary,Carrageenan,viscosity controlling,,
Granactive Retinoid 2% Emulsion,The Ordinary,Xanthan Gum,viscosity controlling,,
Granactive Retinoid 2% Emulsion,The Ordinary,Acacia Senegal Gum,,,
Granactive Retinoid 2% Emulsion,The Ordinary,Cetyl Palmitate,emollient,"0,  0",
Granactive Retinoid 2% Emulsion,The Ordinary,Sucrose Laurate,"emollient,  emulsifying,  surfactant/​cleansing",,
Granactive Retinoid 2% Emulsion,The Ordinary,Polysorbate 20,"emulsifying,  surfactant/​cleansing","0,  0",
Granactive Retinoid 2% Emulsion,The Ordinary,Behentrimonium Chloride,preservative,,
Granactive Retinoid 2% Emulsion,The Ordinary,Potassium Citrate,"buffering,  chelating",,
Granactive Retinoid 2% Emulsion,The Ordinary,Trisodium Ethylenediamine Disuccinate,chelating,,
Granactive Retinoid 2% Emulsion,The Ordinary,Disodium EDTA,chelating,,
Granactive Retinoid 2% Emulsion,The Ordinary,Dehydroacetic Acid,preservative,,
Granactive Retinoid 2% Emulsion,The Ordinary,Benzoic Acid,preservative,,
Granactive Retinoid 2% Emulsion,The Ordinary,Ethylhexylglycerin,preservative,,
Granactive Retinoid 2% Emulsion,The Ordinary,Phenoxyethanol,preservative,,
Granactive Retinoid 2% Emulsion,The Ordinary,Chlorphenesin,"preservative,  antimicrobial/​antibacterial",,
Mineral UV Filters SPF 15 with Antioxidants,The Ordinary,Zinc Oxide (9.76%),sunscreen,"0,  1",goodie
Mineral UV Filters SPF 15 with Antioxidants,The Ordinary,Titanium Dioxide (3.74%),"sunscreen,  colorant",,goodie
Mineral UV Filters SPF 15 with Antioxidants,The Ordinary,Aqua (Water),solvent,,
Mineral UV Filters SPF 15 with Antioxidants,The Ordinary,Cyclopentasiloxane,"emollient,  solvent",,
Mineral UV Filters SPF 15 with Antioxidants,The Ordinary,Glycerin,"skin-identical ingredient,  moisturizer/​humectant","0,  0",superstar
Mineral UV Filters SPF 15 with Antioxidants,The Ordinary,PEG-10 Dimethicone,emulsifying,,
Mineral UV Filters SPF 15 with Antioxidants,The Ordinary,Helianthus Annuus Seed Oil,emollient,"0,  0",goodie
Mineral UV Filters SPF 15 with Antioxidants,The Ordinary,PEG-9 Polydimethylsiloxyethyl Dimethicone,emulsifying,,
Mineral UV Filters SPF 15 with Antioxidants,The Ordinary,Caprylic/Capric Triglyceride,emollient,,
Mineral UV Filters SPF 15 with Antioxidants,The Ordinary,Hexyl Laurate,emollient,,
Mineral UV Filters SPF 15 with Antioxidants,The Ordinary,Dimethicone/PEG-10/15 Crosspolymer,emulsifying,,
Mineral UV Filters SPF 15 with Antioxidants,The Ordinary,Polyglyceryl-4 Isostearate,emulsifying,,
Mineral UV Filters SPF 15 with Antioxidants,The Ordinary,Astaxanthin,antioxidant,,goodie
Mineral UV Filters SPF 15 with Antioxidants,The Ordinary,Disodium Uridine Phosphate,,,goodie
Mineral UV Filters SPF 15 with Antioxidants,The Ordinary,Ethyl Ferulate,antioxidant,,
Mineral UV Filters SPF 15 with Antioxidants,The Ordinary,Rosmarinus Officinalis Leaf Extract,"antioxidant,  soothing,  antimicrobial/​antibacterial",,goodie
Mineral UV Filters SPF 15 with Antioxidants,The Ordinary,Tasmannia Lanceolata Fruit/Leaf Extract,"antioxidant,  soothing",,goodie
Mineral UV Filters SPF 15 with Antioxidants,The Ordinary,Haematococcus Pluvialis Extract,antioxidant,,goodie
Mineral UV Filters SPF 15 with Antioxidants,The Ordinary,Picea Mariana Bark Extract,antioxidant,,
Mineral UV Filters SPF 15 with Antioxidants,The Ordinary,Arginine,skin-identical ingredient,,goodie
Mineral UV Filters SPF 15 with Antioxidants,The Ordinary,Aspartic Acid,skin-identical ingredient,,goodie
Mineral UV Filters SPF 15 with Antioxidants,The Ordinary,Glycine,skin-identical ingredient,,goodie
Mineral UV Filters SPF 15 with Antioxidants,The Ordinary,Alanine,skin-identical ingredient,,goodie
Mineral UV Filters SPF 15 with Antioxidants,The Ordinary,Serine,skin-identical ingredient,,goodie
Mineral UV Filters SPF 15 with Antioxidants,The Ordinary,Valine,skin-identical ingredient,,goodie
Mineral UV Filters SPF 15 with Antioxidants,The Ordinary,Isoleucine,skin-identical ingredient,,goodie
Mineral UV Filters SPF 15 with Antioxidants,The Ordinary,Proline,skin-identical ingredient,,goodie
Mineral UV Filters SPF 15 with Antioxidants,The Ordinary,Threonine,skin-identical ingredient,,goodie
Mineral UV Filters SPF 15 with Antioxidants,The Ordinary,Histidine,"skin-identical ingredient,  moisturizer/​humectant",,goodie
Mineral UV Filters SPF 15 with Antioxidants,The Ordinary,Phenylalanine,skin-identical ingredient,,goodie
Mineral UV Filters SPF 15 with Antioxidants,The Ordinary,Sodium PCA,"skin-identical ingredient,  moisturizer/​humectant","0,  0",goodie
Mineral UV Filters SPF 15 with Antioxidants,The Ordinary,Pca,"skin-identical ingredient,  moisturizer/​humectant",,goodie
Mineral UV Filters SPF 15 with Antioxidants,The Ordinary,Sodium Lactate,"buffering,  moisturizer/​humectant",,goodie
Mineral UV Filters SPF 15 with Antioxidants,The Ordinary,Glucose,moisturizer/​humectant,,goodie
Mineral UV Filters SPF 15 with Antioxidants,The Ordinary,Maltose,moisturizer/​humectant,,
Mineral UV Filters SPF 15 with Antioxidants,The Ordinary,Fructose,moisturizer/​humectant,,goodie
Mineral UV Filters SPF 15 with Antioxidants,The Ordinary,Trehalose,moisturizer/​humectant,,goodie
Mineral UV Filters SPF 15 with Antioxidants,The Ordinary,Urea,"skin-identical ingredient,  moisturizer/​humectant",,goodie
Mineral UV Filters SPF 15 with Antioxidants,The Ordinary,Allantoin,soothing,"0,  0",goodie
Mineral UV Filters SPF 15 with Antioxidants,The Ordinary,Sodium Hyaluronate,"skin-identical ingredient,  moisturizer/​humectant","0,  0",goodie
Mineral UV Filters SPF 15 with Antioxidants,The Ordinary,Linoleic Acid,"skin-identical ingredient,  emollient,  surfactant/​cleansing",,goodie
Mineral UV Filters SPF 15 with Antioxidants,The Ordinary,Oleic Acid,"emollient,  emulsifying",,
Mineral UV Filters SPF 15 with Antioxidants,The Ordinary,Phytosteryl Canola Glycerides,,,
Mineral UV Filters SPF 15 with Antioxidants,The Ordinary,Palmitic Acid,"skin-identical ingredient,  emollient,  emulsifying","0,  2",
Mineral UV Filters SPF 15 with Antioxidants,The Ordinary,Stearic Acid,"emollient,  viscosity controlling","0,  2-3",
Mineral UV Filters SPF 15 with Antioxidants,The Ordinary,Isochrysis Galbana Extract,,,
Mineral UV Filters SPF 15 with Antioxidants,The Ordinary,Lysolecithin,emulsifying,,
Mineral UV Filters SPF 15 with Antioxidants,The Ordinary,Lecithin,"emollient,  emulsifying",,goodie
Mineral UV Filters SPF 15 with Antioxidants,The Ordinary,Triolein,viscosity controlling,,
Mineral UV Filters SPF 15 with Antioxidants,The Ordinary,Pentylene Glycol,"solvent,  moisturizer/​humectant",,
Mineral UV Filters SPF 15 with Antioxidants,The Ordinary,Dipropylene Glycol,solvent,,
Mineral UV Filters SPF 15 with Antioxidants,The Ordinary,Polyglyceryl-10 Oleate,,,
Mineral UV Filters SPF 15 with Antioxidants,The Ordinary,Polyglyceryl-5 Trioleate,"emollient,  emulsifying",,
Mineral UV Filters SPF 15 with Antioxidants,The Ordinary,Polyglyceryl-10 Stearate,emulsifying,,
Mineral UV Filters SPF 15 with Antioxidants,The Ordinary,Tocopherol,antioxidant,"0-3,  0-3",goodie
Mineral UV Filters SPF 15 with Antioxidants,The Ordinary,Alumina,"viscosity controlling,  abrasive/​scrub",,
Mineral UV Filters SPF 15 with Antioxidants,The Ordinary,Citric Acid,buffering,,
Mineral UV Filters SPF 15 with Antioxidants,The Ordinary,Trisodium Ethylenediamine Disuccinate,chelating,,
Mineral UV Filters SPF 15 with Antioxidants,The Ordinary,Sodium Chloride,viscosity controlling,,
Mineral UV Filters SPF 15 with Antioxidants,The Ordinary,Sodium Hydroxide,buffering,,
Mineral UV Filters SPF 15 with Antioxidants,The Ordinary,Phenoxyethanol,preservative,,
Mineral UV Filters SPF 15 with Antioxidants,The Ordinary,Chlorphenesin,"preservative,  antimicrobial/​antibacterial",,
Caffeine Solution 5% + EGCG,The Ordinary,Aqua (Water),solvent,,
Caffeine Solution 5% + EGCG,The Ordinary,Caffeine,"antioxidant,  perfuming",,goodie
Caffeine Solution 5% + EGCG,The Ordinary,Propanediol,"solvent,  moisturizer/​humectant",,
Caffeine Solution 5% + EGCG,The Ordinary,Maltodextrin,,,
Caffeine Solution 5% + EGCG,The Ordinary,Glycerin,"skin-identical ingredient,  moisturizer/​humectant","0,  0",superstar
Caffeine Solution 5% + EGCG,The Ordinary,Epigallocatechin Gallatyl Glucoside,"antioxidant,  soothing",,goodie
Caffeine Solution 5% + EGCG,The Ordinary,Gallyl Glucoside,"antioxidant,  soothing",,goodie
Caffeine Solution 5% + EGCG,The Ordinary,Hyaluronic Acid,"skin-identical ingredient,  moisturizer/​humectant",,goodie
Caffeine Solution 5% + EGCG,The Ordinary,Oxidized Glutathione,emollient,,
Caffeine Solution 5% + EGCG,The Ordinary,Glycine Soja (Soybean) Seed Extract,"antioxidant,  skin brightening,  soothing,  emollient",,goodie
Caffeine Solution 5% + EGCG,The Ordinary,Polypodium Vulgare Rhizome Extract,"antioxidant,  moisturizer/​humectant",,goodie
Caffeine Solution 5% + EGCG,The Ordinary,Cetraria Islandica Thallus Extract,moisturizer/​humectant,,goodie
Caffeine Solution 5% + EGCG,The Ordinary,Sphagnum Magellanicum Extract,,,
Caffeine Solution 5% + EGCG,The Ordinary,Urea,"skin-identical ingredient,  moisturizer/​humectant",,goodie
Caffeine Solution 5% + EGCG,The Ordinary,Hydroxyethylcellulose,viscosity controlling,,
Caffeine Solution 5% + EGCG,The Ordinary,Polyacrylate Crosspolymer-6,viscosity controlling,,
Caffeine Solution 5% + EGCG,The Ordinary,Xanthan Gum,viscosity controlling,,
Caffeine Solution 5% + EGCG,The Ordinary,Lactic Acid,"exfoliant,  moisturizer/​humectant,  buffering",,superstar
Caffeine Solution 5% + EGCG,The Ordinary,Citric Acid,buffering,,
Caffeine Solution 5% + EGCG,The Ordinary,Dehydroacetic Acid,preservative,,
Caffeine Solution 5% + EGCG,The Ordinary,Trisodium Ethylenediamine Disuccinate,chelating,,
Caffeine Solution 5% + EGCG,The Ordinary,Propyl Gallate,"antioxidant,  perfuming",,
Caffeine Solution 5% + EGCG,The Ordinary,Dimethyl Isosorbide,"solvent,  viscosity controlling",,
Caffeine Solution 5% + EGCG,The Ordinary,Ethoxydiglycol,"solvent,  moisturizer/​humectant,  perfuming","0,  0",
Caffeine Solution 5% + EGCG,The Ordinary,Benzyl Alcohol,"preservative,  perfuming,  solvent,  viscosity controlling",,
Caffeine Solution 5% + EGCG,The Ordinary,"1,2-Hexanediol",solvent,,
Caffeine Solution 5% + EGCG,The Ordinary,Phenoxyethanol,preservative,,
Caffeine Solution 5% + EGCG,The Ordinary,Caprylyl Glycol,"moisturizer/​humectant,  emollient",,
Niacinamide Powder,The Ordinary,Niacinamide,"cell-communicating ingredient,  skin brightening,  anti-acne,  moisturizer/​humectant",,superstar
Concealer (3.2N),The Ordinary,Aqua (Water),solvent,,
Concealer (3.2N),The Ordinary,Caprylyl Methicone,emollient,,
Concealer (3.2N),The Ordinary,Dimethicone,emollient,"0,  1",
Concealer (3.2N),The Ordinary,Dimethicone/Vinyl Dimethicone Crosspolymer,viscosity controlling,,
Concealer (3.2N),The Ordinary,Isodecyl Neopentanoate,emollient,,
Concealer (3.2N),The Ordinary,Dimethicone/PEG-10/15 Crosspolymer,emulsifying,,
Concealer (3.2N),The Ordinary,Cetyl Diglyceryl Tris(Trimethylsiloxy)Silylethyl Dimethicone,surfactant/​cleansing,,
Concealer (3.2N),The Ordinary,Dimethicone/Bis-Isobutyl PPG-20 Crosspolymer,"emollient,  viscosity controlling",,
Concealer (3.2N),The Ordinary,PEG-9 Polydimethylsiloxyethyl Dimethicone,emulsifying,,
Concealer (3.2N),The Ordinary,Polysilicone-11,,,
Concealer (3.2N),The Ordinary,C12-14 Pareth-12,"emulsifying,  surfactant/​cleansing",,
Concealer (3.2N),The Ordinary,Dipropylene Glycol,solvent,,
Concealer (3.2N),The Ordinary,Xanthan Gum,viscosity controlling,,
Concealer (3.2N),The Ordinary,Tocopherol,antioxidant,"0-3,  0-3",goodie
Concealer (3.2N),The Ordinary,Sodium Chloride,viscosity controlling,,
Concealer (3.2N),The Ordinary,Trisodium Ethylenediamine Disuccinate,chelating,,
Concealer (3.2N),The Ordinary,Phenoxyethanol,preservative,,
Concealer (3.2N),The Ordinary,Chlorphenesin,"preservative,  antimicrobial/​antibacterial",,
Concealer (3.2N),The Ordinary,Titanium Dioxide (Ci 77891),colorant,"0,  0",
Concealer (3.2N),The Ordinary,"Iron Oxides (Ci 77491, Ci 77492, Ci 77499)",colorant,"0,  0",
Concealer (3.2N),The Ordinary,Tin Oxide,"colorant,  abrasive/​scrub,  viscosity controlling",,
Concealer (3.2N),The Ordinary,Bismuth Oxychloride (Ci 77163),colorant,,
Concealer (3.2N),The Ordinary,Mica,colorant,,
Concealer (3.2N),The Ordinary,Triethoxycaprylylsilane,,,
Niacinamide 10% + Zinc 1%,The Ordinary,Aqua (Water),solvent,,
Niacinamide 10% + Zinc 1%,The Ordinary,Niacinamide,"cell-communicating ingredient,  skin brightening,  anti-acne,  moisturizer/​humectant",,superstar
Niacinamide 10% + Zinc 1%,The Ordinary,Zinc Pca,"anti-acne,  moisturizer/​humectant",,goodie
Niacinamide 10% + Zinc 1%,The Ordinary,Tamarindus Indica Seed Gum,"moisturizer/​humectant,  viscosity controlling",,goodie
Niacinamide 10% + Zinc 1%,The Ordinary,Pentylene Glycol,"solvent,  moisturizer/​humectant",,
Niacinamide 10% + Zinc 1%,The Ordinary,Carrageenan,viscosity controlling,,
Niacinamide 10% + Zinc 1%,The Ordinary,Acacia Senegal Gum,,,
Niacinamide 10% + Zinc 1%,The Ordinary,Xanthan Gum,viscosity controlling,,
Niacinamide 10% + Zinc 1%,The Ordinary,PPG-26-Buteth-26,,,
Niacinamide 10% + Zinc 1%,The Ordinary,PEG-40 Hydrogenated Castor Oil,"emulsifying,  surfactant/​cleansing",,
Niacinamide 10% + Zinc 1%,The Ordinary,Ethoxydiglycol,"solvent,  moisturizer/​humectant,  perfuming","0,  0",
Niacinamide 10% + Zinc 1%,The Ordinary,Phenoxyethanol,preservative,,
Niacinamide 10% + Zinc 1%,The Ordinary,Chlorphenesin,"preservative,  antimicrobial/​antibacterial",,
Marine Hyaluronics,The Ordinary,Aqua,solvent,,
Marine Hyaluronics,The Ordinary,Glycerin,"skin-identical ingredient,  moisturizer/​humectant","0,  0",superstar
Marine Hyaluronics,The Ordinary,Algae Extract,"emollient,  moisturizer/​humectant",,goodie
Marine Hyaluronics,The Ordinary,Pseudoalteromonas Ferment Extract,"soothing,  moisturizer/​humectant",,goodie
Marine Hyaluronics,The Ordinary,Ahnfeltia Concinna Extract,viscosity controlling,,goodie
Marine Hyaluronics,The Ordinary,Arginine,skin-identical ingredient,,goodie
Marine Hyaluronics,The Ordinary,Glycine,skin-identical ingredient,,goodie
Marine Hyaluronics,The Ordinary,Alanine,skin-identical ingredient,,goodie
Marine Hyaluronics,The Ordinary,Serine,skin-identical ingredient,,goodie
Marine Hyaluronics,The Ordinary,Valine,skin-identical ingredient,,goodie
Marine Hyaluronics,The Ordinary,Isoleucine,skin-identical ingredient,,goodie
Marine Hyaluronics,The Ordinary,Proline,skin-identical ingredient,,goodie
Marine Hyaluronics,The Ordinary,Threonine,skin-identical ingredient,,goodie
Marine Hyaluronics,The Ordinary,Histidine,"skin-identical ingredient,  moisturizer/​humectant",,goodie
Marine Hyaluronics,The Ordinary,Phenylalanine,skin-identical ingredient,,goodie
Marine Hyaluronics,The Ordinary,Aspartic Acid,skin-identical ingredient,,goodie
Marine Hyaluronics,The Ordinary,Pca,"skin-identical ingredient,  moisturizer/​humectant",,goodie
Marine Hyaluronics,The Ordinary,Sodium PCA,"skin-identical ingredient,  moisturizer/​humectant","0,  0",goodie
Marine Hyaluronics,The Ordinary,Sodium Lactate,"buffering,  moisturizer/​humectant",,goodie
Marine Hyaluronics,The Ordinary,Salicylic Acid,"exfoliant,  anti-acne,  soothing,  preservative",,superstar
Marine Hyaluronics,The Ordinary,Citric Acid,buffering,,
Marine Hyaluronics,The Ordinary,Propanediol,"solvent,  moisturizer/​humectant",,
Marine Hyaluronics,The Ordinary,Dimethyl Isosorbide,"solvent,  viscosity controlling",,
Marine Hyaluronics,The Ordinary,Ethoxydiglycol,"solvent,  moisturizer/​humectant,  perfuming","0,  0",
Marine Hyaluronics,The Ordinary,Polysorbate 20,"emulsifying,  surfactant/​cleansing","0,  0",
Marine Hyaluronics,The Ordinary,Potassium Sorbate,preservative,,
Marine Hyaluronics,The Ordinary,Sodium Salicylate,preservative,,
Marine Hyaluronics,The Ordinary,Sodium Benzoate,preservative,,
Marine Hyaluronics,The Ordinary,Hexylene Glycol,"solvent,  emulsifying,  perfuming,  surfactant/​cleansing","0-1,  0-2",
Marine Hyaluronics,The Ordinary,"1,2-Hexanediol",solvent,,
Marine Hyaluronics,The Ordinary,Phenoxyethanol,preservative,,
Marine Hyaluronics,The Ordinary,Caprylyl Glycol,"moisturizer/​humectant,  emollient",,
Matrixyl 10% + Ha,The Ordinary,Matrixyl,cell-communicating ingredient,,goodie
Matrixyl 10% + Ha,The Ordinary,Glycerin,"skin-identical ingredient,  moisturizer/​humectant","0,  0",superstar
Matrixyl 10% + Ha,The Ordinary,Water,solvent,,
Matrixyl 10% + Ha,The Ordinary,Butylene Glycol,"moisturizer/​humectant,  solvent","0,  1",
Matrixyl 10% + Ha,The Ordinary,Carbomer,viscosity controlling,"0,  1",
Matrixyl 10% + Ha,The Ordinary,Polysorbate 20,"emulsifying,  surfactant/​cleansing","0,  0",
Matrixyl 10% + Ha,The Ordinary,Palmitoyl Tripeptide-1,cell-communicating ingredient,,goodie
Matrixyl 10% + Ha,The Ordinary,Palmitoyl Tetrapeptide-7,cell-communicating ingredient,,goodie
Matrixyl 10% + Ha,The Ordinary,Glycerin,"skin-identical ingredient,  moisturizer/​humectant","0,  0",superstar
Matrixyl 10% + Ha,The Ordinary,Aqua,solvent,,
Matrixyl 10% + Ha,The Ordinary,Hydroxypropyl Cyclodextrin,,,
Matrixyl 10% + Ha,The Ordinary,Palmitoyl Tripeptide-38,cell-communicating ingredient,,goodie
Matrixyl 10% + Ha,The Ordinary,Water,solvent,,
Matrixyl 10% + Ha,The Ordinary,Glycerin,"skin-identical ingredient,  moisturizer/​humectant","0,  0",superstar
Matrixyl 10% + Ha,The Ordinary,Butylene Glycol,"moisturizer/​humectant,  solvent","0,  1",
Matrixyl 10% + Ha,The Ordinary,Palmitoyl Tripeptide-1,cell-communicating ingredient,,goodie
Matrixyl 10% + Ha,The Ordinary,Palmitoyl Tetrapeptide-7,cell-communicating ingredient,,goodie
Matrixyl 10% + Ha,The Ordinary,Palmitoyl Tripeptide-38,cell-communicating ingredient,,goodie
Matrixyl 10% + Ha,The Ordinary,Sodium Hyaluronate,"skin-identical ingredient,  moisturizer/​humectant","0,  0",goodie
Matrixyl 10% + Ha,The Ordinary,Hydroxypropyl Cyclodextrin,,,
Matrixyl 10% + Ha,The Ordinary,PPG-26-Buteth-26,,,
Matrixyl 10% + Ha,The Ordinary,PEG-40 Hydrogenated Castor Oil,"emulsifying,  surfactant/​cleansing",,
Matrixyl 10% + Ha,The Ordinary,Polyacrylate Crosspolymer-6,viscosity controlling,,
Matrixyl 10% + Ha,The Ordinary,Trisodium Ethylenediamine Disuccinate,chelating,,
Matrixyl 10% + Ha,The Ordinary,Carbomer,viscosity controlling,"0,  1",
Matrixyl 10% + Ha,The Ordinary,Polysorbate 20,"emulsifying,  surfactant/​cleansing","0,  0",
Matrixyl 10% + Ha,The Ordinary,Ethoxydiglycol,"solvent,  moisturizer/​humectant,  perfuming","0,  0",
Matrixyl 10% + Ha,The Ordinary,Phenoxyethanol,preservative,,
Matrixyl 10% + Ha,The Ordinary,Chlorphenesin,"preservative,  antimicrobial/​antibacterial",,
Salicylic Acid 2% Anhydrous Solution,The Ordinary,Squalane,"skin-identical ingredient,  emollient","0,  1",goodie
Salicylic Acid 2% Anhydrous Solution,The Ordinary,Caprylic/Capric Triglyceride,emollient,,
Salicylic Acid 2% Anhydrous Solution,The Ordinary,Pentylene Glycol,"solvent,  moisturizer/​humectant",,
Salicylic Acid 2% Anhydrous Solution,The Ordinary,Salicylic Acid,"exfoliant,  anti-acne,  soothing,  preservative",,superstar
Salicylic Acid 2% Anhydrous Solution,The Ordinary,Oleic/Linoleic/Linolenic Polyglycerides,emollient,,goodie
Salicylic Acid 2% Anhydrous Solution,The Ordinary,4-T-Butylcyclohexanol,"soothing,  cell-communicating ingredient",,goodie
Salicylic Acid 2% Anhydrous Solution,The Ordinary,Hydroxymethoxyphenyl Decanone,"antioxidant,  soothing",,goodie
Salicylic Acid 2% Anhydrous Solution,The Ordinary,Phenoxyethanol,preservative,,
Salicylic Acid 2% Anhydrous Solution,The Ordinary,Chlorphenesin,"preservative,  antimicrobial/​antibacterial",,
Squalane Cleanser,The Ordinary,Squalane,"skin-identical ingredient,  emollient","0,  1",goodie
Squalane Cleanser,The Ordinary,Aqua (Water),solvent,,
Squalane Cleanser,The Ordinary,Coco-Caprylate/Caprate,emollient,,
Squalane Cleanser,The Ordinary,Glycerin,"skin-identical ingredient,  moisturizer/​humectant","0,  0",superstar
Squalane Cleanser,The Ordinary,Sucrose Stearate,"emollient,  emulsifying,  surfactant/​cleansing","0,  0",
Squalane Cleanser,The Ordinary,Ethyl Macadamiate,,,
Squalane Cleanser,The Ordinary,Caprylic/Capric Triglyceride,emollient,,
Squalane Cleanser,The Ordinary,Hydrogenated Starch Hydrolysate,moisturizer/​humectant,,
Squalane Cleanser,The Ordinary,Sucrose Laurate,"emollient,  emulsifying,  surfactant/​cleansing",,
Squalane Cleanser,The Ordinary,Polyacrylate Crosspolymer-6,viscosity controlling,,
Squalane Cleanser,The Ordinary,Isoceteth-20,"emulsifying,  surfactant/​cleansing",,
Squalane Cleanser,The Ordinary,Sodium Polyacrylate,viscosity controlling,,
Squalane Cleanser,The Ordinary,Tocopherol,antioxidant,"0-3,  0-3",goodie
Squalane Cleanser,The Ordinary,Hydroxymethoxyphenyl Decanone,"antioxidant,  soothing",,goodie
Squalane Cleanser,The Ordinary,Trisodium Ethylenediamine Disuccinate,chelating,,
Squalane Cleanser,The Ordinary,Malic Acid,"exfoliant,  buffering",,goodie
Squalane Cleanser,The Ordinary,Ethylhexylglycerin,preservative,,
Squalane Cleanser,The Ordinary,Chlorphenesin,"preservative,  antimicrobial/​antibacterial",,
2% Salicylic Acid Solution (2022),The Ordinary,Aqua (Water),solvent,,
2% Salicylic Acid Solution (2022),The Ordinary,Saccharide Isomerate,moisturizer/​humectant,,goodie
2% Salicylic Acid Solution (2022),The Ordinary,Cocamidopropyl Dimethylamine,"emulsifying,  surfactant/​cleansing",,
2% Salicylic Acid Solution (2022),The Ordinary,Salicylic Acid,"exfoliant,  anti-acne,  soothing,  preservative",,superstar
2% Salicylic Acid Solution (2022),The Ordinary,Hydroxyethylcellulose,viscosity controlling,,
2% Salicylic Acid Solution (2022),The Ordinary,Polysorbate 20,"emulsifying,  surfactant/​cleansing","0,  0",
2% Salicylic Acid Solution (2022),The Ordinary,Citric Acid,buffering,,
2% Salicylic Acid Solution (2022),The Ordinary,Sodium Citrate,"chelating,  buffering",,
2% Salicylic Acid Solution (2022),The Ordinary,Sodium Hydroxide,buffering,,
2% Salicylic Acid Solution (2022),The Ordinary,Phenoxyethanol,preservative,,
2% Salicylic Acid Solution (2022),The Ordinary,Chlorphenesin,"preservative,  antimicrobial/​antibacterial",,
Natural Moisturizing Factors + HA For Scalp,The Ordinary,Aqua (Water),solvent,,
Natural Moisturizing Factors + HA For Scalp,The Ordinary,Squalane,"skin-identical ingredient,  emollient","0,  1",goodie
Natural Moisturizing Factors + HA For Scalp,The Ordinary,C12-13 Alkyl Glyceryl Hydrolyzed Hyaluronate,,,
Natural Moisturizing Factors + HA For Scalp,The Ordinary,Arginine,skin-identical ingredient,,goodie
Natural Moisturizing Factors + HA For Scalp,The Ordinary,Aspartic Acid,skin-identical ingredient,,goodie
Natural Moisturizing Factors + HA For Scalp,The Ordinary,Glycine,skin-identical ingredient,,goodie
Natural Moisturizing Factors + HA For Scalp,The Ordinary,Alanine,skin-identical ingredient,,goodie
Natural Moisturizing Factors + HA For Scalp,The Ordinary,Serine,skin-identical ingredient,,goodie
Natural Moisturizing Factors + HA For Scalp,The Ordinary,Valine,skin-identical ingredient,,goodie
Natural Moisturizing Factors + HA For Scalp,The Ordinary,Isoleucine,skin-identical ingredient,,goodie
Natural Moisturizing Factors + HA For Scalp,The Ordinary,Proline,skin-identical ingredient,,goodie
Natural Moisturizing Factors + HA For Scalp,The Ordinary,Threonine,skin-identical ingredient,,goodie
Natural Moisturizing Factors + HA For Scalp,The Ordinary,Histidine,"skin-identical ingredient,  moisturizer/​humectant",,goodie
Natural Moisturizing Factors + HA For Scalp,The Ordinary,Phenylalanine,skin-identical ingredient,,goodie
Natural Moisturizing Factors + HA For Scalp,The Ordinary,Glutamic Acid,moisturizer/​humectant,,
Natural Moisturizing Factors + HA For Scalp,The Ordinary,Glucose,moisturizer/​humectant,,goodie
Natural Moisturizing Factors + HA For Scalp,The Ordinary,Fructose,moisturizer/​humectant,,goodie
Natural Moisturizing Factors + HA For Scalp,The Ordinary,Sucrose,"moisturizer/​humectant,  soothing",,goodie
Natural Moisturizing Factors + HA For Scalp,The Ordinary,Pca,"skin-identical ingredient,  moisturizer/​humectant",,goodie
Natural Moisturizing Factors + HA For Scalp,The Ordinary,Sodium PCA,"skin-identical ingredient,  moisturizer/​humectant","0,  0",goodie
Natural Moisturizing Factors + HA For Scalp,The Ordinary,Zinc Pca,"anti-acne,  moisturizer/​humectant",,goodie
Natural Moisturizing Factors + HA For Scalp,The Ordinary,Magnesium Pca,moisturizer/​humectant,,
Natural Moisturizing Factors + HA For Scalp,The Ordinary,Manganese Pca,"moisturizer/​humectant,  moisturizer/​humectant",,
Natural Moisturizing Factors + HA For Scalp,The Ordinary,Urea,"skin-identical ingredient,  moisturizer/​humectant",,goodie
Natural Moisturizing Factors + HA For Scalp,The Ordinary,Sodium Lactate,"buffering,  moisturizer/​humectant",,goodie
Natural Moisturizing Factors + HA For Scalp,The Ordinary,Lactic Acid,"exfoliant,  moisturizer/​humectant,  buffering",,superstar
Natural Moisturizing Factors + HA For Scalp,The Ordinary,Hexyl Nicotinate,emollient,,
Natural Moisturizing Factors + HA For Scalp,The Ordinary,Lauryl Glucoside,surfactant/​cleansing,,
Natural Moisturizing Factors + HA For Scalp,The Ordinary,Myristyl Glucoside,surfactant/​cleansing,,
Natural Moisturizing Factors + HA For Scalp,The Ordinary,Polyglyceryl-6 Laurate,emulsifying,,
Natural Moisturizing Factors + HA For Scalp,The Ordinary,Isoceteth-20,"emulsifying,  surfactant/​cleansing",,
Natural Moisturizing Factors + HA For Scalp,The Ordinary,Dextrin,"viscosity controlling,  moisturizer/​humectant",,
Natural Moisturizing Factors + HA For Scalp,The Ordinary,Hexylene Glycol,"solvent,  emulsifying,  perfuming,  surfactant/​cleansing","0-1,  0-2",
Natural Moisturizing Factors + HA For Scalp,The Ordinary,Potassium Sorbate,preservative,,
Natural Moisturizing Factors + HA For Scalp,The Ordinary,Phenoxyethanol,preservative,,
Natural Moisturizing Factors + HA For Scalp,The Ordinary,Chlorphenesin,"preservative,  antimicrobial/​antibacterial",,
Behentrimonium Chloride 2% Conditioner,The Ordinary,Aqua (Water),solvent,,
Behentrimonium Chloride 2% Conditioner,The Ordinary,Cetearyl Alcohol,"emollient,  viscosity controlling,  emulsifying,  surfactant/​cleansing","1,  2",
Behentrimonium Chloride 2% Conditioner,The Ordinary,Behentrimonium Chloride,preservative,,
Behentrimonium Chloride 2% Conditioner,The Ordinary,Cyamopsis Tetragonoloba (Guar) Gum,viscosity controlling,,
Behentrimonium Chloride 2% Conditioner,The Ordinary,Phytic Acid,chelating,,
Behentrimonium Chloride 2% Conditioner,The Ordinary,Phenoxyethanol,preservative,,
Behentrimonium Chloride 2% Conditioner,The Ordinary,Chlorphenesin,"preservative,  antimicrobial/​antibacterial",,
Glycolic Acid,The Ordinary,Aqua (Water),solvent,,
Glycolic Acid,The Ordinary,Glycolic Acid,"exfoliant,  buffering",,superstar
Glycolic Acid,The Ordinary,Rosa Damascena Flower Water,,,
Glycolic Acid,The Ordinary,Centaurea Cyanus Flower Water,soothing,,goodie
Glycolic Acid,The Ordinary,Aloe Barbadensis Leaf Water,,,
Glycolic Acid,The Ordinary,Propanediol,"solvent,  moisturizer/​humectant",,
Glycolic Acid,The Ordinary,Glycerin,"skin-identical ingredient,  moisturizer/​humectant","0,  0",superstar
Glycolic Acid,The Ordinary,Triethanolamine,buffering,"0,  2",
Glycolic Acid,The Ordinary,Aminomethyl Propanol,buffering,,
Glycolic Acid,The Ordinary,Panax Ginseng Root Extract,"antioxidant,  emollient",,goodie
Glycolic Acid,The Ordinary,Tasmannia Lanceolata Fruit/Leaf Extract,"antioxidant,  soothing",,goodie
Glycolic Acid,The Ordinary,Aspartic Acid,skin-identical ingredient,,goodie
Glycolic Acid,The Ordinary,Alanine,skin-identical ingredient,,goodie
Glycolic Acid,The Ordinary,Glycine,skin-identical ingredient,,goodie
Glycolic Acid,The Ordinary,Serine,skin-identical ingredient,,goodie
Glycolic Acid,The Ordinary,Valine,skin-identical ingredient,,goodie
Glycolic Acid,The Ordinary,Isoleucine,skin-identical ingredient,,goodie
Glycolic Acid,The Ordinary,Proline,skin-identical ingredient,,goodie
Glycolic Acid,The Ordinary,Threonine,skin-identical ingredient,,goodie
Glycolic Acid,The Ordinary,Histidine,"skin-identical ingredient,  moisturizer/​humectant",,goodie
Glycolic Acid,The Ordinary,Phenylalanine,skin-identical ingredient,,goodie
Glycolic Acid,The Ordinary,Glutamic Acid,moisturizer/​humectant,,
Glycolic Acid,The Ordinary,Arginine,skin-identical ingredient,,goodie
Glycolic Acid,The Ordinary,Pca,"skin-identical ingredient,  moisturizer/​humectant",,goodie
Glycolic Acid,The Ordinary,Sodium PCA,"skin-identical ingredient,  moisturizer/​humectant","0,  0",goodie
Glycolic Acid,The Ordinary,Sodium Lactate,"buffering,  moisturizer/​humectant",,goodie
Glycolic Acid,The Ordinary,Fructose,moisturizer/​humectant,,goodie
Glycolic Acid,The Ordinary,Glucose,moisturizer/​humectant,,goodie
Glycolic Acid,The Ordinary,Sucrose,"moisturizer/​humectant,  soothing",,goodie
Glycolic Acid,The Ordinary,Urea,"skin-identical ingredient,  moisturizer/​humectant",,goodie
Glycolic Acid,The Ordinary,Hexyl Nicotinate,emollient,,
Hair Care Sulphate 4% Cleanser,The Ordinary,Aqua (Water),solvent,,
Hair Care Sulphate 4% Cleanser,The Ordinary,Sodium Laureth Sulfate,"surfactant/​cleansing,  emulsifying",,
Hair Care Sulphate 4% Cleanser,The Ordinary,Polysorbate 20,"emulsifying,  surfactant/​cleansing","0,  0",
Hair Care Sulphate 4% Cleanser,The Ordinary,Xanthan Gum,viscosity controlling,,
Hair Care Sulphate 4% Cleanser,The Ordinary,Tocopherol,antioxidant,"0-3,  0-3",goodie
Hair Care Sulphate 4% Cleanser,The Ordinary,Phytic Acid,chelating,,
Hair Care Sulphate 4% Cleanser,The Ordinary,Trisodium Ethylenediamine Disuccinate,chelating,,
Hair Care Sulphate 4% Cleanser,The Ordinary,Benzyl Alcohol,"preservative,  perfuming,  solvent,  viscosity controlling",,
Hair Care Sulphate 4% Cleanser,The Ordinary,Ethylhexylglycerin,preservative,,
Hair Care Sulphate 4% Cleanser,The Ordinary,Phenoxyethanol,preservative,,
Hair Care Sulphate 4% Cleanser,The Ordinary,Chlorphenesin,"preservative,  antimicrobial/​antibacterial",,
Multi-peptide Lash And Brow Serum,The Ordinary,Aqua,solvent,,
Multi-peptide Lash And Brow Serum,The Ordinary,Glycerin,"skin-identical ingredient,  moisturizer/​humectant","0,  0",superstar
Multi-peptide Lash And Brow Serum,The Ordinary,Butylene Glycol,"moisturizer/​humectant,  solvent","0,  1",
Multi-peptide Lash And Brow Serum,The Ordinary,Myristoyl Pentapeptide-17,cell-communicating ingredient,,goodie
Multi-peptide Lash And Brow Serum,The Ordinary,Biotinoyl Tripeptide-1,cell-communicating ingredient,,goodie
Multi-peptide Lash And Brow Serum,The Ordinary,Oligopeptide-2,,,
Multi-peptide Lash And Brow Serum,The Ordinary,Acetyl Tetrapeptide-3,cell-communicating ingredient,,goodie
Multi-peptide Lash And Brow Serum,The Ordinary,Caffeine,"antioxidant,  perfuming",,goodie
Multi-peptide Lash And Brow Serum,The Ordinary,Panthenol,"soothing,  moisturizer/​humectant","0,  0",goodie
Multi-peptide Lash And Brow Serum,The Ordinary,Arginine,skin-identical ingredient,,goodie
Multi-peptide Lash And Brow Serum,The Ordinary,Glycine,skin-identical ingredient,,goodie
Multi-peptide Lash And Brow Serum,The Ordinary,Glycoproteins,,,
Multi-peptide Lash And Brow Serum,The Ordinary,Larix Europaea Wood Extract,moisturizer/​humectant,,
Multi-peptide Lash And Brow Serum,The Ordinary,Trifolium Pratense Flower Extract,,,
Multi-peptide Lash And Brow Serum,The Ordinary,Camellia Sinensis Leaf Extract,"antioxidant,  soothing",,goodie
Multi-peptide Lash And Brow Serum,The Ordinary,Dextran,viscosity controlling,,
Multi-peptide Lash And Brow Serum,The Ordinary,Maltodextrin,,,
Multi-peptide Lash And Brow Serum,The Ordinary,Zinc Chloride,soothing,,
Multi-peptide Lash And Brow Serum,The Ordinary,Hydroxyethylcellulose,viscosity controlling,,
Multi-peptide Lash And Brow Serum,The Ordinary,Xanthan Gum,viscosity controlling,,
Multi-peptide Lash And Brow Serum,The Ordinary,Trisodium Ethylenediamine Disuccinate,chelating,,
Multi-peptide Lash And Brow Serum,The Ordinary,Polysorbate 20,"emulsifying,  surfactant/​cleansing","0,  0",
Multi-peptide Lash And Brow Serum,The Ordinary,Sodium Metabisulfite,"antioxidant,  preservative",,
Multi-peptide Lash And Brow Serum,The Ordinary,Caprylyl Glycol,"moisturizer/​humectant,  emollient",,
Multi-peptide Lash And Brow Serum,The Ordinary,"1,2-Hexanediol",solvent,,
Multi-peptide Lash And Brow Serum,The Ordinary,Sodium Benzoate,preservative,,
Multi-peptide Lash And Brow Serum,The Ordinary,Benzoic Acid,preservative,,
Multi-peptide Lash And Brow Serum,The Ordinary,Ethylhexylglycerin,preservative,,
Multi-peptide Lash And Brow Serum,The Ordinary,Phenoxyethanol,preservative,,
Multi-peptide Lash And Brow Serum,The Ordinary,Chlorphenesin,"preservative,  antimicrobial/​antibacterial",,
Retinol 0.2% In Squalane,The Ordinary,Squalane,"skin-identical ingredient,  emollient","0,  1",goodie
Retinol 0.2% In Squalane,The Ordinary,Caprylic/Capric Triglyceride,emollient,,
Retinol 0.2% In Squalane,The Ordinary,Simmondsia Chinensis (Jojoba) Seed Oil,emollient,"0,  0-2",goodie
Retinol 0.2% In Squalane,The Ordinary,Retinol,cell-communicating ingredient,,superstar
Retinol 0.2% In Squalane,The Ordinary,Solanum Lycopersicum (Tomato) Fruit Extract,antioxidant,,
Retinol 0.2% In Squalane,The Ordinary,Rosmarinus Officinalis (Rosemary) Leaf Extract,"antioxidant,  soothing,  antimicrobial/​antibacterial",,goodie
Retinol 0.2% In Squalane,The Ordinary,Hydroxymethoxyphenyl Decanone,"antioxidant,  soothing",,goodie
Retinol 0.2% In Squalane,The Ordinary,BHT,"antioxidant,  preservative",,
Multi-peptide + Ha Serum,The Ordinary,Aqua (Water),solvent,,
Multi-peptide + Ha Serum,The Ordinary,Glycerin,"skin-identical ingredient,  moisturizer/​humectant","0,  0",superstar
Multi-peptide + Ha Serum,The Ordinary,Lactococcus Ferment Lysate,,,goodie
Multi-peptide + Ha Serum,The Ordinary,Acetyl Hexapeptide-8,"cell-communicating ingredient,  moisturizer/​humectant",,goodie
Multi-peptide + Ha Serum,The Ordinary,Pentapeptide-18,cell-communicating ingredient,,goodie
Multi-peptide + Ha Serum,The Ordinary,Palmitoyl Tripeptide-1,cell-communicating ingredient,,goodie
Multi-peptide + Ha Serum,The Ordinary,Palmitoyl Tetrapeptide-7,cell-communicating ingredient,,goodie
Multi-peptide + Ha Serum,The Ordinary,Palmitoyl Tripeptide-38,cell-communicating ingredient,,goodie
Multi-peptide + Ha Serum,The Ordinary,Dipeptide Diaminobutyroyl Benzylamide Diacetate,cell-communicating ingredient,,goodie
Multi-peptide + Ha Serum,The Ordinary,Acetylarginyltryptophyl Diphenylglycine,cell-communicating ingredient,,goodie
Multi-peptide + Ha Serum,The Ordinary,Sodium Hyaluronate Crosspolymer,"skin-identical ingredient,  antioxidant,  moisturizer/​humectant",,goodie
Multi-peptide + Ha Serum,The Ordinary,Sodium Hyaluronate,"skin-identical ingredient,  moisturizer/​humectant","0,  0",goodie
Multi-peptide + Ha Serum,The Ordinary,Allantoin,soothing,"0,  0",goodie
Multi-peptide + Ha Serum,The Ordinary,Glycine,skin-identical ingredient,,goodie
Multi-peptide + Ha Serum,The Ordinary,Alanine,skin-identical ingredient,,goodie
Multi-peptide + Ha Serum,The Ordinary,Serine,skin-identical ingredient,,goodie
Multi-peptide + Ha Serum,The Ordinary,Valine,skin-identical ingredient,,goodie
Multi-peptide + Ha Serum,The Ordinary,Isoleucine,skin-identical ingredient,,goodie
Multi-peptide + Ha Serum,The Ordinary,Proline,skin-identical ingredient,,goodie
Multi-peptide + Ha Serum,The Ordinary,Threonine,skin-identical ingredient,,goodie
Multi-peptide + Ha Serum,The Ordinary,Histidine,"skin-identical ingredient,  moisturizer/​humectant",,goodie
Multi-peptide + Ha Serum,The Ordinary,Phenylalanine,skin-identical ingredient,,goodie
Multi-peptide + Ha Serum,The Ordinary,Arginine,skin-identical ingredient,,goodie
Multi-peptide + Ha Serum,The Ordinary,Aspartic Acid,skin-identical ingredient,,goodie
Multi-peptide + Ha Serum,The Ordinary,Trehalose,moisturizer/​humectant,,goodie
Multi-peptide + Ha Serum,The Ordinary,Fructose,moisturizer/​humectant,,goodie
Multi-peptide + Ha Serum,The Ordinary,Glucose,moisturizer/​humectant,,goodie
Multi-peptide + Ha Serum,The Ordinary,Maltose,moisturizer/​humectant,,
Multi-peptide + Ha Serum,The Ordinary,Urea,"skin-identical ingredient,  moisturizer/​humectant",,goodie
Multi-peptide + Ha Serum,The Ordinary,Sodium PCA,"skin-identical ingredient,  moisturizer/​humectant","0,  0",goodie
Multi-peptide + Ha Serum,The Ordinary,Pca,"skin-identical ingredient,  moisturizer/​humectant",,goodie
Multi-peptide + Ha Serum,The Ordinary,Sodium Lactate,"buffering,  moisturizer/​humectant",,goodie
Multi-peptide + Ha Serum,The Ordinary,Citric Acid,buffering,,
Multi-peptide + Ha Serum,The Ordinary,Hydroxypropyl Cyclodextrin,,,
Multi-peptide + Ha Serum,The Ordinary,Sodium Chloride,viscosity controlling,,
Multi-peptide + Ha Serum,The Ordinary,Sodium Hydroxide,buffering,,
Multi-peptide + Ha Serum,The Ordinary,Butylene Glycol,"moisturizer/​humectant,  solvent","0,  1",
Multi-peptide + Ha Serum,The Ordinary,Pentylene Glycol,"solvent,  moisturizer/​humectant",,
Multi-peptide + Ha Serum,The Ordinary,Acacia Senegal Gum,,,
Multi-peptide + Ha Serum,The Ordinary,Xanthan Gum,viscosity controlling,,
Multi-peptide + Ha Serum,The Ordinary,Carbomer,viscosity controlling,"0,  1",
Multi-peptide + Ha Serum,The Ordinary,Polysorbate 20,"emulsifying,  surfactant/​cleansing","0,  0",
Multi-peptide + Ha Serum,The Ordinary,PPG-26-Buteth-26,,,
Multi-peptide + Ha Serum,The Ordinary,PEG-40 Hydrogenated Castor Oil,"emulsifying,  surfactant/​cleansing",,
Multi-peptide + Ha Serum,The Ordinary,Trisodium Ethylenediamine Disuccinate,chelating,,
Multi-peptide + Ha Serum,The Ordinary,Ethoxydiglycol,"solvent,  moisturizer/​humectant,  perfuming","0,  0",
Multi-peptide + Ha Serum,The Ordinary,Sodium Benzoate,preservative,,
Multi-peptide + Ha Serum,The Ordinary,Caprylyl Glycol,"moisturizer/​humectant,  emollient",,
Multi-peptide + Ha Serum,The Ordinary,Ethylhexylglycerin,preservative,,
Multi-peptide + Ha Serum,The Ordinary,Phenoxyethanol,preservative,,
Multi-peptide + Ha Serum,The Ordinary,Chlorphenesin,"preservative,  antimicrobial/​antibacterial",,
Whitening Cream SPF 35,The Ordinary,Water,solvent,,
Whitening Cream SPF 35,The Ordinary,Aloe Barbadensis Extract,"soothing,  emollient,  moisturizer/​humectant",,goodie
Whitening Cream SPF 35,The Ordinary,Niacinamide,"cell-communicating ingredient,  skin brightening,  anti-acne,  moisturizer/​humectant",,superstar
Whitening Cream SPF 35,The Ordinary,Sodium Hyaluronate,"skin-identical ingredient,  moisturizer/​humectant","0,  0",goodie
Whitening Cream SPF 35,The Ordinary,Pearl Powder,,,
Whitening Cream SPF 35,The Ordinary,Titanium Dioxide,"sunscreen,  colorant",,goodie
Whitening Cream SPF 35,The Ordinary,Alumina,"viscosity controlling,  abrasive/​scrub",,
Whitening Cream SPF 35,The Ordinary,Perfluorooctyl Triethoxysilane,,,
Whitening Cream SPF 35,The Ordinary,Paraffinum Liquidum,"emollient,  solvent","0,  0-2",
Whitening Cream SPF 35,The Ordinary,Polyglyceryl-3 Diisostearate,emulsifying,"0,  4",
Whitening Cream SPF 35,The Ordinary,Polyglyceryl-10 Dimyristate,,,
Whitening Cream SPF 35,The Ordinary,Ethylhexyl Palmitate,emollient,"0,  2-4",
Whitening Cream SPF 35,The Ordinary,Cyclopentasiloxane,"emollient,  solvent",,
Whitening Cream SPF 35,The Ordinary,Cyclohexasiloxane,"emollient,  solvent",,
Whitening Cream SPF 35,The Ordinary,Glycerin,"skin-identical ingredient,  moisturizer/​humectant","0,  0",superstar
Whitening Cream SPF 35,The Ordinary,Glyceryl Acrylate/Acrylic Acid Copolymer,"moisturizer/​humectant,  viscosity controlling",,
Whitening Cream SPF 35,The Ordinary,Pvm/Ma Copolymer,viscosity controlling,,
Whitening Cream SPF 35,The Ordinary,Polyacrylamide,viscosity controlling,,
Whitening Cream SPF 35,The Ordinary,Laureth-7,"emulsifying,  surfactant/​cleansing",,
Whitening Cream SPF 35,The Ordinary,Ammonium Acryloyldimethyltaurate/VP Copolymer,viscosity controlling,,
Multi-peptide Eye Serum,The Ordinary,Aqua (Water),solvent,,
Multi-peptide Eye Serum,The Ordinary,Glycerin,"skin-identical ingredient,  moisturizer/​humectant","0,  0",superstar
Multi-peptide Eye Serum,The Ordinary,Butylene Glycol,"moisturizer/​humectant,  solvent","0,  1",
Multi-peptide Eye Serum,The Ordinary,Propanediol,"solvent,  moisturizer/​humectant",,
Multi-peptide Eye Serum,The Ordinary,Dipropylene Glycol,solvent,,
Multi-peptide Eye Serum,The Ordinary,Acetyl Glucosamine,"skin-identical ingredient,  skin brightening",,goodie
Multi-peptide Eye Serum,The Ordinary,Niacinamide,"cell-communicating ingredient,  skin brightening,  anti-acne,  moisturizer/​humectant",,superstar
Multi-peptide Eye Serum,The Ordinary,Palmitoyl Tripeptide-38,cell-communicating ingredient,,goodie
Multi-peptide Eye Serum,The Ordinary,Acetyl Tetrapeptide-5,"cell-communicating ingredient,  moisturizer/​humectant",,goodie
Multi-peptide Eye Serum,The Ordinary,Myristoyl Nonapeptide-3,cell-communicating ingredient,,goodie
Multi-peptide Eye Serum,The Ordinary,Dipeptide Diaminobutyroyl Benzylamide Diacetate,cell-communicating ingredient,,goodie
Multi-peptide Eye Serum,The Ordinary,Caffeine,"antioxidant,  perfuming",,goodie
Multi-peptide Eye Serum,The Ordinary,Epigallocatechin Gallatyl Glucoside,"antioxidant,  soothing",,goodie
Multi-peptide Eye Serum,The Ordinary,Gallyl Glucoside,"antioxidant,  soothing",,goodie
Multi-peptide Eye Serum,The Ordinary,Fraxinus Excelsior Bark Extract,,,
Multi-peptide Eye Serum,The Ordinary,Silanetriol,,,
Multi-peptide Eye Serum,The Ordinary,Arginine,skin-identical ingredient,,goodie
Multi-peptide Eye Serum,The Ordinary,Pentylene Glycol,"solvent,  moisturizer/​humectant",,
Multi-peptide Eye Serum,The Ordinary,Hydroxymethoxyphenyl Decanone,"antioxidant,  soothing",,goodie
Multi-peptide Eye Serum,The Ordinary,Propyl Gallate,"antioxidant,  perfuming",,
Multi-peptide Eye Serum,The Ordinary,Maltodextrin,,,
Multi-peptide Eye Serum,The Ordinary,Hydroxypropyl Cyclodextrin,,,
Multi-peptide Eye Serum,The Ordinary,Hydroxyethylcellulose,viscosity controlling,,
Multi-peptide Eye Serum,The Ordinary,Xanthan Gum,viscosity controlling,,
Multi-peptide Eye Serum,The Ordinary,Citric Acid,buffering,,
Multi-peptide Eye Serum,The Ordinary,Glycolic Acid,"exfoliant,  buffering",,superstar
Multi-peptide Eye Serum,The Ordinary,Sodium Citrate,"chelating,  buffering",,
Multi-peptide Eye Serum,The Ordinary,Polysorbate 20,"emulsifying,  surfactant/​cleansing","0,  0",
Multi-peptide Eye Serum,The Ordinary,Trisodium Ethylenediamine Disuccinate,chelating,,
Multi-peptide Eye Serum,The Ordinary,Dehydroacetic Acid,preservative,,
Multi-peptide Eye Serum,The Ordinary,Ethylhexylglycerin,preservative,,
Multi-peptide Eye Serum,The Ordinary,Benzyl Alcohol,"preservative,  perfuming,  solvent,  viscosity controlling",,
Multi-peptide Eye Serum,The Ordinary,Phenoxyethanol,preservative,,
Multi-peptide Eye Serum,The Ordinary,Chlorphenesin,"preservative,  antimicrobial/​antibacterial",,
Glucoside Foaming Cleanser,The Ordinary,Aqua (Water),solvent,,
Glucoside Foaming Cleanser,The Ordinary,Decyl Glucoside,surfactant/​cleansing,,
Glucoside Foaming Cleanser,The Ordinary,Coco-Glucoside,surfactant/​cleansing,,
Glucoside Foaming Cleanser,The Ordinary,Xanthan Gum,viscosity controlling,,
Glucoside Foaming Cleanser,The Ordinary,Tocopherol,antioxidant,"0-3,  0-3",goodie
Glucoside Foaming Cleanser,The Ordinary,Phytic Acid,chelating,,
Glucoside Foaming Cleanser,The Ordinary,Benzyl Alcohol,"preservative,  perfuming,  solvent,  viscosity controlling",,
Glucoside Foaming Cleanser,The Ordinary,Ethylhexylglycerin,preservative,,
Multi Peptide Eye Serum,The Ordinary,Epigallocatechin Gallatyl Glucoside,"antioxidant,  soothing",,goodie
Multi Peptide Eye Serum,The Ordinary,Niacinamide,"cell-communicating ingredient,  skin brightening,  anti-acne,  moisturizer/​humectant",,superstar
Multi Peptide Eye Serum,The Ordinary,Fraxinus Excelsior Bark Extract,,,
Multi Peptide Eye Serum,The Ordinary,Palmitoyl Tripeptide-38,cell-communicating ingredient,,goodie
Multi Peptide Eye Serum,The Ordinary,Acetyl Tetrapeptide-5,"cell-communicating ingredient,  moisturizer/​humectant",,goodie
Multi Peptide Eye Serum,The Ordinary,Myristoyl Nonapeptide-3,cell-communicating ingredient,,goodie
Multi Peptide Eye Serum,The Ordinary,Dipeptide Diaminobutyroyl Benzylamide Diacetate,cell-communicating ingredient,,goodie
Multi Peptide Eye Serum,The Ordinary,Caffeine,"antioxidant,  perfuming",,goodie
Natural Moisturizing Factors + Phytoceramides,The Ordinary,Aqua (Water),solvent,,
Natural Moisturizing Factors + Phytoceramides,The Ordinary,Caprylic/Capric Triglyceride,emollient,,
Natural Moisturizing Factors + Phytoceramides,The Ordinary,Cetyl Ethylhexanoate,emollient,,
Natural Moisturizing Factors + Phytoceramides,The Ordinary,Isodecyl Neopentanoate,emollient,,
Natural Moisturizing Factors + Phytoceramides,The Ordinary,Glycerin,"skin-identical ingredient,  moisturizer/​humectant","0,  0",superstar
Natural Moisturizing Factors + Phytoceramides,The Ordinary,Propanediol,"solvent,  moisturizer/​humectant",,
Natural Moisturizing Factors + Phytoceramides,The Ordinary,Polyglyceryl-6 Polyricinoleate,emulsifying,,
Natural Moisturizing Factors + Phytoceramides,The Ordinary,Hydrogenated Vegetable Oil,emollient,"0,  3",
Natural Moisturizing Factors + Phytoceramides,The Ordinary,Polyglyceryl-2 Isostearate,emulsifying,,
Natural Moisturizing Factors + Phytoceramides,The Ordinary,Isosorbide Dicaprylate,"cell-communicating ingredient,  moisturizer/​humectant",,goodie
Natural Moisturizing Factors + Phytoceramides,The Ordinary,Disteardimonium Hectorite,viscosity controlling,,
Natural Moisturizing Factors + Phytoceramides,The Ordinary,Phytosteryl Canola Glycerides,,,
Natural Moisturizing Factors + Phytoceramides,The Ordinary,Glycosphingolipids,emollient,,
Natural Moisturizing Factors + Phytoceramides,The Ordinary,Glycolipids,,,
Natural Moisturizing Factors + Phytoceramides,The Ordinary,Linoleic Acid,"skin-identical ingredient,  emollient,  surfactant/​cleansing",,goodie
Natural Moisturizing Factors + Phytoceramides,The Ordinary,Oleic Acid,"emollient,  emulsifying",,
Natural Moisturizing Factors + Phytoceramides,The Ordinary,Palmitic Acid,"skin-identical ingredient,  emollient,  emulsifying","0,  2",
Natural Moisturizing Factors + Phytoceramides,The Ordinary,Stearic Acid,"emollient,  viscosity controlling","0,  2-3",
Natural Moisturizing Factors + Phytoceramides,The Ordinary,Arginine,skin-identical ingredient,,goodie
Natural Moisturizing Factors + Phytoceramides,The Ordinary,Glycine,skin-identical ingredient,,goodie
Natural Moisturizing Factors + Phytoceramides,The Ordinary,Alanine,skin-identical ingredient,,goodie
Natural Moisturizing Factors + Phytoceramides,The Ordinary,Serine,skin-identical ingredient,,goodie
Natural Moisturizing Factors + Phytoceramides,The Ordinary,Proline,skin-identical ingredient,,goodie
Natural Moisturizing Factors + Phytoceramides,The Ordinary,Threonine,skin-identical ingredient,,goodie
Natural Moisturizing Factors + Phytoceramides,The Ordinary,Glutamic Acid,moisturizer/​humectant,,
Natural Moisturizing Factors + Phytoceramides,The Ordinary,Lysine Hcl,,,
Natural Moisturizing Factors + Phytoceramides,The Ordinary,Betaine,moisturizer/​humectant,,goodie
Natural Moisturizing Factors + Phytoceramides,The Ordinary,Xylitylglucoside,moisturizer/​humectant,,goodie
Natural Moisturizing Factors + Phytoceramides,The Ordinary,Anhydroxylitol,moisturizer/​humectant,,goodie
Natural Moisturizing Factors + Phytoceramides,The Ordinary,Xylitol,moisturizer/​humectant,,goodie
Natural Moisturizing Factors + Phytoceramides,The Ordinary,Glucose,moisturizer/​humectant,,goodie
Natural Moisturizing Factors + Phytoceramides,The Ordinary,Maltose,moisturizer/​humectant,,
Natural Moisturizing Factors + Phytoceramides,The Ordinary,Fructose,moisturizer/​humectant,,goodie
Natural Moisturizing Factors + Phytoceramides,The Ordinary,Trehalose,moisturizer/​humectant,,goodie
Natural Moisturizing Factors + Phytoceramides,The Ordinary,Sodium PCA,"skin-identical ingredient,  moisturizer/​humectant","0,  0",goodie
Natural Moisturizing Factors + Phytoceramides,The Ordinary,Pca,"skin-identical ingredient,  moisturizer/​humectant",,goodie
Natural Moisturizing Factors + Phytoceramides,The Ordinary,Sodium Lactate,"buffering,  moisturizer/​humectant",,goodie
Natural Moisturizing Factors + Phytoceramides,The Ordinary,Urea,"skin-identical ingredient,  moisturizer/​humectant",,goodie
Natural Moisturizing Factors + Phytoceramides,The Ordinary,Allantoin,soothing,"0,  0",goodie
Natural Moisturizing Factors + Phytoceramides,The Ordinary,Sodium Hyaluronate,"skin-identical ingredient,  moisturizer/​humectant","0,  0",goodie
Natural Moisturizing Factors + Phytoceramides,The Ordinary,Lecithin,"emollient,  emulsifying",,goodie
Natural Moisturizing Factors + Phytoceramides,The Ordinary,Triolein,viscosity controlling,,
Natural Moisturizing Factors + Phytoceramides,The Ordinary,Dimethyl Isosorbide,"solvent,  viscosity controlling",,
Natural Moisturizing Factors + Phytoceramides,The Ordinary,Pentylene Glycol,"solvent,  moisturizer/​humectant",,
Natural Moisturizing Factors + Phytoceramides,The Ordinary,Tocopherol,antioxidant,"0-3,  0-3",goodie
Natural Moisturizing Factors + Phytoceramides,The Ordinary,Hydroxymethoxyphenyl Decanone,"antioxidant,  soothing",,goodie
Natural Moisturizing Factors + Phytoceramides,The Ordinary,Citric Acid,buffering,,
Natural Moisturizing Factors + Phytoceramides,The Ordinary,Trisodium Ethylenediamine Disuccinate,chelating,,
Natural Moisturizing Factors + Phytoceramides,The Ordinary,Magnesium Sulfate,viscosity controlling,,
Natural Moisturizing Factors + Phytoceramides,The Ordinary,Sodium Chloride,viscosity controlling,,
Natural Moisturizing Factors + Phytoceramides,The Ordinary,Sodium Hydroxide,buffering,,
Natural Moisturizing Factors + Phytoceramides,The Ordinary,Phenoxyethanol,preservative,,
Natural Moisturizing Factors + Phytoceramides,The Ordinary,Chlorphenesin,"preservative,  antimicrobial/​antibacterial",,
Aloe 2% + Nag 2% Solution,The Ordinary,Aqua (Water),solvent,,
Aloe 2% + Nag 2% Solution,The Ordinary,Propanediol,"solvent,  moisturizer/​humectant",,
Aloe 2% + Nag 2% Solution,The Ordinary,Glycerin,"skin-identical ingredient,  moisturizer/​humectant","0,  0",superstar
Aloe 2% + Nag 2% Solution,The Ordinary,Dipropylene Glycol,solvent,,
Aloe 2% + Nag 2% Solution,The Ordinary,Aloe Barbadensis Leaf Juice Powder,"soothing,  moisturizer/​humectant",,goodie
Aloe 2% + Nag 2% Solution,The Ordinary,N-Acetyl Glucosamine,"skin-identical ingredient,  skin brightening",,goodie
Aloe 2% + Nag 2% Solution,The Ordinary,Palmitoyl Pentapeptide-4,cell-communicating ingredient,,goodie
Aloe 2% + Nag 2% Solution,The Ordinary,Biosaccharide Gum-2,,,goodie
Aloe 2% + Nag 2% Solution,The Ordinary,Pentylene Glycol,"solvent,  moisturizer/​humectant",,
Aloe 2% + Nag 2% Solution,The Ordinary,Xanthan Gum,viscosity controlling,,
Aloe 2% + Nag 2% Solution,The Ordinary,Isoceteth-20,"emulsifying,  surfactant/​cleansing",,
Aloe 2% + Nag 2% Solution,The Ordinary,Hydroxymethoxyphenyl Decanone,"antioxidant,  soothing",,goodie
Aloe 2% + Nag 2% Solution,The Ordinary,Sodium Lactate,"buffering,  moisturizer/​humectant",,goodie
Aloe 2% + Nag 2% Solution,The Ordinary,Lactic Acid,"exfoliant,  moisturizer/​humectant,  buffering",,superstar
Aloe 2% + Nag 2% Solution,The Ordinary,Sodium Hydroxide,buffering,,
Aloe 2% + Nag 2% Solution,The Ordinary,Ethylhexylglycerin,preservative,,
Aloe 2% + Nag 2% Solution,The Ordinary,Phenoxyethanol,preservative,,
Aloe 2% + Nag 2% Solution,The Ordinary,Chlorphenesin,"preservative,  antimicrobial/​antibacterial",,
Glycolipid Cream Cleanser,The Ordinary,Aqua (Water),solvent,,
Glycolipid Cream Cleanser,The Ordinary,Behenyl Alcohol,"emollient,  viscosity controlling",,
Glycolipid Cream Cleanser,The Ordinary,Polyglyceryl-2 Stearate,emulsifying,,
Glycolipid Cream Cleanser,The Ordinary,Glycolipids,,,
Glycolipid Cream Cleanser,The Ordinary,Pentylene Glycol,"solvent,  moisturizer/​humectant",,
Glycolipid Cream Cleanser,The Ordinary,Polyglyceryl-6 Dicaprate,emulsifying,,
Glycolipid Cream Cleanser,The Ordinary,Glyceryl Stearate,"emollient,  emulsifying","0,  1-2",
Glycolipid Cream Cleanser,The Ordinary,Stearyl Alcohol,"emollient,  viscosity controlling,  emulsifying,  surfactant/​cleansing","2,  2",
Glycolipid Cream Cleanser,The Ordinary,Diutan Gum,viscosity controlling,,
Glycolipid Cream Cleanser,The Ordinary,Polyacrylate Crosspolymer-6,viscosity controlling,,
Glycolipid Cream Cleanser,The Ordinary,Sodium Phytate,chelating,,
Glycolipid Cream Cleanser,The Ordinary,Phytic Acid,chelating,,
Glycolipid Cream Cleanser,The Ordinary,Trisodium Ethylenediamine Disuccinate,chelating,,
Glycolipid Cream Cleanser,The Ordinary,Sodium Benzoate,preservative,,
Glycolipid Cream Cleanser,The Ordinary,Phenoxyethanol,preservative,,
Glycolipid Cream Cleanser,The Ordinary,Chlorphenesin,"preservative,  antimicrobial/​antibacterial",,
Natural Moisturizing Factors + Beta Glucan,The Ordinary,Aqua (Water),solvent,,
Natural Moisturizing Factors + Beta Glucan,The Ordinary,PPG-24-Glycereth-24,"emulsifying,  solvent,  surfactant/​cleansing",,
Natural Moisturizing Factors + Beta Glucan,The Ordinary,Propanediol,"solvent,  moisturizer/​humectant",,
Natural Moisturizing Factors + Beta Glucan,The Ordinary,Betaine,moisturizer/​humectant,,goodie
Natural Moisturizing Factors + Beta Glucan,The Ordinary,Beta-Glucan,"soothing,  moisturizer/​humectant",,goodie
Natural Moisturizing Factors + Beta Glucan,The Ordinary,Arginine,skin-identical ingredient,,goodie
Natural Moisturizing Factors + Beta Glucan,The Ordinary,Glycine,skin-identical ingredient,,goodie
Natural Moisturizing Factors + Beta Glucan,The Ordinary,Alanine,skin-identical ingredient,,goodie
Natural Moisturizing Factors + Beta Glucan,The Ordinary,Serine,skin-identical ingredient,,goodie
Natural Moisturizing Factors + Beta Glucan,The Ordinary,Proline,skin-identical ingredient,,goodie
Natural Moisturizing Factors + Beta Glucan,The Ordinary,Threonine,skin-identical ingredient,,goodie
Natural Moisturizing Factors + Beta Glucan,The Ordinary,Glutamic Acid,moisturizer/​humectant,,
Natural Moisturizing Factors + Beta Glucan,The Ordinary,Lysine Hcl,,,
Natural Moisturizing Factors + Beta Glucan,The Ordinary,Glucose,moisturizer/​humectant,,goodie
Natural Moisturizing Factors + Beta Glucan,The Ordinary,Maltose,moisturizer/​humectant,,
Natural Moisturizing Factors + Beta Glucan,The Ordinary,Fructose,moisturizer/​humectant,,goodie
Natural Moisturizing Factors + Beta Glucan,The Ordinary,Trehalose,moisturizer/​humectant,,goodie
Natural Moisturizing Factors + Beta Glucan,The Ordinary,Xylitol,moisturizer/​humectant,,goodie
Natural Moisturizing Factors + Beta Glucan,The Ordinary,Anhydroxylitol,moisturizer/​humectant,,goodie
Natural Moisturizing Factors + Beta Glucan,The Ordinary,Xylitylglucoside,moisturizer/​humectant,,goodie
Natural Moisturizing Factors + Beta Glucan,The Ordinary,Sodium PCA,"skin-identical ingredient,  moisturizer/​humectant","0,  0",goodie
Natural Moisturizing Factors + Beta Glucan,The Ordinary,Pca,"skin-identical ingredient,  moisturizer/​humectant",,goodie
Natural Moisturizing Factors + Beta Glucan,The Ordinary,Sodium Lactate,"buffering,  moisturizer/​humectant",,goodie
Natural Moisturizing Factors + Beta Glucan,The Ordinary,Urea,"skin-identical ingredient,  moisturizer/​humectant",,goodie
Natural Moisturizing Factors + Beta Glucan,The Ordinary,Allantoin,soothing,"0,  0",goodie
Natural Moisturizing Factors + Beta Glucan,The Ordinary,Sodium Hyaluronate,"skin-identical ingredient,  moisturizer/​humectant","0,  0",goodie
Natural Moisturizing Factors + Beta Glucan,The Ordinary,Phospholipids,"skin-identical ingredient,  emollient",,goodie
Natural Moisturizing Factors + Beta Glucan,The Ordinary,Sphingolipids,emollient,,
Natural Moisturizing Factors + Beta Glucan,The Ordinary,Glycerin,"skin-identical ingredient,  moisturizer/​humectant","0,  0",superstar
Natural Moisturizing Factors + Beta Glucan,The Ordinary,Pentylene Glycol,"solvent,  moisturizer/​humectant",,
Natural Moisturizing Factors + Beta Glucan,The Ordinary,Acrylates/C10-30 Alkyl Acrylate Crosspolymer,viscosity controlling,,
Natural Moisturizing Factors + Beta Glucan,The Ordinary,Sodium Hydroxide,buffering,,
Natural Moisturizing Factors + Beta Glucan,The Ordinary,Sodium Chloride,viscosity controlling,,
Natural Moisturizing Factors + Beta Glucan,The Ordinary,Sodium Citrate,"chelating,  buffering",,
Natural Moisturizing Factors + Beta Glucan,The Ordinary,Citric Acid,buffering,,
Natural Moisturizing Factors + Beta Glucan,The Ordinary,Tocopherol,antioxidant,"0-3,  0-3",goodie
Natural Moisturizing Factors + Beta Glucan,The Ordinary,P-Anisic Acid,preservative,,
Natural Moisturizing Factors + Beta Glucan,The Ordinary,Aminomethyl Propanol,buffering,,
Natural Moisturizing Factors + Beta Glucan,The Ordinary,Phenoxyethanol,preservative,,
Natural Moisturizing Factors + Beta Glucan,The Ordinary,Chlorphenesin,"preservative,  antimicrobial/​antibacterial",,
Natural Moisturizing Factors + Phytoceramides Moisturizer,The Ordinary,Aqua (Water),solvent,,
Natural Moisturizing Factors + Phytoceramides Moisturizer,The Ordinary,Caprylic/Capric Triglyceride,emollient,,
Natural Moisturizing Factors + Phytoceramides Moisturizer,The Ordinary,Cetyl Alcohol,"emollient,  viscosity controlling","2,  2",
Natural Moisturizing Factors + Phytoceramides Moisturizer,The Ordinary,Propanediol,"solvent,  moisturizer/​humectant",,
Natural Moisturizing Factors + Phytoceramides Moisturizer,The Ordinary,Stearyl Alcohol,"emollient,  viscosity controlling,  emulsifying,  surfactant/​cleansing","2,  2",
Natural Moisturizing Factors + Phytoceramides Moisturizer,The Ordinary,Glycerin,"skin-identical ingredient,  moisturizer/​humectant","0,  0",superstar
Natural Moisturizing Factors + Phytoceramides Moisturizer,The Ordinary,Sodium Hyaluronate,"skin-identical ingredient,  moisturizer/​humectant","0,  0",goodie
Natural Moisturizing Factors + Phytoceramides Moisturizer,The Ordinary,Arginine,skin-identical ingredient,,goodie
Natural Moisturizing Factors + Phytoceramides Moisturizer,The Ordinary,Aspartic Acid,skin-identical ingredient,,goodie
Natural Moisturizing Factors + Phytoceramides Moisturizer,The Ordinary,Glycine,skin-identical ingredient,,goodie
Natural Moisturizing Factors + Phytoceramides Moisturizer,The Ordinary,Alanine,skin-identical ingredient,,goodie
Natural Moisturizing Factors + Phytoceramides Moisturizer,The Ordinary,Serine,skin-identical ingredient,,goodie
Natural Moisturizing Factors + Phytoceramides Moisturizer,The Ordinary,Valine,skin-identical ingredient,,goodie
Natural Moisturizing Factors + Phytoceramides Moisturizer,The Ordinary,Isoleucine,skin-identical ingredient,,goodie
Natural Moisturizing Factors + Phytoceramides Moisturizer,The Ordinary,Proline,skin-identical ingredient,,goodie
Natural Moisturizing Factors + Phytoceramides Moisturizer,The Ordinary,Threonine,skin-identical ingredient,,goodie
Natural Moisturizing Factors + Phytoceramides Moisturizer,The Ordinary,Histidine,"skin-identical ingredient,  moisturizer/​humectant",,goodie
Natural Moisturizing Factors + Phytoceramides Moisturizer,The Ordinary,Phenylalanine,skin-identical ingredient,,goodie
Natural Moisturizing Factors + Phytoceramides Moisturizer,The Ordinary,Glucose,moisturizer/​humectant,,goodie
Natural Moisturizing Factors + Phytoceramides Moisturizer,The Ordinary,Maltose,moisturizer/​humectant,,
Natural Moisturizing Factors + Phytoceramides Moisturizer,The Ordinary,Fructose,moisturizer/​humectant,,goodie
Natural Moisturizing Factors + Phytoceramides Moisturizer,The Ordinary,Trehalose,moisturizer/​humectant,,goodie
Natural Moisturizing Factors + Phytoceramides Moisturizer,The Ordinary,Sodium PCA,"skin-identical ingredient,  moisturizer/​humectant","0,  0",goodie
Natural Moisturizing Factors + Phytoceramides Moisturizer,The Ordinary,Pca,"skin-identical ingredient,  moisturizer/​humectant",,goodie
Natural Moisturizing Factors + Phytoceramides Moisturizer,The Ordinary,Sodium Lactate,"buffering,  moisturizer/​humectant",,goodie
Natural Moisturizing Factors + Phytoceramides Moisturizer,The Ordinary,Urea,"skin-identical ingredient,  moisturizer/​humectant",,goodie
Natural Moisturizing Factors + Phytoceramides Moisturizer,The Ordinary,Allantoin,soothing,"0,  0",goodie
Natural Moisturizing Factors + Phytoceramides Moisturizer,The Ordinary,Linoleic Acid,"skin-identical ingredient,  emollient,  surfactant/​cleansing",,goodie
Natural Moisturizing Factors + Phytoceramides Moisturizer,The Ordinary,Oleic Acid,"emollient,  emulsifying",,
Natural Moisturizing Factors + Phytoceramides Moisturizer,The Ordinary,Phytosteryl Canola Glycerides,,,
Natural Moisturizing Factors + Phytoceramides Moisturizer,The Ordinary,Palmitic Acid,"skin-identical ingredient,  emollient,  emulsifying","0,  2",
Natural Moisturizing Factors + Phytoceramides Moisturizer,The Ordinary,Stearic Acid,"emollient,  viscosity controlling","0,  2-3",
Natural Moisturizing Factors + Phytoceramides Moisturizer,The Ordinary,Lecithin,"emollient,  emulsifying",,goodie
Natural Moisturizing Factors + Phytoceramides Moisturizer,The Ordinary,Triolein,viscosity controlling,,
Natural Moisturizing Factors + Phytoceramides Moisturizer,The Ordinary,Tocopherol,antioxidant,"0-3,  0-3",goodie
Natural Moisturizing Factors + Phytoceramides Moisturizer,The Ordinary,Carbomer,viscosity controlling,"0,  1",
Natural Moisturizing Factors + Phytoceramides Moisturizer,The Ordinary,Isoceteth-20,"emulsifying,  surfactant/​cleansing",,
Natural Moisturizing Factors + Phytoceramides Moisturizer,The Ordinary,Polysorbate 60,"emulsifying,  surfactant/​cleansing",,
Natural Moisturizing Factors + Phytoceramides Moisturizer,The Ordinary,Sodium Chloride,viscosity controlling,,
Natural Moisturizing Factors + Phytoceramides Moisturizer,The Ordinary,Citric Acid,buffering,,
Natural Moisturizing Factors + Phytoceramides Moisturizer,The Ordinary,Trisodium Ethylenediamine Disuccinate,chelating,,
Natural Moisturizing Factors + Phytoceramides Moisturizer,The Ordinary,Pentylene Glycol,"solvent,  moisturizer/​humectant",,
Natural Moisturizing Factors + Phytoceramides Moisturizer,The Ordinary,Triethanolamine,buffering,"0,  2",
Natural Moisturizing Factors + Phytoceramides Moisturizer,The Ordinary,Sodium Hydroxide,buffering,,
Natural Moisturizing Factors + Phytoceramides Moisturizer,The Ordinary,Phenoxyethanol,preservative,,
Natural Moisturizing Factors + Phytoceramides Moisturizer,The Ordinary,Chlorphenesin,"preservative,  antimicrobial/​antibacterial",,
Matrixyl 10% + Ha High Strength Peptide Formulation,The Ordinary,Aqua (Water),solvent,,
Matrixyl 10% + Ha High Strength Peptide Formulation,The Ordinary,Glycerin,"skin-identical ingredient,  moisturizer/​humectant","0,  0",superstar
Matrixyl 10% + Ha High Strength Peptide Formulation,The Ordinary,Butylene Glycol,"moisturizer/​humectant,  solvent","0,  1",
Matrixyl 10% + Ha High Strength Peptide Formulation,The Ordinary,Palmitoyl Tripeptide-1,cell-communicating ingredient,,goodie
Matrixyl 10% + Ha High Strength Peptide Formulation,The Ordinary,Palmitoyl Tetrapeptide-7,cell-communicating ingredient,,goodie
Matrixyl 10% + Ha High Strength Peptide Formulation,The Ordinary,Palmitoyl Tripeptide-38,cell-communicating ingredient,,goodie
Matrixyl 10% + Ha High Strength Peptide Formulation,The Ordinary,Sodium Hyaluronate,"skin-identical ingredient,  moisturizer/​humectant","0,  0",goodie
Matrixyl 10% + Ha High Strength Peptide Formulation,The Ordinary,Hydroxypropyl Cyclodextrin,,,
Matrixyl 10% + Ha High Strength Peptide Formulation,The Ordinary,PPG-26-Buteth-26,,,
Matrixyl 10% + Ha High Strength Peptide Formulation,The Ordinary,PEG-40 Hydrogenated Castor Oil,"emulsifying,  surfactant/​cleansing",,
Matrixyl 10% + Ha High Strength Peptide Formulation,The Ordinary,Polyacrylamide,viscosity controlling,,
Matrixyl 10% + Ha High Strength Peptide Formulation,The Ordinary,Crosspolymer-6,,,
Matrixyl 10% + Ha High Strength Peptide Formulation,The Ordinary,Trisodium Ethylenediamine Disuccinate,chelating,,
Matrixyl 10% + Ha High Strength Peptide Formulation,The Ordinary,Carbomer,viscosity controlling,"0,  1",
Matrixyl 10% + Ha High Strength Peptide Formulation,The Ordinary,Polysorbate 20,"emulsifying,  surfactant/​cleansing","0,  0",
Matrixyl 10% + Ha High Strength Peptide Formulation,The Ordinary,Ethoxydiglycol,"solvent,  moisturizer/​humectant,  perfuming","0,  0",
Matrixyl 10% + Ha High Strength Peptide Formulation,The Ordinary,Phenoxyethanol,preservative,,
Matrixyl 10% + Ha High Strength Peptide Formulation,The Ordinary,Chlorphenesin,"preservative,  antimicrobial/​antibacterial",,
Soothing & Barrier Support Serum,The Ordinary,Aqua (Water),solvent,,
Soothing & Barrier Support Serum,The Ordinary,Propanediol,"solvent,  moisturizer/​humectant",,
Soothing & Barrier Support Serum,The Ordinary,Isodecyl Neopentanoate,emollient,,
Soothing & Barrier Support Serum,The Ordinary,Pentylene Glycol,"solvent,  moisturizer/​humectant",,
Soothing & Barrier Support Serum,The Ordinary,Niacinamide,"cell-communicating ingredient,  skin brightening,  anti-acne,  moisturizer/​humectant",,superstar
Soothing & Barrier Support Serum,The Ordinary,Hexyldecanol,emollient,,
Soothing & Barrier Support Serum,The Ordinary,Cetearyl Alcohol,"emollient,  viscosity controlling,  emulsifying,  surfactant/​cleansing","1,  2",
Soothing & Barrier Support Serum,The Ordinary,Xylitylglucoside,moisturizer/​humectant,,goodie
Soothing & Barrier Support Serum,The Ordinary,Ceteth-20 Phosphate,surfactant/​cleansing,,
Soothing & Barrier Support Serum,The Ordinary,Anhydroxylitol,moisturizer/​humectant,,goodie
Soothing & Barrier Support Serum,The Ordinary,Ethyl Linoleate,"emollient,  perfuming",,
Soothing & Barrier Support Serum,The Ordinary,Asiaticoside,"antioxidant,  perfuming",,goodie
Soothing & Barrier Support Serum,The Ordinary,Asiatic Acid,,,goodie
Soothing & Barrier Support Serum,The Ordinary,Madecassic Acid,,,goodie
Soothing & Barrier Support Serum,The Ordinary,Naringenin,,,
Soothing & Barrier Support Serum,The Ordinary,Cyanocobalamin,,,
Soothing & Barrier Support Serum,The Ordinary,Panthenyl Triacetate,,,
Soothing & Barrier Support Serum,The Ordinary,4-T-Butylcyclohexanol,"soothing,  cell-communicating ingredient",,goodie
Soothing & Barrier Support Serum,The Ordinary,Hydroxyphenyl Propamidobenzoic Acid,soothing,,goodie
Soothing & Barrier Support Serum,The Ordinary,Cetylhydroxyproline Palmitamide,emollient,,goodie
Soothing & Barrier Support Serum,The Ordinary,Bisabolol,soothing,,goodie
Soothing & Barrier Support Serum,The Ordinary,Brassica Campestris Sterols,emollient,,
Soothing & Barrier Support Serum,The Ordinary,Sphingolipids,emollient,,
Soothing & Barrier Support Serum,The Ordinary,Phospholipids,"skin-identical ingredient,  emollient",,goodie
Soothing & Barrier Support Serum,The Ordinary,Epigallocatechin Gallatyl Glucoside,"antioxidant,  soothing",,goodie
Soothing & Barrier Support Serum,The Ordinary,Gallyl Glucoside,"antioxidant,  soothing",,goodie
Soothing & Barrier Support Serum,The Ordinary,Propyl Gallate,"antioxidant,  perfuming",,
Soothing & Barrier Support Serum,The Ordinary,Xylitol,moisturizer/​humectant,,goodie
Soothing & Barrier Support Serum,The Ordinary,Zingiber Officinale Root Extract,"antioxidant,  soothing",,goodie
Soothing & Barrier Support Serum,The Ordinary,Stearic Acid,"emollient,  viscosity controlling","0,  2-3",
Soothing & Barrier Support Serum,The Ordinary,Dicetyl Phosphate,"emulsifying,  surfactant/​cleansing",,
Soothing & Barrier Support Serum,The Ordinary,Isoceteth-20,"emulsifying,  surfactant/​cleansing",,
Soothing & Barrier Support Serum,The Ordinary,Xanthan Gum,viscosity controlling,,
Soothing & Barrier Support Serum,The Ordinary,Trisodium Ethylenediamine Disuccinate,chelating,,
Soothing & Barrier Support Serum,The Ordinary,Tocopherol,antioxidant,"0-3,  0-3",goodie
Soothing & Barrier Support Serum,The Ordinary,Dehydroacetic Acid,preservative,,
Soothing & Barrier Support Serum,The Ordinary,P-Anisic Acid,preservative,,
Soothing & Barrier Support Serum,The Ordinary,Phytic Acid,chelating,,
Soothing & Barrier Support Serum,The Ordinary,Sodium Phytate,chelating,,
Soothing & Barrier Support Serum,The Ordinary,Sodium Citrate,"chelating,  buffering",,
Soothing & Barrier Support Serum,The Ordinary,Sodium Hydroxide,buffering,,
Soothing & Barrier Support Serum,The Ordinary,Benzyl Alcohol,"preservative,  perfuming,  solvent,  viscosity controlling",,
Soothing & Barrier Support Serum,The Ordinary,Ethylhexylglycerin,preservative,,
Soothing & Barrier Support Serum,The Ordinary,Phenoxyethanol,preservative,,
Soothing & Barrier Support Serum,The Ordinary,Chlorphenesin,"preservative,  antimicrobial/​antibacterial",,
Salicylic Acid 2% Masque - Scented,The Ordinary,Aqua (Water),solvent,,
Salicylic Acid 2% Masque - Scented,The Ordinary,Kaolin,"colorant,  abrasive/​scrub","0,  0",goodie
Salicylic Acid 2% Masque - Scented,The Ordinary,Squalane,"skin-identical ingredient,  emollient","0,  1",goodie
Salicylic Acid 2% Masque - Scented,The Ordinary,Glycerin,"skin-identical ingredient,  moisturizer/​humectant","0,  0",superstar
Salicylic Acid 2% Masque - Scented,The Ordinary,Dimethyl Isosorbide,"solvent,  viscosity controlling",,
Salicylic Acid 2% Masque - Scented,The Ordinary,Silica Cetyl Silylate,viscosity controlling,,
Salicylic Acid 2% Masque - Scented,The Ordinary,Salicylic Acid,"exfoliant,  anti-acne,  soothing,  preservative",,superstar
Salicylic Acid 2% Masque - Scented,The Ordinary,Sodium Polyacrylate,viscosity controlling,,
Salicylic Acid 2% Masque - Scented,The Ordinary,Pentylene Glycol,"solvent,  moisturizer/​humectant",,
Salicylic Acid 2% Masque - Scented,The Ordinary,Charcoal Powder,abrasive/​scrub,,
Salicylic Acid 2% Masque - Scented,The Ordinary,4-T-Butylcyclohexanol,"soothing,  cell-communicating ingredient",,goodie
Salicylic Acid 2% Masque - Scented,The Ordinary,Sclerotium Gum,viscosity controlling,,
Salicylic Acid 2% Masque - Scented,The Ordinary,Acacia Senegal Gum,,,
Salicylic Acid 2% Masque - Scented,The Ordinary,Xanthan Gum,viscosity controlling,,
Salicylic Acid 2% Masque - Scented,The Ordinary,Phytic Acid,chelating,,
Salicylic Acid 2% Masque - Scented,The Ordinary,Polysorbate 20,"emulsifying,  surfactant/​cleansing","0,  0",
Salicylic Acid 2% Masque - Scented,The Ordinary,Trisodium Ethylenediamine Disuccinate,chelating,,
Salicylic Acid 2% Masque - Scented,The Ordinary,Chlorphenesin,"preservative,  antimicrobial/​antibacterial",,
Salicylic Acid 2% Masque - Scented,The Ordinary,Phenoxyethanol,preservative,,
Salicylic Acid 2% Masque - Scented,The Ordinary,Parfum (Fragrance),perfuming,,icky
Hyaluronic Acid 2% + B5 Hydrating Serum (2024 Reformulation),The Ordinary,Aqua (Water),solvent,,
Hyaluronic Acid 2% + B5 Hydrating Serum (2024 Reformulation),The Ordinary,Sodium Hyaluronate,"skin-identical ingredient,  moisturizer/​humectant","0,  0",goodie
Hyaluronic Acid 2% + B5 Hydrating Serum (2024 Reformulation),The Ordinary,Propanediol,"solvent,  moisturizer/​humectant",,
Hyaluronic Acid 2% + B5 Hydrating Serum (2024 Reformulation),The Ordinary,Pentylene Glycol,"solvent,  moisturizer/​humectant",,
Hyaluronic Acid 2% + B5 Hydrating Serum (2024 Reformulation),The Ordinary,Hydrolyzed Hyaluronic Acid,moisturizer/​humectant,,goodie
Hyaluronic Acid 2% + B5 Hydrating Serum (2024 Reformulation),The Ordinary,Sodium Hyaluronate Crosspolymer,"skin-identical ingredient,  antioxidant,  moisturizer/​humectant",,goodie
Hyaluronic Acid 2% + B5 Hydrating Serum (2024 Reformulation),The Ordinary,Phospholipids,"skin-identical ingredient,  emollient",,goodie
Hyaluronic Acid 2% + B5 Hydrating Serum (2024 Reformulation),The Ordinary,Sphingolipids,emollient,,
Hyaluronic Acid 2% + B5 Hydrating Serum (2024 Reformulation),The Ordinary,Panthenol,"soothing,  moisturizer/​humectant","0,  0",goodie
Hyaluronic Acid 2% + B5 Hydrating Serum (2024 Reformulation),The Ordinary,Ahnfeltiopsis Concinna Extract,,,
Hyaluronic Acid 2% + B5 Hydrating Serum (2024 Reformulation),The Ordinary,Glycerin,"skin-identical ingredient,  moisturizer/​humectant","0,  0",superstar
Hyaluronic Acid 2% + B5 Hydrating Serum (2024 Reformulation),The Ordinary,Polysorbate 20,"emulsifying,  surfactant/​cleansing","0,  0",
Hyaluronic Acid 2% + B5 Hydrating Serum (2024 Reformulation),The Ordinary,Citric Acid,buffering,,
Hyaluronic Acid 2% + B5 Hydrating Serum (2024 Reformulation),The Ordinary,Sodium Citrate,"chelating,  buffering",,
Hyaluronic Acid 2% + B5 Hydrating Serum (2024 Reformulation),The Ordinary,P-Anisic Acid,preservative,,
Hyaluronic Acid 2% + B5 Hydrating Serum (2024 Reformulation),The Ordinary,Tocopherol,antioxidant,"0-3,  0-3",goodie
Hyaluronic Acid 2% + B5 Hydrating Serum (2024 Reformulation),The Ordinary,Trisodium Ethylenediamine Disuccinate,chelating,,
Hyaluronic Acid 2% + B5 Hydrating Serum (2024 Reformulation),The Ordinary,Caprylyl Glycol,"moisturizer/​humectant,  emollient",,
Hyaluronic Acid 2% + B5 Hydrating Serum (2024 Reformulation),The Ordinary,Ethoxydiglycol,"solvent,  moisturizer/​humectant,  perfuming","0,  0",
Hyaluronic Acid 2% + B5 Hydrating Serum (2024 Reformulation),The Ordinary,Ethylhexylglycerin,preservative,,
Hyaluronic Acid 2% + B5 Hydrating Serum (2024 Reformulation),The Ordinary,Hexylene Glycol,"solvent,  emulsifying,  perfuming,  surfactant/​cleansing","0-1,  0-2",
Hyaluronic Acid 2% + B5 Hydrating Serum (2024 Reformulation),The Ordinary,Phenoxyethanol,preservative,,
Hyaluronic Acid 2% + B5 Hydrating Serum (2024 Reformulation),The Ordinary,Chlorphenesin,"preservative,  antimicrobial/​antibacterial",,
Retinal 0.2% Emulsion,The Ordinary,Aqua (Water),solvent,,
Retinal 0.2% Emulsion,The Ordinary,Coco-Caprylate/Caprate,emollient,,
Retinal 0.2% Emulsion,The Ordinary,Propanediol,"solvent,  moisturizer/​humectant",,
Retinal 0.2% Emulsion,The Ordinary,Pentylene Glycol,"solvent,  moisturizer/​humectant",,
Retinal 0.2% Emulsion,The Ordinary,Hydroxyapatite,abrasive/​scrub,,
Retinal 0.2% Emulsion,The Ordinary,Retinal,cell-communicating ingredient,,superstar
Retinal 0.2% Emulsion,The Ordinary,Cetylhydroxyproline Palmitamide,emollient,,goodie
Retinal 0.2% Emulsion,The Ordinary,4-T-Butylcyclohexanol,"soothing,  cell-communicating ingredient",,goodie
Retinal 0.2% Emulsion,The Ordinary,Hydroxyphenyl Propamidobenzoic Acid,soothing,,goodie
Retinal 0.2% Emulsion,The Ordinary,Ergothioneine,antioxidant,,
Retinal 0.2% Emulsion,The Ordinary,Biosaccharide Gum-1,"soothing,  moisturizer/​humectant",,goodie
Retinal 0.2% Emulsion,The Ordinary,Bisabolol,soothing,,goodie
Retinal 0.2% Emulsion,The Ordinary,Brassica Campestris Sterols,emollient,,
Retinal 0.2% Emulsion,The Ordinary,Zingiber Officinale Root Extract,"antioxidant,  soothing",,goodie
Retinal 0.2% Emulsion,The Ordinary,Butylene Glycol,"moisturizer/​humectant,  solvent","0,  1",
Retinal 0.2% Emulsion,The Ordinary,Isohexadecane,"emollient,  solvent",,
Retinal 0.2% Emulsion,The Ordinary,Hexyldecanol,emollient,,
Retinal 0.2% Emulsion,The Ordinary,Maltodextrin,,,
Retinal 0.2% Emulsion,The Ordinary,Caesalpinia Spinosa Gum,viscosity controlling,,
Retinal 0.2% Emulsion,The Ordinary,Polyacrylate Crosspolymer-6,viscosity controlling,,
Retinal 0.2% Emulsion,The Ordinary,Hydroxyethyl Acrylate/Sodium Acryloyldimethyl Taurate Copolymer,viscosity controlling,,
Retinal 0.2% Emulsion,The Ordinary,Stearic Acid,"emollient,  viscosity controlling","0,  2-3",
Retinal 0.2% Emulsion,The Ordinary,Isoceteth-20,"emulsifying,  surfactant/​cleansing",,
Retinal 0.2% Emulsion,The Ordinary,Polysorbate 60,"emulsifying,  surfactant/​cleansing",,
Retinal 0.2% Emulsion,The Ordinary,Ascorbyl Palmitate,antioxidant,"0,  2",icky
Retinal 0.2% Emulsion,The Ordinary,Tocopherol,antioxidant,"0-3,  0-3",goodie
Retinal 0.2% Emulsion,The Ordinary,Lactic Acid,"exfoliant,  moisturizer/​humectant,  buffering",,superstar
Retinal 0.2% Emulsion,The Ordinary,Sodium Lactate,"buffering,  moisturizer/​humectant",,goodie
Retinal 0.2% Emulsion,The Ordinary,Sodium Hydroxide,buffering,,
Retinal 0.2% Emulsion,The Ordinary,Ethylhexylglycerin,preservative,,
Retinal 0.2% Emulsion,The Ordinary,Phenoxyethanol,preservative,,
Retinal 0.2% Emulsion,The Ordinary,Chlorphenesin,"preservative,  antimicrobial/​antibacterial",,
