ingredient_name,inci_name,category,benefits,skin_type_suitable,safety_rating
Alpha-Glucan Oligosaccharide,,"Prebiotics are a type of non-digestible dietary fiber used in skincare products to support the skin's microbiome, which consists of beneficial bacteria that contribute to skin health.","Prebiotics offer benefits such as:

- Help maintain a balanced and healthy skin microbiome by promoting the growth of beneficial bacteria.

- Support the skin's natural defences against harmful microorganisms, contributing to overall skin health.

- Enhance the skin's barrier function, reducing moisture loss and improving hydration.

- Can have a calming effect on the skin, helping to soothe and alleviate inflammation and irritation.","[' ', 'Acne', ' ', 'Blackheads', ' ', 'Redness', ' ', 'Pregnancy']",Safe
Aloe Vera,,"Aloe vera is a skincare ingredient derived from the gel-like substance found inside the leaves of the aloe vera plant. It is  used to soothe and hydrate the skin, and to promote overall skin health.","Aloe vera offers multiple benefits for the skin. It helps to soothe and calm irritated or sunburned skin, reducing redness and discomfort. Aloe vera also provides hydration and moisture, promoting a plump and healthy-looking complexion. Additionally, it contains antioxidants that help protect the skin against environmental damage and premature aging.","[' ', 'Dry and dehydrated skin', ' ', 'Impaired skin barrier', ' ', 'Radiance', ' ', 'Pregnancy', ' ', 'Texture']",Safe
Allantoin,,"Allantoin is a skincare ingredient derived from plants such as comfrey root. It is known for its ability to soothe and calm the skin, making it a popular choice in skincare products.","Allantoin is a calming, anti-inflammatory, and hydrating ingredient which promotes wound healing by stimulating fibroblasts in the dermis.","[' ', 'Fine Lines', ' ', 'Impaired skin barrier', ' ', 'Redness', ' ', 'Pregnancy']",Safe
Algin,,"An extract from brown seaweed used as hydrating, soothing, and viscosity controlling agent.","In skincare products, it is used for its excellent water-binding properties to impart hydration and plumpness to the skin. In cosmetic product formulation, it is used as a thickening agent to improve the texture and viscosity of formulations.","[' ', 'Dry and dehydrated skin', ' ', 'Fine Lines', ' ', 'Pregnancy', ' ', 'Wrinkles']",Safe
Algae Extract,,"An incredibly interesting natural ingredient source, with some variability in properties depending on the specific source. It acts as powerful antioxidant and humectant/hydrator when used topically!","Algae extracts are multifunctional ingredients, providing hydrating, soothing, and antioxidant benefits. They also act as thickening and water-binding agents in formulations.","[' ', 'Dry and dehydrated skin', ' ', 'Fine Lines', ' ', 'Pregnancy', ' ', 'Wrinkles']",Safe
Algae Exopolysaccharides,,"EPSs are macromolecular polysaccharidic compounds that are produced by algae to protect from UV, free radical damage and temperature.","In skincare, they are are used to protect from external stressors such as UV and free radicals, as well as provide hydration due to their humectant structure.","[' ', 'Dry and dehydrated skin', ' ', 'Fine Lines', ' ', 'Pregnancy', ' ', 'Wrinkles']",Safe
Alaria Esculenta Extract,,"A type of edible brown algae composed of amino acids, minerals (such as zinc, iron, selenium etc), and antioxidant.","Provides soothing, hydrating, firming and antioxidant benefits.","[' ', 'Dry and dehydrated skin', ' ', 'Fine Lines', ' ', 'Pregnancy', ' ', 'Wrinkles']",Safe
Alanine,,"Alanine is present in the ""natural moisturising factors (NMFs)"" which moisturise and hydrate the skin. ",It can help to support water transport between skin cells to keep our surface smooth and hydrated.,"[' ', 'Dry and dehydrated skin', ' ', 'Pregnancy', ' ', 'Texture']",Safe
Ahnfeltia Concinna Extract,,A natural extract from red marine algae with multifunctional properties.,"Provides soothing and antioxidant products to the skin, and increases the viscosity of formulations.","[' ', 'Dry and dehydrated skin', ' ', 'Fine Lines', ' ', 'Pregnancy', ' ', 'Wrinkles']",Safe
Adenosine,,"Adenosine is a skincare ingredient derived from yeast or produced synthetically. It is known for its ability to improve various signs of aging and promote smoother, more youthful-looking skin.","Provides soothing and skin-restoring properties, and studies indicate potential for anti-ageing and wrinkle improvement.","[' ', 'Acne', ' ', 'Dry and dehydrated skin', ' ', 'Elasticity', ' ', 'Fine Lines', ' ', 'Impaired skin barrier', ' ', 'Redness', ' ', 'Pregnancy', ' ', 'Wrinkles']",Safe
Acetyl Tyrosinamide,,"N-Acetyl L-Tyrosinamide is present in the ""natural moisturising factors (NMFs)"" which moisturise and hydrate the skin. ",Acetyl Tyrosinamide is used in skincare to treat fine lines and wrinkles and support the skin's elasticity.,"[' ', 'Elasticity', ' ', 'Fine Lines', ' ', 'Wrinkles']",Safe
Acetyl Tetrapeptide,,"Many peptides function as anti-ageing ingredients in skincare, due to their ability to fit specific receptors in the body to trigger anti-ageing responses. This includes mechanisms like collagen production, cell regeneration or even blocking muscle contractions to smooth expression lines.","Acetyl Tetrapeptide is used in skincare to treat fine lines, wrinkles and improve the skin's elasticity.","[' ', 'Elasticity', ' ', 'Fine Lines', ' ', 'Pregnancy', ' ', 'Wrinkles']",Safe
Acetyl Glucosamine,,"Acetyl Glucosamine is an amino acid sugar.  In the skin, it is present in the ""natural moisturising factors (NMFs)"" which moisturise and hydrate the skin.","Acetyl Glucosamine is used in skincare to treat red and sensitive skin with hyperpigmentation, and for those who are looking to treat fine lines and wrinkles.","[' ', 'Dry and dehydrated skin', ' ', 'Elasticity', ' ', 'Fine Lines', ' ', 'Pigmentation', ' ', 'Redness', ' ', 'Texture', ' ', 'Wrinkles']",Safe
Acetylarginyltryptophyl Diphenylglycine,,"Many peptides function as anti-ageing ingredients in skincare, due to their ability to fit specific receptors in the body to trigger anti-ageing responses. This includes mechanisms like collagen production, cell regeneration or even blocking muscle contractions to smooth expression lines.","Acetylarginyltryptophyl Diphenylglycine  is used in skincare to treat fine lines, wrinkles and improve the skin's elasticity.","[' ', 'Elasticity', ' ', 'Fine Lines', ' ', 'Pregnancy', ' ', 'Wrinkles']",Safe
Acai Extract,,"An extract from the acai berry, used for its potent antioxidant benefits to target and prevent signs of UV and free radical damage.","Provide antioxidant benefits to the skin, fighting free radical damage and preventing premature ageing from the damage.","[' ', 'Pregnancy']",Safe
Ascorbic Acid,,A potent and multifunctional superstar skincare ingredient with decades of research behind it!,"Ascorbic acid is a powerhouse ingredient with evidence for collagen synthesis so can help make the skin firmer, helps with hyperpigmentation, dark spots, and uneven skin tone and is great for preventing damage from the sun by neutralising free radicals.

Since ascorbic acid is already in the active form needed by the skin, no conversion is necessary, and if stabilised is highly potent.","[' ', 'Elasticity', ' ', 'Fine Lines', ' ', 'Pigmentation', ' ', 'Radiance', ' ', 'Pregnancy', ' ', 'Wrinkles']",Safe
Ascophyllum Nodosum Extract,,An extract of the seaweed/algae plant and is used in cosmetic products.,Can help attract water to the upper layer of the skin and might have some antioxidant effect,"[' ', 'Dry and dehydrated skin', ' ', 'Fine Lines', ' ', 'Pregnancy', ' ', 'Wrinkles']",Safe
Arginine PCA,,"Arginine PCA is present in the ""natural moisturising factors"" (NMFs) which moisturise and hydrate the skin.","Helps to protect the skin from free radicals, improve the appearance of hydration, and support collagen production.","[' ', 'Dry and dehydrated skin', ' ', 'Pregnancy', ' ', 'Texture']",Safe
Arginine/Lysine Polypeptide,,"Many peptides function as anti-ageing ingredients in skincare, due to their ability to fit specific receptors in the body to trigger anti-ageing responses. This includes mechanisms like collagen production, cell regeneration or even blocking muscle contractions to smooth expression lines.",Helps to preserve the skin’s natural collagen and elastin by offsetting substances within skin that cause both to degrade over time.,"[' ', 'Elasticity', ' ', 'Fine Lines', ' ', 'Pregnancy', ' ', 'Wrinkles']",Safe
Arginine HCL,,"Arginine HCL is present in the ""natural moisturising factors (NMFs)"" which moisturise and hydrate the skin.","Helps to protect the skin from free radicals, improve the appearance of hydration, and support collagen production.","[' ', 'Dry and dehydrated skin', ' ', 'Pregnancy', ' ', 'Texture']",Safe
Arginine,,"Arginine is present in the ""natural moisturising factors (NMFs)"" which moisturise and hydrate the skin.","Great for dry and Dehydrated skin, Arginine is an antioxidant with helps smooth the surface of our skin and treats fine lines.","[' ', 'Dry and dehydrated skin', ' ', 'Fine Lines', ' ', 'Pregnancy', ' ', 'Texture']",Safe
Argan Oil,,"Argan oil is extracted from the kernels of the argan tree fruit. It is rich in essential fatty acids, antioxidants, and vitamins, including vitamin E, which contribute to its beneficial effects on the skin.","Argan oil offers multiple benefits for the skin. It helps to moisturise and soften the skin, protect the skin against environmental damage and soothes and calms the skin.","[' ', 'Dry and dehydrated skin', ' ', 'Radiance', ' ', 'Pregnancy', ' ', 'Texture']",Safe
Arbutin,,"Arbutin is a natural compound found in various plant sources, such as bearberry, cranberries, and pears. It is used in skincare for its potential to brighten the skin, even out the complexion, and reduce the appearance of dark spots.","Arbutin offers multiple benefits for the skin. It is known for its skin-lightening properties, as it can inhibit the enzyme involved in melanin production, thereby helping to reduce the appearance of dark spots, hyperpigmentation, and uneven skin tone. Arbutin can also contribute to a more radiant and luminous complexion.","[' ', 'Pigmentation', ' ', 'Radiance', ' ', 'Pregnancy']",Safe
Aquagenium,,Aquagenium is a patented complex used in skincare products to enhance the skin's natural hydration and moisture retention abilities. It is designed to optimize the skin's water balance and improve its overall hydration levels.,"The complex claims to:
- Aims to increase the water retention capacity of the skin.
- Strengthens the skin's moisture barrier and prevent dehydration.
- May also support the skin's water circulation mechanisms which could increase water balance in the skin","[' ', 'Dry and dehydrated skin', ' ', 'Pregnancy', ' ', 'Texture']",Safe
Apple Stem Cells,,Apple stem cells are derived from the stem cells of apple plants. They are used in skincare for their potential to promote skin rejuvenation and support the skin's natural repair processes.,"Apple stem cells offer potential benefits for the skin: 
- Believed to have anti-aging properties and may help stimulate the renewal and vitality of skin cells. 
- Protect against environmental stressors, and enhance the skin's natural defense mechanisms. 
- May contribute to improved skin texture and a more youthful appearance.","[' ', 'Elasticity', ' ', 'Fine Lines', ' ', 'Pregnancy', ' ', 'Wrinkles']",Safe
Apple Polyphenols,,Apple polyphenols are natural compounds found in apples and are known for their antioxidant and anti-inflammatory properties. They are commonly used in skincare for their potential to protect the skin against environmental damage and promote a healthier complexion.,"Apple polyphenols offer multiple benefits for the skin:

- Possess potent antioxidant properties, helping to neutralize  free radicals and prevent oxidative stress.
- Have anti-inflammatory effects, which can soothe and calm the skin, reducing redness and irritation.
- Assist in promoting a more even skin tone and enhancing the overall radiance of the complexion.","[' ', 'Pregnancy']",Safe
Apple Extract,,"Apple extract is derived from apples and is used in skincare for its antioxidant-rich properties. It contains various vitamins, minerals, and natural compounds that provide numerous benefits for the skin.","Apple extract offers multiple benefits for the skin:
- Provides antioxidant protection, helping to neutralize free radicals and prevent oxidative damage. 
- Nourish and revitalize the skin, promoting a healthier and more youthful appearance.
- Help in improving hydration and enhancing the overall condition of the skin.","[' ', 'Pregnancy']",Safe
Anti-Ageing Peptides,,Anti-aging peptides are synthetic or naturally derived compounds composed of short chains of amino acids. They are specifically designed to target signs of aging in the skin.,"They can help stimulate collagen production, improving skin elasticity and reducing the appearance of fine lines and wrinkles, promote skin firmness and smoothness, enhance overall texture and tone, and protect against environmental damage.","[' ', 'Elasticity', ' ', 'Fine Lines', ' ', 'Wrinkles']",Safe
Amino Acids,,"Amino acids are the building blocks of peptides and proteins, each with a unique structure and role within the body.

Some examples include arginine, arginine hcl, arginine pca, glycine, histidine, isoleucine, lysine, phenylalanine, proline, serine, taurine, threonine, valine, yeast amino acids.","Amino acids provide numerous benefits for the skin. They help to support collagen synthesis, promoting skin elasticity and firmness. Amino acids also assist in maintaining the skin's natural moisture barrier, improving hydration levels and preventing moisture loss. Additionally, they aid in skin repair processes, assisting with cell turnover and rejuvenation.","[' ', 'Dry and dehydrated skin', ' ', 'Elasticity', ' ', 'Fine Lines', ' ', 'Texture', ' ', 'Wrinkles']",Safe
Alteromonas Ferment Extract,,A multifunctional extract of seaweed/algae used in cosmetic products.,"In skincare products, it is used for its excellent water-binding properties to impart hydration and plumpness to the skin. In cosmetic product formulation, it is used as a thickening agent to improve the texture and viscosity of formulations.","[' ', 'Dry and dehydrated skin', ' ', 'Fine Lines', ' ', 'Pregnancy', ' ', 'Wrinkles']",Safe
Bifida Ferment Lysate,,"Probiotics are live beneficial microorganisms that provide various health benefits when applied to the skin. In skincare products, probiotics are used to support the skin's microbiome and promote overall skin health.","Probiotics offer benefits such as:
- Help maintain a balanced and healthy skin microbiome by supporting the growth of beneficial bacteria.

- Strengthen the skin's natural defense against harmful bacteria, reducing the risk of skin issues like acne and inflammation.

- Enhance the skin's barrier function, improving its resilience and protection against environmental stressors.

- Have soothing properties, helping to calm and alleviate skin irritation and redness.","[' ', 'Acne', ' ', 'Blackheads', ' ', 'Redness', ' ', 'Pregnancy']",Safe
Beta Glucan,,"Beta glucan is a natural polysaccharide derived from various sources, including yeast, oats, and mushrooms. It is used in skincare for its hydrating, soothing, and skin-replenishing properties, making it a beneficial ingredient in skincare formulations.","Beta glucan offers multiple benefits to the skin. It has excellent hydrating properties, improves skin barrier function and is able to reduce the appearance of redness and inflammation.","[' ', 'Dry and dehydrated skin', ' ', 'Impaired skin barrier', ' ', 'Redness', ' ', 'Radiance', ' ', 'Texture']",Safe
Bakuchiol,,Bakuchiol is a natural compound derived from the seeds of the Psoralea corylifolia plant. It is often referred to as a natural alternative to retinol (although not nearly as well researched as retinol) due to its potential to provide similar benefits without the potential side effects associated with retinol use.,Bakuchiol is thought to offer multiple benefits. It can improve skin firmness and treat fine lines whilst it also has antioxidant benefits to prevent from free radical damage.,"[' ', 'Elasticity', ' ', 'Fine Lines', ' ', 'Pregnancy', ' ', 'Wrinkles']",Safe
Azelaoyl Bis-Dipeptide,,"Many peptides function as anti-ageing ingredients in skincare, due to their ability to fit specific receptors in the body to trigger anti-ageing responses. This includes mechanisms like collagen production, cell regeneration or even blocking muscle contractions to smooth expression lines.","Azelaoyl Bis-dipeptide is used in skincare to treat fine lines, wrinkles and improve the skin's elasticity.","[' ', 'Elasticity', ' ', 'Fine Lines', ' ', 'Pregnancy', ' ', 'Wrinkles']",Safe
Azelaic Acid,,"Azelaic acid is a naturally occurring acid derived from grains, such as wheat, barley, and rye. It is used in skincare for its multifunctional properties, including its ability to brighten the skin, reduce hyperpigmentation, reduce redness, and address acne-prone skin.","Azelaic acid has antibacterial properties making it a good supplementary ingredient in the treatment of acne. It has anti-inflammatory properties making it a very effective treatment for rosacea, redness, and acne inflammation, and It has mild exfoliating properties and interferes with the melanin production process in the skin making it an effective ingredient for brightening and evening out the skin.","[' ', 'Acne', ' ', 'Blackheads', ' ', 'Enlarged Pores', ' ', 'Pigmentation', ' ', 'Post Blemish Marks', ' ', 'Redness', ' ', 'Radiance', ' ', 'Pregnancy', ' ', 'Texture']",Safe
Avocado Oil,,"Avocado oil is a natural oil derived from the pulp of ripe avocados. It is known for its nourishing, moisturizing, and skin-conditioning properties, making it a popular ingredient in skincare products.","Avocado oil moisturises and nourishes the skin, protects against damage and free radicals and calms irritated skin.","[' ', 'Dry and dehydrated skin', ' ', 'Radiance', ' ', 'Pregnancy', ' ', 'Texture']",Safe
Avocado Ferment,,Avocado ferment is a skincare ingredient derived from fermented avocado fruit.,"Avocado ferment is rich in vitamins, minerals, and fatty acids, which help nourish and moisturize the skin. It contains antioxidants that can protect the skin against environmental damage and it also improves the skin's texture, leaving it feeling soft, supple, and revitalised.","[' ', 'Dry and dehydrated skin', ' ', 'Radiance', ' ', 'Pregnancy', ' ', 'Texture']",Safe
Avene Thermal Water,,"Avène Thermal Water is a unique, natural spring water sourced from the Cévennes Mountains in Avène, France. It is known for its soothing, calming, and anti-irritating properties, making it a popular ingredient in skincare products.","Avène Thermal Water offers multiple benefits including immediate soothing and calming of any skin irritation, redness and sensitivity.
It can reinforce the skin barrier and promotes wound healing.","[' ', 'Dry and dehydrated skin', ' ', 'Impaired skin barrier', ' ', 'Redness', ' ', 'Radiance', ' ', 'Pregnancy', ' ', 'Texture']",Safe
Asparagopsis Armata Extract,,"Asparagopsis armata extract is an extract of the red algae, asparagopsis armata, bonnemaisoniaceae","It's an antioxidant that protects, soothes and hydrates. It has great anti-ageing properties.","[' ', 'Dry and dehydrated skin', ' ', 'Fine Lines', ' ', 'Pregnancy', ' ', 'Wrinkles']",Safe
Ascorbyl Palmitate,,An oil-soluble Vitamin C ester.,It is used in skin products to smooth and improve the health of the skin.,"[' ', 'Fine Lines']",Safe
Ascorbyl Glucoside,,Ascorbyl Glucoside is a water-soluble derivative of Vitamin C.,It is used in skin care to brighten the skin and improve the signs of aging.,"[' ', 'Elasticity', ' ', 'Fine Lines', ' ', 'Pigmentation', ' ', 'Radiance', ' ', 'Wrinkles']",Safe
Caffeine,,"Caffeine is a natural stimulant that is commonly found in coffee, tea, and certain plants. It is used in skincare for its potential to energize, tighten, and reduce the appearance of puffiness.","Caffeine energizes the skin and helps reduce the appearance of fatigue or tiredness. It provides a temporary tightening effect, improving the appearance of sagging or loose skin. It may help reduce the appearance of puffiness or swelling, particularly around the eyes. It even offers potential antioxidant benefits, protecting the skin against free radicals and environmental stressors.","[' ', 'Dark Circles', ' ', 'Redness', ' ', 'Pregnancy', ' ', 'Eye Bags']",Safe
Caffeic Acid,,"Caffeic acid is a natural compound found in various plant sources, including coffee, fruits, and vegetables. It is used in skincare for its antioxidant, anti-inflammatory, and potential skin brightening properties.","Caffeic acid provides antioxidant protection, helping to neutralize free radicals and prevent oxidative damage to the skin. It calms redness and irritation and may contribute to skin brightening and evening out the complexion by potentially inhibiting the production of melanin.","[' ', 'Redness', ' ', 'Pregnancy']",Safe
Cabbage Leaf Extract,,"Cabbage leaf extract is derived from the leaves of cabbage, a leafy vegetable belonging to the Brassica family. It is used in skincare for its potential antioxidant, soothing, and skin-conditioning properties.","Cabbage leaf extract provides antioxidant protection, helping to neutralize free radicals and protect the skin from environmental damage.
- Offers potential soothing and calming effects on the skin, reducing redness and inflammation.
- Contains vitamins and minerals that can nourish and hydrate the skin, promoting a healthy complexion.
- May contribute to skin conditioning, leaving the skin feeling soft, smooth, and refreshed.","[' ', 'Pregnancy']",Safe
Butyl Methoxydibenzoylmethane,,"Butyl Methoxydibenzoylmethane (aka Avobenzone) is a synthetic/chemical sunscreen filter, and currently the only one to be approved globally for UVA protection (due to extremely limiting and lengthy FDA approval process on new sunscreen ingredients).","Butyl Methoxydibenzoylmethane protects against the entire UVA range, 310-400 nm, making it a great ingredient to work in combination with other, more widely available, UVB filters. The problem with this is that is degrades very quickly in the presence of sunlight, and part of the reason for the guidance to reapply sunscreen every 2 hours.","[' ', 'UV Protection']",Safe
Blue Mallow Extract,,Blue mallow extract is obtained from the flowers and leaves of the blue mallow plant (Malva sylvestris). It contains various compounds that contribute to its skincare benefits.,"Blue mallow extract offers multiple benefits including:


- Offers hydrating properties, helping to moisturize and soften the skin.


- Prevents and treats free radical damage from pollution and the sun","[' ', 'Pregnancy']",Safe
Blue Lotus Extract,,"Blue lotus extract is derived from the flowers of the blue lotus plant, scientifically known as Nymphaea caerulea. It is used in skincare for its antioxidant, soothing, and moisturizing properties. It contains various bioactive compounds that contribute to It's skincare benefits.","Blue lotus extract provides antioxidant protection, helping to combat free radicals and protect the skin from environmental damage.

It has soothing and calming effects, reducing skin redness, irritation, and inflammation, whilst it offers moisturising properties, helping to hydrate and nourish the skin. It may contribute to a more even skin tone and promote a radiant complexion.","[' ', 'Pregnancy']",Safe
Blueberry Extract,,"Blueberry extract is derived from the fruit of the blueberry plant, scientifically known as Vaccinium cyanococcus. It is used in skincare for its antioxidant-rich properties and potential benefits for promoting healthy-looking skin.","Blueberry extract provides powerful antioxidant protection, helping to neutralize free radicals and protect the skin from environmental damage.

It enhances the overall health and appearance of the skin, contributing to a radiant and youthful complexion and can help soothe and calm the skin, reducing redness.","[' ', 'Pregnancy']",Safe
Bilberry Extract,,"Bilberry is a natural fruit, rich in antioxidants to protect from free radical damage.","Bilberry extract provides antioxidant protection, helping to combat free radicals and environmental damage. It contains natural acids that may contribute to gentle exfoliation, promoting a smoother complexion, and potentially offers soothing and anti-inflammatory effects, reducing redness and irritation.","[' ', 'Redness', ' ', 'Pregnancy']",Safe
Bis-Ethylhexyloxyphenol Methoxyphenyl Triazine,,"Bis-Ethylhexyloxyphenol Methoxyphenyl Triazine is a broad-spectrum UV filter, protecting across the whole UVA and UVB wavelength range (280-400 nm). It is a synthetic ingredient, also referred to as a chemical filter (as opposed to mineral/physical.)","Bis-Ethylhexyloxyphenol Methoxyphenyl Triazine works by absorbing UVB light in the outer layers of the epidermis, then converting it into heat (to neutralise the energy which can lead to cell damage), and scattering it away from the body.

It is very photostable, so does not degrade in the presence of sunlight, unlike some other UV filters on the market. It has also been shown to improve the UV stability of other more sensitive filters, when used in combination.

Everyone, especially darker skinned individuals looking for dark skin friendly sun protection.","[' ', 'UV Protection']",Safe
Bisabolol,,"Bisabolol is a naturally occurring compound derived from chamomile plants. It is used in skincare for its soothing, anti-inflammatory, and skin-conditioning properties.","Bisabolol is a multifunctional ingredients that soothes and calms the skin, reducing redness, inflammation, and irritation. It enhances the skin's natural healing process, promoting skin repair and regeneration, helps to improve the penetration of other skincare ingredients, boosting their effectiveness and provides moisturising and skin-conditioning properties, leaving the skin feeling soft and smooth.","[' ', 'Dry and dehydrated skin', ' ', 'Impaired skin barrier', ' ', 'Redness', ' ', 'Radiance', ' ', 'Pregnancy', ' ', 'Texture']",Safe
Bio-Active Glucosides,,Bio-active glucosides are derived from various natural sources and can include plant extracts or synthesized compounds. They are known for their ability to enhance the activity and stability of the bioactive compounds they are attached to.,"Bio-active glucosides improve the efficacy and stability of bioactive ingredients in skincare products. It can enhance the delivery and penetration of active compounds into the skin. Bio-active glucosides provide targeted benefits such as antioxidant, anti-inflammatory, or brightening effects depending on the specific bioactive compound.","[' ', 'Redness', ' ', 'Pregnancy']",Safe
Chondrus Crispus,,"It is essentially an underwater plant, designed to get its food from sunlight, much like any other plants, although from much more challenging conditions.",Helps to moisturise the skin with some benefits including the treatment of wrinkles and fine lines.,"[' ', 'Dry and dehydrated skin', ' ', 'Fine Lines', ' ', 'Pregnancy', ' ', 'Wrinkles']",Safe
Cholesterol,,"Essential lipids, also known as skin-identical lipids, are a group of natural fats (lipids) found in the outermost layer of the skin. They play a crucial role in maintaining the skin's barrier function and overall health.","Essential lipids offer benefits such as:
- Help strengthen the skin's natural barrier, improving its ability to retain moisture and nutrients.
- Support skin cell cohesion, promoting a smooth and even skin texture.
- Protect the skin from external irritants, pollutants, and allergens.
- Contribute to the skin's resilience and overall health, helping to prevent dryness and sensitivity.","[' ', 'Dry and dehydrated skin', ' ', 'Impaired skin barrier', ' ', 'Pregnancy', ' ', 'Texture']",Safe
Chlorophyll,,"Chlorophyll is a green pigment found in plants and algae, responsible for their photosynthesis process. It is sometimes used in skincare for its potential antioxidant and skin-soothing properties.","Chlorophyll offers benefits such as:
- Provides potential antioxidant benefits, helping to neutralize free radicals and protect the skin from oxidative stress.
- May contribute to skin soothing and calming effects, reducing redness and irritation.","[' ', 'Pregnancy']",Safe
Chlorella Vulgaris Extract,,Chlorella vulgaris is a green eukaryotic microalgae that was first discovered in 1890 as the first microalgae with a well-defined nucleus.,"Chlorella vulgaris extract has been shown to stimulate collagen synthesis/production.  Collagen is responsible for the strength, elasticity, smoothness and plump appearance of healthy skin.","[' ', 'Dry and dehydrated skin', ' ', 'Fine Lines', ' ', 'Pregnancy', ' ', 'Wrinkles']",Safe
Chamomile Extract,,"Chamomile extract is derived from the flowers of the chamomile plant, which is known for its calming and soothing properties. It is used in skincare for its potential anti-inflammatory, antioxidant, and skin-soothing benefits.","Chamomile extract provides soothing and calming effects on the skin, reducing redness, irritation, and inflammation. It exhibits potential antioxidant properties, helping to neutralize free radicals and protect the skin from environmental damage and can help promote a more even complexion and brighten the skin tone.","[' ', 'Impaired skin barrier', ' ', 'Redness']",Safe
Chlorella Protothecoides Oil,,"Chlorella protothecoides oil is the oil derived from chlorella protothecoides grown in culture, chlorellaceae.","In skin care products, Chlorella vulgaris extract has been shown to stimulate collagen synthesis. Collagen is responsible for the strength, elasticity, smoothness and plump appearance of healthy skin.","[' ', 'Dry and dehydrated skin', ' ', 'Fine Lines', ' ', 'Pregnancy', ' ', 'Wrinkles']",Safe
Ceramides,,Ceramides are a type of lipid or fatty molecule that are crucial components of the skin's barrier. They form a protective layer that helps prevent moisture loss and shields the skin from environmental stressors. They are used in skincare for their essential role in maintaining skin barrier function.,"Ceramides help strengthen the skin's barrier, improving its ability to retain moisture and keep irritants out. They support the skin's natural repair and regeneration processes and contribute to a smoother, softer, and more supple skin texture. They can also help soothe and calm dry, irritated, or sensitive skin.","[' ', 'Dry and dehydrated skin', ' ', 'Impaired skin barrier', ' ', 'Redness', ' ', 'Radiance', ' ', 'Texture']",Safe
Chlorella Protothecoides,,An antioxidant used in skincare as a thickening agent.,Softens and smoothes the skin whilst the antioxidants help to avoid the harmful effects of external factors on the skin,"[' ', 'Dry and dehydrated skin', ' ', 'Fine Lines', ' ', 'Pregnancy', ' ', 'Wrinkles']",Safe
Chemical UV Filters,,"Chemical UV filters are organic compounds that work by absorbing UV rays and converting them into less harmful energy, such as heat.","Chemical UV filters offer benefits such as:
- Provide broad-spectrum protection against both UVA and UVB rays, safeguarding the skin from sunburn, premature aging, and skin cancer.
- Offer a lightweight and transparent texture, making them suitable for various sunscreen formulations.
- Help to prevent the breakdown of collagen and elastin in the skin caused by UV exposure, preserving skin elasticity and firmness.
- Easily blend into the skin, reducing the appearance of white cast commonly associated with some mineral UV filters.","[' ', 'Anyone']",Safe
Caprooyl Sphingosine,,"Essential lipids, also known as skin-identical lipids, are a group of natural fats (lipids) found in the outermost layer of the skin. They play a crucial role in maintaining the skin's barrier function and overall health.","Essential lipids offer benefits such as:
- Help strengthen the skin's natural barrier, improving its ability to retain moisture and nutrients.
- Support skin cell cohesion, promoting a smooth and even skin texture.
- Protect the skin from external irritants, pollutants, and allergens.
- Contribute to the skin's resilience and overall health, helping to prevent dryness and sensitivity.","[' ', 'Dry and dehydrated skin', ' ', 'Impaired skin barrier', ' ', 'Radiance', ' ', 'Pregnancy', ' ', 'Texture']",Safe
Centella Asiatica,,"Centella Asiatica, also known as Gotu Kola or Indian Pennywort, is a medicinal herb with a long history of use in traditional medicine. It is used in skincare for It's potential wound healing, anti-inflammatory, and soothing properties. It contains various bioactive compounds, including triterpenoids and flavonoids, that contribute to It's skincare benefits.","It supports wound healing as well as providing anti-ageing benefits. It has also been shown to stimulate the production of hyaluronic acid in the skin, another molecule whose production slows with age, but is essential for keeping skin looking hydrated, plump & youthful.

Centella Asiatica (or Gotu Kola or Tiger grass) is a family of ingredients. It can also be known as asiatic acid, asiaticoside, madecassic acid and madecassoside.","[' ', 'Anyone', ' ', 'Dry and dehydrated skin', ' ', 'Fine Lines', ' ', 'Redness', ' ', 'Pregnancy', ' ', 'Texture']",Safe
Carnosine,,"Carnosine is a naturally occurring peptide composed of the amino acids beta-alanine and L-histidine. It is used in skincare for its potential anti-aging, antioxidant, and skin-conditioning properties.","Carnosine offers antioxidant benefits to protects from damage to the skin. It can help prevent or minimise the formation of advanced glycation end products (AGEs), which contribute to skin aging. It also supports the skin's natural repair processes, promoting a healthier and more youthful appearance and offers potential skin-conditioning benefits, contributing to improved texture and hydration.","[' ', 'Redness', ' ', 'Pregnancy']",Safe
Caprooyl Phytosphingosine,,"Essential lipids, also known as skin-identical lipids, are a group of natural fats (lipids) found in the outermost layer of the skin. They play a crucial role in maintaining the skin's barrier function and overall health.","Essential lipids offer benefits such as:
- Help strengthen the skin's natural barrier, improving its ability to retain moisture and nutrients.
- Support skin cell cohesion, promoting a smooth and even skin texture.
- Protect the skin from external irritants, pollutants, and allergens.
- Contribute to the skin's resilience and overall health, helping to prevent dryness and sensitivity.","[' ', 'Dry and dehydrated skin', ' ', 'Impaired skin barrier', ' ', 'Radiance', ' ', 'Pregnancy', ' ', 'Texture']",Safe
Ectoin,,"Ectoin is a natural, water-binding molecule known as a compatible solute, derived from certain extremophilic microorganisms. It is used in skincare for its potential hydrating, anti-inflammatory, and protective properties.","Ectoin offers benefits such as:
- Provides exceptional hydration, helping to lock in moisture and prevent water loss from the skin.
- Exhibits potent anti-inflammatory effects, assisting in soothing and calming irritated or sensitive skin.
- Offers protective properties against environmental stressors, such as UV radiation and pollution.
- Can enhance the skin's resilience and barrier function, promoting a healthier and more balanced complexion.","[' ', 'Dry and dehydrated skin', ' ', 'Impaired skin barrier', ' ', 'Pregnancy']",Safe
Dunaliella Salina (Green Algae) Extract,,"A type of micro-algae that’s known for being adaptable and able to survive even in harsh natural conditions. It is a rich source of beta-carotene, and conveys potent antioxidant benefits that can benefit skin.","It is a great anti-inflammatory, and anti aging active ingredient.","[' ', 'Dry and dehydrated skin', ' ', 'Fine Lines', ' ', 'Pregnancy', ' ', 'Wrinkles']",Safe
Dioic Acid,,"Dioic acid, also known as sebacic acid, is a naturally occurring dicarboxylic acid derived from certain vegetable oils or animal fats. It is used in skincare for its potential benefits in controlling excess oil production and addressing acne-prone skin.","Dioic acid offers benefits such as:
- Helps regulate sebum production, making it beneficial for individuals with oily or acne-prone skin.
- Assists in reducing the appearance of enlarged pores, contributing to a smoother skin texture.
- Offers potential anti-inflammatory effects, helping to calm redness and irritation associated with acne.
- May improve overall skin clarity and tone, promoting a more even complexion.","[' ', 'Acne', ' ', 'Pigmentation', ' ', 'Pregnancy', ' ', 'Wrinkles']",Safe
Cucumber Extract,,"Cucumber extract is derived from the fruit of the cucumber plant, Cucumis sativus. It is used in skincare for its potential hydrating, soothing, and skin-conditioning properties.","Cucumber extract offers benefits such as:
- Provides excellent hydration, helping to moisturize and refresh the skin.
- Offers soothing and calming effects, making it beneficial for irritated or sensitive skin.
- Contains antioxidant properties, assisting in neutralizing free radicals and protecting the skin from environmental damage.
- Can improve the skin's overall texture, leaving it feeling soft and supple.","[' ', 'Pregnancy']",Safe
Dipeptide Diaminobutyroyl Benzylamide Diacetate,,"Many peptides function as anti-ageing ingredients in skincare, due to their ability to fit specific receptors in the body to trigger anti-ageing responses. This includes mechanisms like collagen production, cell regeneration or even blocking muscle contractions to smooth expression lines.","Used in skincare to treat fine lines, wrinkles and improve the skin's elasticity.","[' ', 'Elasticity', ' ', 'Fine Lines', ' ', 'Pregnancy', ' ', 'Wrinkles']",Safe
Dipeptide,,"Many peptides function as anti-ageing ingredients in skincare, due to their ability to fit specific receptors in the body to trigger anti-ageing responses. This includes mechanisms like collagen production, cell regeneration or even blocking muscle contractions to smooth expression lines.","Used in skincare to treat fine lines, wrinkles and improve the skin's elasticity.","[' ', 'Elasticity', ' ', 'Fine Lines', ' ', 'Pregnancy', ' ', 'Wrinkles']",Safe
Copper Peptide,,"Copper peptide is a combination of copper and peptides, which are short chains of amino acids. It is used in skincare for its potential anti-aging, skin-repairing, and wound-healing properties.","Copper peptide offers benefits such as:
- Supports skin rejuvenation and anti-aging efforts by promoting collagen production and increasing skin elasticity.
- Provides antioxidant benefits, helping to protect the skin from free radicals and oxidative damage.
- Assists in wound healing and tissue repair, making it beneficial for post-inflammatory hyperpigmentation and scar reduction.
- Can enhance the skin's overall texture and tone, promoting a smoother and more youthful appearance.","[' ', 'Elasticity', ' ', 'Fine Lines', ' ', 'Pregnancy', ' ', 'Wrinkles']",Safe
Copper Palmitoyl Heptapeptide,,"Copper palmitoyl heptapeptide-14 is a type of copper peptide which is made from copper, palmitic acid and peptides. It used in skincare for its ability to minimise visible signs of ageing in the skin. According to the manufacturer, it has been proven to effectively increase the production of collagen and elastin in the skin, to improve the appearance of wrinkles.","Used in skincare to treat fine lines, wrinkles and improve the skin's elasticity.","[' ', 'Elasticity', ' ', 'Fine Lines', ' ', 'Pregnancy', ' ', 'Wrinkles']",Safe
Copper Heptapeptide-14 Pantothenate,,"Many peptides function as anti-ageing ingredients in skincare, due to their ability to fit specific receptors in the body to trigger anti-ageing responses. This includes mechanisms like collagen production, cell regeneration or even blocking muscle contractions to smooth expression lines.","Used in skincare to treat fine lines, wrinkles and improve the skin's elasticity.","[' ', 'Elasticity', ' ', 'Fine Lines', ' ', 'Pregnancy', ' ', 'Wrinkles']",Safe
Coffee Seed Extract,,"Coffee seed extract is derived from the seeds (beans) of the coffee plant. It is used in skincare for its potential antioxidant, anti-inflammatory, and skin-energizing properties.","Coffee seed extract offers benefits such as:
- Provides antioxidant protection, helping to neutralize free radicals and reduce oxidative stress on the skin.
- Exhibits potential anti-inflammatory effects, assisting in soothing and calming the skin.
- Contains caffeine, which may help improve circulation and temporarily reduce the appearance of puffiness.
- Offers potential skin-energizing benefits, contributing to a refreshed and awakened complexion.","[' ', 'Redness', ' ', 'Pregnancy']",Safe
Citric Acid,,"Citric acid is a naturally occurring organic acid found in various fruits, particularly citrus fruits like lemons, oranges, and limes. It is used in skincare for its potential exfoliating, pH-adjusting, and antioxidant properties.","Citric acid offers benefits such as:
- At higher concentrations, it provides exfoliating benefits, helping to remove dead skin cells and promote a smoother, more radiant complexion.
- Assists in adjusting the pH level of skincare products, ensuring their effectiveness and compatibility with the skin's natural pH.","[' ', 'Acne', ' ', 'Blackheads', ' ', 'Radiance', ' ', 'Pregnancy', ' ', 'Texture']",Safe
Cinnamon Bark,,"Cinnamon bark extract is derived from the bark of the cinnamon tree, Cinnamomum verum or Cinnamomum cassia. It is used in skincare for its potential antioxidant, antimicrobial, and soothing properties.","Cinnamon bark extract offers benefits such as:
- Provides antioxidant benefits, helping to neutralize free radicals and protect the skin from oxidative damage.
- Exhibits potential antimicrobial properties
- May offer soothing effects, helping to reduce redness and irritation.","[' ', 'Acne', ' ', 'Pregnancy']",Safe
Fomes Ofﬁcinalis (Mushroom) Extract,,"It is an active and it has astringent, pore tightening and moisturising effects on the skin.","It helps even your skin’s tone and firmness, and it drastically helps to clear pores and minimise the visible appearance of skin suffering from excess sebum secretion.","[' ', 'Enlarged Pores', ' ', 'Oily', ' ', 'Radiance']",Safe
Ginkgo Biloba,,"Ginkgo biloba extract is derived from the leaves of the Ginkgo biloba tree, one of the oldest tree species on Earth. It is used in skincare for its potential antioxidant, anti-inflammatory, and skin-protective properties.","Ginkgo biloba offers benefits such as:
- Provides antioxidant benefits, helping to neutralize free radicals and reduce oxidative stress on the skin.
- Exhibits potential anti-inflammatory effects, assisting in calming redness and irritation.
- Supports the skin's natural defense against environmental stressors, such as UV radiation and pollution.
- May help improve overall skin tone and texture, promoting a more radiant complexion.","[' ', 'Redness', ' ', 'Pregnancy']",Safe
Fructooligosaccharides,,"Prebiotics are a type of non-digestible dietary fiber used in skincare products to support the skin's microbiome, which consists of beneficial bacteria that contribute to skin health.","Prebiotics offer benefits such as:
- Help maintain a balanced and healthy skin microbiome by promoting the growth of beneficial bacteria.
- Support the skin's natural defenses against harmful microorganisms, contributing to overall skin health.
- Enhance the skin's barrier function, reducing moisture loss and improving hydration.
- Can have a calming effect on the skin, helping to soothe and alleviate inflammation and irritation.","[' ', 'Acne', ' ', 'Blackheads', ' ', 'Redness', ' ', 'Pregnancy']",Safe
Feverfew Extract,,"Feverfew extract is derived from the leaves and flowers of the feverfew plant (Tanacetum parthenium). It is used in skincare for its potential anti-inflammatory, soothing, and skin-calming properties.","Feverfew extract offers benefits such as:
- Exhibits potential anti-inflammatory effects, helping to calm redness and irritation on the skin.
- Assists in soothing sensitive or reactive skin, making it beneficial for those with skin conditions like rosacea or eczema.
- Provides antioxidant benefits, helping to neutralize free radicals and protect the skin from environmental damage.
- Can enhance the overall appearance of the skin, promoting a more even and balanced complexion.","[' ', 'Redness', ' ', 'Pregnancy']",Safe
Ferulic Acid,,"Ferulic acid is a plant-based antioxidant that occurs naturally in various fruits, vegetables, grains, and seeds. It is used in skincare for its potential antioxidant, anti-aging, and skin-protective properties.","Ferulic acid offers benefits such as:
- Provides powerful antioxidant benefits, helping to neutralize free radicals and reduce oxidative stress on the skin.
- Enhances the stability and effectiveness of other antioxidants, maximizing their protective capabilities.
- May help protect the skin from UV-induced damage, although it is not a substitute for sunscreen.
- Assists in promoting a more even skin tone and reducing the appearance of hyperpigmentation.","[' ', 'Pregnancy']",Safe
Ethylhexyl Triazone,,"Ethylhexyl Triazone is a synthetic sunscreen ingredient used in sun care products to protect against UVB rays. It is an extremely photo stable ingredient which doesn't degrade on exposure to UV light, as many other UV filters do.","Ethylhexyl Triazone offers SPF protection via absorbing UVB light in the outer layers of the epidermis, then converting it into heat (to neutralise the energy which can lead to cell damage), and scattering it away from the body. It is an oil soluble, odourless and colourless powder that works well in fragrance-free formulations.","[' ', 'UV Protection']",Safe
Ferric Hexapeptide,,"Many peptides function as anti-ageing ingredients in skincare, due to their ability to fit specific receptors in the body to trigger anti-ageing responses. This includes mechanisms like collagen production, cell regeneration or even blocking muscle contractions to smooth expression lines.","Used in skincare to treat fine lines, wrinkles and improve the skin's elasticity.","[' ', 'Elasticity', ' ', 'Fine Lines', ' ', 'Pregnancy', ' ', 'Wrinkles']",Safe
Fernblock,,"FernBlock, a patented active developed in collaboration with Harvard Medical School by Heliocare, is derived from a tropical fern native to South America. It provides comprehensive sun protection against UVB-induced sunburn, UVA, and Infrared wavelengths, supporting cell renewal, defending against cumulative sun damage, and promoting collagen, elastin, and hyaluronic acid production for healthier, more youthful skin.","FernBlock offers benefits such as:
- Provides antioxidant benefits, helping to neutralize free radicals and reduce oxidative stress on the skin.
- Thought to support hyaluronic acid production in the skin, assisting in promoting plump skin and smoothing fine lines.","[' ', 'Pregnancy']",Safe
Evening Primrose Oil,,"Evening primrose oil is a plant-based oil extracted from the seeds of the evening primrose plant (Oenothera biennis). It is used in skincare for its potential anti-inflammatory, moisturizing, and skin-nourishing properties.","Evening primrose oil offers benefits such as:
- Provides excellent moisturization, helping to nourish and hydrate the skin.
- Exhibits potential anti-inflammatory effects, assisting in calming redness and irritation.
- Supports the skin's natural barrier function, promoting a smoother and more supple complexion.
- Can be beneficial for skin conditions like eczema and dermatitis due to its hydrating and soothing properties.","[' ', 'Dry and dehydrated skin', ' ', 'Impaired skin barrier', ' ', 'Pregnancy']",Safe
Essential Lipids,,"Essential lipids, also known as skin-identical lipids, are a group of natural fats (lipids) found in the outermost layer of the skin. They play a crucial role in maintaining the skin's barrier function and overall health.","Essential lipids offer benefits such as:
- Help strengthen the skin's natural barrier, improving its ability to retain moisture and nutrients.
- Support skin cell cohesion, promoting a smooth and even skin texture.
- Protect the skin from external irritants, pollutants, and allergens.
- Contribute to the skin's resilience and overall health, helping to prevent dryness and sensitivity.","[' ', 'Dry and dehydrated skin', ' ', 'Impaired skin barrier', ' ', 'Redness', ' ', 'Radiance', ' ', 'Texture']",Safe
Endothelyol,,"Endothelyol is a skincare ingredient known for its potential anti-redness and anti-inflammatory properties. It is derived from a plant extract and is commonly used to help soothe and calm irritated skin, reducing redness and promoting a more even complexion.","Endothelyol offers benefits such as:
- Reduces Redness: Endothelyol helps to visibly reduce redness and inflammation in the skin, making it ideal for individuals with sensitive or reactive skin types.
- Anti-Inflammatory: It possesses potent anti-inflammatory properties, helping to soothe and calm irritated skin, minimizing discomfort and sensitivity.","[' ', 'Redness', ' ', 'Pregnancy']",Safe
Ethylhexyl Salicylate,,Ethylhexyl Salicylate is a synthetic sunscreen ingredient is used in sun care products to offer SPF protection to the skin. It is a colourless to light yellowish oily liquid and is able to absorb UVB radiation.,"Ethylhexyl Salicylate protects against UVB rays (280-320 nm) with a peak absorbance at 306 nm. It's not a strong filter in itself, it's always used in combination with other sunscreen agents to further enhance the SPF and to solubilise other solid UV filters.","[' ', 'UV Protection']",Safe
Ethyl Ascorbic Acid,,"Ethyl Ascorbic Acid is a stable, water- and oil-soluble derivative of pure vitamin C.","It is used in skincare to brighten, treat wrinkles, firm the skin, fade hyperpigmentation and offset numerous triggers of environmental damage.","[' ', 'Elasticity', ' ', 'Fine Lines', ' ', 'Radiance', ' ', 'Wrinkles']",Safe
Green Tea,,"Green tea extract is derived from the leaves of the Camellia sinensis plant. It is used in skincare for its powerful antioxidant, anti-inflammatory, and soothing properties.","Green tea  offers benefits such as:
- Provides potent antioxidant benefits, helping to neutralize free radicals and protect the skin from oxidative damage.
- Exhibits potential anti-inflammatory effects, assisting in calming redness and irritation on the skin.
- Can help soothe and alleviate skin conditions like acne and rosacea.
- Supports overall skin health and can contribute to a more radiant and even complexion.","[' ', 'Redness', ' ', 'Radiance', ' ', 'Pregnancy']",Safe
Glycosphingolipids,,"Essential lipids, also known as skin-identical lipids, are a group of natural fats (lipids) found in the outermost layer of the skin. They play a crucial role in maintaining the skin's barrier function and overall health.","Essential lipids offer benefits such as:
- Help strengthen the skin's natural barrier, improving its ability to retain moisture and nutrients.
- Support skin cell cohesion, promoting a smooth and even skin texture.
- Protect the skin from external irritants, pollutants, and allergens.
- Contribute to the skin's resilience and overall health, helping to prevent dryness and sensitivity.","[' ', 'Dry and dehydrated skin', ' ', 'Impaired skin barrier', ' ', 'Radiance', ' ', 'Pregnancy', ' ', 'Texture']",Safe
Glycoproteins,,"Essential lipids, also known as skin-identical lipids, are a group of natural fats (lipids) found in the outermost layer of the skin. They play a crucial role in maintaining the skin's barrier function and overall health.","Essential lipids offer benefits such as:
- Help strengthen the skin's natural barrier, improving its ability to retain moisture and nutrients.
- Support skin cell cohesion, promoting a smooth and even skin texture.
- Protect the skin from external irritants, pollutants, and allergens.
- Contribute to the skin's resilience and overall health, helping to prevent dryness and sensitivity.","[' ', 'Dry and dehydrated skin', ' ', 'Impaired skin barrier', ' ', 'Radiance', ' ', 'Pregnancy', ' ', 'Texture']",Safe
Glycolipids,,"Essential lipids, also known as skin-identical lipids, are a group of natural fats (lipids) found in the outermost layer of the skin. They play a crucial role in maintaining the skin's barrier function and overall health. ","Essential lipids offer benefits such as:
- Help strengthen the skin's natural barrier, improving It's ability to retain moisture and nutrients.
- Support skin cell cohesion, promoting a smooth and even skin texture.
- Protect the skin from external irritants, pollutants, and allergens.
- Contribute to the skin's resilience and overall health, helping to prevent dryness and sensitivity.","[' ', 'Dry and dehydrated skin', ' ', 'Impaired skin barrier']",Safe
Golden-Eye Grass Complex,,"An antioxidant and anti-inflammatory plant extract which has been shown to balance the pH of the skin, keeping the natural lipid barrier functioning at its best and therefore providing protection against environmental stressors.","Golden eye grass complex offers benefits such as:
- Provides antioxidant benefits, neutralising free radicals and preventing damage from environmental stressors.
- Improves skin barrier function.","[' ', 'Redness', ' ', 'Pregnancy']",Safe
Glycolic Acid,,"Glycolic acid is a type of alpha hydroxy acid (AHA) derived from sugarcane or synthesized from other natural sources. It is used in skincare for its potential exfoliating, brightening, and skin-renewing properties.","Glycolic acid offers benefits such as:
- Provides chemical exfoliation by dissolving dead skin cells on the skin's surface, promoting a smoother and more even skin texture.
- Assists in improving the appearance of fine lines, wrinkles, and hyperpigmentation by stimulating collagen production and skin cell turnover.
- Can help unclog pores and reduce the occurrence of acne and blackheads.
- Enhances the absorption and effectiveness of other skincare ingredients in products applied afterward.","[' ', 'Acne', ' ', 'Blackheads', ' ', 'Enlarged Pores', ' ', 'Fine Lines', ' ', 'Pigmentation', ' ', 'Post Blemish Marks', ' ', 'Radiance', ' ', 'Pregnancy', ' ', 'Texture']",Safe
Glycine,,"Glycine is present in the ""natural moisturising factors (NMFs)"" which moisturise and hydrate the skin. ","Glycine can improve the visible signs of aging, moisture retention, collagen production and regeneration.","[' ', 'Dry and dehydrated skin', ' ', 'Elasticity', ' ', 'Fine Lines', ' ', 'Pregnancy', ' ', 'Texture', ' ', 'Wrinkles']",Safe
Glyceryl Glucoside,,Glyceryl glucoside is a natural humectant and skin-conditioning agent derived from glucose (sugar) and glycerin. It is used in skincare for its excellent moisturizing and hydrating properties.,"Glyceryl glucoside offers benefits such as:
- Provides effective hydration by attracting and binding moisture to the skin, helping to keep it plump and moisturized.
- Supports the skin's natural barrier function, preventing water loss and improving its ability to retain moisture.
- Assists in improving the skin's elasticity and overall texture, leaving it soft and supple.
- Can enhance the spreadability and texture of skincare products, making them easier to apply and absorb.","[' ', 'Dry and dehydrated skin', ' ', 'Impaired skin barrier', ' ', 'Radiance', ' ', 'Pregnancy', ' ', 'Texture']",Safe
Gluconolactone,,Polyhydroxy Acids (PHAs) are a group of gentle chemical exfoliants used in skincare. They are milder alternatives to traditional alpha hydroxy acids (AHAs) and beta hydroxy acids (BHAs).,"PHAs offer benefits such as:
- Exfoliate the skin's surface, helping to remove dead skin cells and improve skin texture.
- Promote skin renewal and cell turnover, leading to a brighter and more even complexion.
- Provide hydration to the skin by attracting moisture, making them suitable for dry and sensitive skin types.
- Help enhance the skin's natural barrier function, improving its resilience and protection against environmental stressors.","[' ', 'Acne', ' ', 'Blackheads', ' ', 'Dry and dehydrated skin', ' ', 'Enlarged Pores', ' ', 'Fine Lines', ' ', 'Pigmentation', ' ', 'Post Blemish Marks', ' ', 'Radiance', ' ', 'Pregnancy', ' ', 'Texture']",Safe
EGCG,,"EGCG is a potent polyphenol and a type of catechin found in green tea leaves (Camellia sinensis). It is used in skincare for its potential antioxidant, anti-inflammatory, and skin-protective properties.","EGCG offers benefits such as:
- Provides powerful antioxidant benefits, helping to combat free radicals and reduce oxidative stress on the skin.
- Exhibits potential anti-inflammatory effects, assisting in calming redness and irritation.
- Can protect the skin from UV-induced damage, although it is not a substitute for sunscreen.
- May have a role in supporting collagen production, contributing to improved skin elasticity.","[' ', 'Dark Circles', ' ', 'Pregnancy']",Safe
Indian Gooseberry,,"Indian Gooseberry, also known as Amla (Emblica officinalis), is a fruit widely used in traditional Ayurvedic medicine and is known for its rich vitamin C content and various beneficial phytonutrients. Indian Gooseberry extract is used in skincare for its potential antioxidant, brightening, and skin-rejuvenating properties.","Indian gooseberry offers benefits such as:
- Provides potent antioxidant benefits, helping to neutralize free radicals and protect the skin from environmental damage.
- Assists in brightening the complexion by reducing the appearance of dark spots and hyperpigmentation.
- Can help improve overall skin texture and promote a more youthful appearance.","[' ', 'Redness', ' ', 'Pregnancy']",Safe
Hydroxypinacolone Retinoate,,"An ester of retinoic acid which binds directly to retinoid receptors in the body, without the need for conversion, making it an effective ester!","This ingredient is an antioxidant that stimulates collagen production, treating fine lines, wrinkles and a reduction of elasticity in the skin which can naturally come with aging.  It exfoliates the skin, unclogging  pores, helping treat acne and blemishes and improving the overall appearance of the skin making it smooth and supple. ","[' ', 'Acne', ' ', 'Blackheads', ' ', 'Elasticity', ' ', 'Enlarged Pores', ' ', 'Fine Lines', ' ', 'Pigmentation', ' ', 'Radiance', ' ', 'Texture', ' ', 'Wrinkles']",Safe
Hydrolyzed Pumpkin Seedcake,,"Hydrolyzed pumpkin seedcake is a complex of peptides and amino acids obtained from pumpkin seeds, which are rich in nutrients beneficial for the skin. It is used in skincare for its potential antioxidant, moisturizing, and skin-nourishing properties.","Hydrolyzed pumpkin seedcake offers benefits such as:
- Provides antioxidant benefits, helping to neutralize free radicals and protect the skin from oxidative damage.
- Offers moisturizing properties, assisting in keeping the skin hydrated and reducing water loss.
- Can support the skin's natural barrier function, contributing to improved skin elasticity and texture.
- Contains skin-nourishing properties, promoting overall skin health and a more radiant complexion.","[' ', 'Dry and dehydrated skin', ' ', 'Elasticity', ' ', 'Fine Lines', ' ', 'Impaired skin barrier', ' ', 'Redness', ' ', 'Pregnancy', ' ', 'Texture']",Safe
Hydrolyzed F-Fucoidan,,Hydrolyzed f-fucoidan is the hydrolysate of f-fucoidan derived by acid enzyme or other method of hydrolysis; f-fucoidan is derived from various species of algae and is comprised of sulfated esters of fucose.,Hydrolyzed f-fucoidan's antioxidant properties protects the skin from harmful effects of external factors on the skin.,"[' ', 'Dry and dehydrated skin', ' ', 'Fine Lines', ' ', 'Pregnancy', ' ', 'Wrinkles']",Safe
Homosalate,,"An oil-soluble synthetic sunscreen agent used in sun care to offer SPF protection to the skin. It is a UVB filter which is able to absorb wavelengths of light ranging from 295-315 nm, with a peak protection at 306 nm.","As with other synthetic UV filters, it works by absorbing UVB light in the outer layers of the epidermis, then converting it into heat (to neutralise the energy which can lead to cell damage), and scattering it away from the body. It is a liquid and is excellent for dissolving other hard to solubilise powder sunscreen agents, such as Avobenzone.","[' ', 'UV Protection']",Safe
Humectants,,"Humectants are a class of skincare ingredients known for their moisture-attracting properties. They play a vital role in skincare products by drawing and retaining water, helping to keep the skin hydrated and moisturized.","Humectants offer benefits such as:
- Provide hydration to the skin by attracting water and holding it on the skin's surface.
- Improve the skin's moisture retention abilities, helping to prevent dryness and maintain a healthy moisture balance.
- Enhance the effectiveness of other skincare ingredients by promoting better absorption and penetration into the skin.
- Can be used in various formulations to improve product texture and spreadability.","[' ', 'Dry and dehydrated skin', ' ', 'Fine Lines', ' ', 'Impaired skin barrier', ' ', 'Radiance', ' ', 'Pregnancy', ' ', 'Texture']",Safe
Hibiscus Fruit Extract,,Hibiscus fruit extract is a natural plant extract containing high levels of polyphenols which provide antioxidant protection against free radicals.,"Hibiscus fruit extract exhibits antioxidant properties, helping to neutralize free radicals and protect the skin from oxidative damage.","[' ', 'Pregnancy']",Safe
Horse Chestnut,,"Horse chestnut extract is derived from the seeds of the horse chestnut tree (Aesculus hippocastanum). It is used in skincare for its potential anti-inflammatory, vasoconstrictive, and skin-conditioning properties.","Horse chestnut offers benefits such as:
- Exhibits anti-inflammatory properties, assisting in calming redness and irritation on the skin.
- Can help constrict blood vessels, making it beneficial for products targeting the appearance of spider veins or varicose veins.
- Exhibits antioxidant properties which help to prevent and treat environmental damage.","[' ', 'Redness', ' ', 'Pregnancy']",Safe
Heptapeptide-15 Palmitate,,"Many peptides function as anti-ageing ingredients in skincare, due to their ability to fit specific receptors in the body to trigger anti-ageing responses. This includes mechanisms like collagen production, cell regeneration or even blocking muscle contractions to smooth expression lines.","Used in skincare to treat fine lines, wrinkles and improve the skin's elasticity.","[' ', 'Elasticity', ' ', 'Fine Lines', ' ', 'Pregnancy', ' ', 'Wrinkles']",Safe
Guarana Extract,,An antioxidant plant extract which helps to protect the skin from free radical damage.,"Guarana extract offers benefits such as:
- Provides an energizing effect when applied topically, making it beneficial for products targeting tired or dull-looking skin.
- Exhibits antioxidant properties, helping to neutralize free radicals and protect the skin from oxidative damage.
- Assists in improving the appearance of skin.","[' ', 'Pregnancy']",Safe
Histidine,,"Histidine is present in the ""natural moisturising factors (NMFs)"" which moisturise and hydrate the skin. ","Rich in antioxidant properties, histidine can provide protection to the skin from any harm caused by free radicals your skin comes into contact throughout the day.","[' ', 'Dry and dehydrated skin', ' ', 'Impaired skin barrier', ' ', 'Redness', ' ', 'Pregnancy', ' ', 'Texture']",Safe
Lecithin,,"Essential lipids, also known as skin-identical lipids, are a group of natural fats (lipids) found in the outermost layer of the skin. They play a crucial role in maintaining the skin's barrier function and overall health.","Essential lipids offer benefits such as:
- Help strengthen the skin's natural barrier, improving its ability to retain moisture and nutrients.
- Support skin cell cohesion, promoting a smooth and even skin texture.
- Protect the skin from external irritants, pollutants, and allergens.
- Contribute to the skin's resilience and overall health, helping to prevent dryness and sensitivity.","[' ', 'Dry and dehydrated skin', ' ', 'Impaired skin barrier', ' ', 'Radiance', ' ', 'Pregnancy', ' ', 'Texture']",Safe
L-Carnitine,,"An amino acid which has been shown to provide an 8H anti-shine effect to the skin. Research also shows that with 28 days continued use, this ingredient can actually reduce sebum production by 28%.","L-Carnitine offers benefits such as:
- Provides antioxidant benefits, helping to neutralize free radicals and protect the skin from environmental stressors.
- Assists in promoting skin renewal, contributing to a more rejuvenated and refreshed appearance.
- Can help soothe and calm irritated or sensitive skin, making it suitable for skincare products designed to address redness or inflammation.
- Supports overall skin health, contributing to a more balanced and radiant complexion.","[' ', 'Acne', ' ', 'Blackheads', ' ', 'Enlarged Pores', ' ', 'Pregnancy']",Safe
Lactobionic Acid,,Polyhydroxy Acids (PHAs) are a group of gentle chemical exfoliants used in skincare. They are milder alternatives to traditional alpha hydroxy acids (AHAs) and beta hydroxy acids (BHAs).,"PHAs offer benefits such as:
- Exfoliate the skin's surface, helping to remove dead skin cells and improve skin texture.
- Promote skin renewal and cell turnover, leading to a brighter and more even complexion.
- Provide hydration to the skin by attracting moisture, making them suitable for dry and sensitive skin types.
- Help enhance the skin's natural barrier function, improving its resilience and protection against environmental stressors.","[' ', 'Acne', ' ', 'Blackheads', ' ', 'Dry and dehydrated skin', ' ', 'Enlarged Pores', ' ', 'Fine Lines', ' ', 'Pigmentation', ' ', 'Post Blemish Marks', ' ', 'Radiance', ' ', 'Texture']",Safe
L-Ascorbic Acid,,"L-ascorbic acid is Vitamin C in its purest form, and the active form required by the body to result in the many skin skin benefits of Vitamin C.","It is used in skincare to brighten, treat wrinkles, firm the skin, fade hyperpigmentation and offset numerous triggers of environmental damage.","[' ', 'Elasticity', ' ', 'Fine Lines', ' ', 'Pigmentation', ' ', 'Radiance', ' ', 'Pregnancy', ' ', 'Wrinkles']",Safe
Laminaria Ochroleuca (Kelp) Extract,,A type of brown seaweed. It's native to Japan and is used as food in many Asian countries.,"Laminaria Ochroleuca Extract offers anti-ageing benefits, partly due to antioxidant content","[' ', 'Dry and dehydrated skin', ' ', 'Fine Lines', ' ', 'Pregnancy', ' ', 'Wrinkles']",Safe
Lactococcus Ferment Lysate,,"Probiotics are live beneficial microorganisms that provide various health benefits when applied to the skin. In skincare products, probiotics are used to support the skin's microbiome and promote overall skin health.","Probiotics offer benefits such as:
- Help maintain a balanced and healthy skin microbiome by supporting the growth of beneficial bacteria.
- Strengthen the skin's natural defense against harmful bacteria, reducing the risk of skin issues like acne and inflammation.
- Enhance the skin's barrier function, improving its resilience and protection against environmental stressors.
- Have soothing properties, helping to calm and alleviate skin irritation and redness.","[' ', 'Acne', ' ', 'Blackheads', ' ', 'Redness', ' ', 'Pregnancy']",Safe
Lactic Acid,,"Lactic acid belongs to the family of alpha hydroxy acids, which are water-soluble acids known for their ability to gently exfoliate the skin.","Lactic acid offers benefits such as:
- Acts as an exfoliant, helping to remove dead skin cells from the skin's surface, promoting a smoother and more even skin texture.
- Supports the skin's natural moisture retention, providing hydration and improving the skin's barrier function.
- Assists in reducing the appearance of fine lines, wrinkles, and hyperpigmentation.
- Can help brighten the complexion, revealing a more radiant and youthful appearance.","[' ', 'Acne', ' ', 'Blackheads', ' ', 'Dry and dehydrated skin', ' ', 'Enlarged Pores', ' ', 'Fine Lines', ' ', 'Pigmentation', ' ', 'Radiance', ' ', 'Pregnancy', ' ', 'Texture']",Safe
Lactobacillus Ferment,,"Probiotics are live beneficial microorganisms that provide various health benefits when applied to the skin. In skincare products, probiotics are used to support the skin's microbiome and promote overall skin health.","Probiotics offer benefits such as:
- Help maintain a balanced and healthy skin microbiome by supporting the growth of beneficial bacteria.
- Strengthen the skin's natural defense against harmful bacteria, reducing the risk of skin issues like acne and inflammation.
- Enhance the skin's barrier function, improving It's resilience and protection against environmental stressors.
- Have soothing properties, helping to calm and alleviate skin irritation and redness.","[' ', 'Acne', ' ', 'Blackheads', ' ', 'Redness', ' ', 'Pregnancy']",Safe
Lactobacillus Extract Filtrate,,"Prebiotics are a type of non-digestible dietary fiber used in skincare products to support the skin's microbiome, which consists of beneficial bacteria that contribute to skin health.","Prebiotics offer benefits such as:
- Help maintain a balanced and healthy skin microbiome by promoting the growth of beneficial bacteria.
- Support the skin's natural defenses against harmful microorganisms, contributing to overall skin health.
- Enhance the skin's barrier function, reducing moisture loss and improving hydration.
- Can have a calming effect on the skin, helping to soothe and alleviate inflammation and irritation.","[' ', 'Acne', ' ', 'Blackheads', ' ', 'Redness', ' ', 'Pregnancy']",Safe
Jojoba Oil,,"Jojoba oil is a natural liquid wax obtained from the seeds of the jojoba plant (Simmondsia chinensis). It is a versatile skincare ingredient known for its moisturizing, nourishing, and skin-balancing properties.","Jojoba oil offers benefits such as:
- Provides excellent moisturization by forming a protective barrier on the skin, preventing water loss and maintaining skin hydration.
- Assists in balancing the skin's natural oil production, making it suitable for both dry and oily skin types.
- Contains skin-nourishing properties, delivering essential fatty acids and vitamins to support overall skin health.","[' ', 'Dry and dehydrated skin', ' ', 'Impaired skin barrier', ' ', 'Radiance', ' ', 'Pregnancy', ' ', 'Texture']",Safe
Kola Seed Extract,,An antioxidant plant extract which helps to protect the skin from free radical damage.,"Kpla seed extract offers benefits such as:
- Provides antioxidant benefits, helping to neutralize free radicals and protect the skin from environmental damage.","[' ', 'Pregnancy']",Safe
Jeju Green Tea Water,,"Jeju Green Tea Water is a skincare ingredient derived from the water extracted from green tea leaves grown on Jeju Island in South Korea. Jeju Island is known for its pristine natural environment, which contributes to the exceptional quality of green tea produced there.","Jeju green tea water offers benefits such as:
- Provides antioxidant benefits, helping to combat free radicals and protect the skin from environmental stressors.
- Assists in soothing and calming the skin, reducing redness and irritation.
- Offers lightweight hydration to the skin, maintaining moisture balance and promoting a refreshed appearance.
- Can contribute to a more radiant and revitalized complexion.","[' ', 'Dry and dehydrated skin', ' ', 'Redness', ' ', 'Pregnancy', ' ', 'Texture']",Safe
Kojic Acid,,"Kojic acid is a naturally derived compound derived from certain fungi, particularly Aspergillus oryzae, and is commonly used in skincare for its skin-brightening and lightening properties.","Kojic acid offers benefits such as:

- Acts as a skin-brightening agent, helping to fade dark spots, age spots, and other forms of hyperpigmentation.
- Supports an even skin tone, making it beneficial for individuals with sun damage or post-inflammatory hyperpigmentation.
- May enhance the effectiveness of other skin-lightening ingredients when used in combination.","[' ', 'Pigmentation', ' ', 'Post Blemish Marks', ' ', 'Radiance', ' ', 'Pregnancy']",Safe
Isoleucine,,"Isoleucine is present in the ""natural moisturising factors (NMFs)"" which moisturise and hydrate the skin. ",Helps support the skin barrier and protect against external aggressors. It's great for Dehydrated skin and helping to skin feel smooth and supple.,"[' ', 'Dry and dehydrated skin', ' ', 'Pregnancy', ' ', 'Texture']",Safe
Jojoba Beads,,"Jojoba beads are tiny, smooth spheres made from solidified jojoba oil. They are biodegradable and considered environmentally friendly compared to traditional plastic microbeads.","Jojoba beads offer benefits such as:
- Provide gentle exfoliation by effectively removing dead skin cells, impurities, and excess oil from the skin's surface.
- Promote a smoother and more even skin texture, revealing a fresh and radiant complexion.","[' ', 'Radiance', ' ', 'Pregnancy', ' ', 'Texture']",Safe
Macrocystis Pyrifera (Kelp) Extract,,"Macrocystis Pyrifera Extract is an extract of a giant brown seaweed, Macrocystis Pyrifera, found in the Antarctic.","Macrocystis pyrifera extract's primary value in skin care comes from its antioxidant properties. It is great for Anti-Aging, Soothing, Hydration.","[' ', 'Dry and dehydrated skin', ' ', 'Fine Lines', ' ', 'Pregnancy', ' ', 'Wrinkles']",Safe
Magnesium Sulfate,,"Magnesium sulfate, also known as Epsom salt, is a naturally occurring mineral compound used in skincare for its potential soothing and anti-inflammatory properties.","Magnesium sulfate offers benefits such as:
- Provides soothing benefits, helping to calm and relieve muscle soreness and tension when used in baths or soak treatments.
- Acts as a gentle exfoliant, aiding in the removal of dead skin cells and promoting a smoother skin texture.","[' ', 'Redness', ' ', 'Pregnancy']",Safe
Magnesium Ascorbyl Phosphate,,"Magnesium ascorbyl phosphate is a water-soluble, medium-strength, derivative of Vitamin C.",Used to help brighten the skin and treat fine lines and wrinkles. It is a gentler ingredients than some of the other ingredients in the class of Vitamin C and can help those who are more sensitive.,"[' ', 'Fine Lines', ' ', 'Radiance', ' ', 'Wrinkles']",Safe
Lysine,,"Lysine  is present in the ""natural moisturising factors (NMFs)"" which moisturise and hydrate the skin. ","Lysine will soothe redness, treat fine lines, wrinkles and promote elasticity in the skin. ","[' ', 'Dry and dehydrated skin', ' ', 'Elasticity', ' ', 'Fine Lines', ' ', 'Redness', ' ', 'Pregnancy', ' ', 'Texture', ' ', 'Wrinkles']",Safe
Lily Extract,,Botanical extract used in skincare for its antioxidant and skin-smoothing properties.,"Lily extract offers benefits such as:
- Provides soothing benefits, helping to calm and reduce redness or irritation in the skin.
- Assists in maintaining skin hydration, contributing to a more supple and moisturized complexion.
- Provides antioxidant benefits to prevent and treat environmental damage.","[' ', 'Pregnancy']",Safe
Luffa Cylindrica Extract,,Luffa Cylindrica extract is a natural plant extract which provides antioxidant protection against free radicals.,"Luffa cylindrica extract offers benefits such as:
- Provides gentle exfoliation, helping to remove dead skin cells, dirt, and impurities from the skin's surface.
- Can help improve skin texture and promote a smoother, more refined appearance.","[' ', 'Pregnancy']",Safe
Linolenic Acid,,"Essential lipids, also known as skin-identical lipids, are a group of natural fats (lipids) found in the outermost layer of the skin. They play a crucial role in maintaining the skin's barrier function and overall health.","Essential lipids offer benefits such as:
- Help strengthen the skin's natural barrier, improving It's ability to retain moisture and nutrients.
- Support skin cell cohesion, promoting a smooth and even skin texture.
- Protect the skin from external irritants, pollutants, and allergens.
- Contribute to the skin's resilience and overall health, helping to prevent dryness and sensitivity.","[' ', 'Dry and dehydrated skin', ' ', 'Impaired skin barrier', ' ', 'Radiance', ' ', 'Pregnancy', ' ', 'Texture']",Safe
Linoleic Acid,,"Essential lipids, also known as skin-identical lipids, are a group of natural fats (lipids) found in the outermost layer of the skin. They play a crucial role in maintaining the skin's barrier function and overall health.","Essential lipids offer benefits such as:
- Help strengthen the skin's natural barrier, improving It's ability to retain moisture and nutrients.
- Support skin cell cohesion, promoting a smooth and even skin texture.
- Protect the skin from external irritants, pollutants, and allergens.
- Contribute to the skin's resilience and overall health, helping to prevent dryness and sensitivity.","[' ', 'Dry and dehydrated skin', ' ', 'Impaired skin barrier', ' ', 'Radiance', ' ', 'Pregnancy', ' ', 'Texture']",Safe
Leucine,,"Leucine is present in the ""natural moisturising factors (NMFs)"" which moisturise and hydrate the skin.",This anti-aging amino acid is found to help regenerate and its antioxidant properties help protect the skin in the process.,"[' ', 'Dry and dehydrated skin', ' ', 'Elasticity', ' ', 'Fine Lines', ' ', 'Impaired skin barrier', ' ', 'Pregnancy', ' ', 'Texture', ' ', 'Wrinkles']",Safe
Licorice Extract,,"Licorice extract is derived from the root of the licorice plant (glycyrrhiza glabra) and is a popular skincare ingredient known for its potential anti-inflammatory, skin-brightening, and soothing properties. Licorice extract contains active compounds such as glycyrrhizin, glabridin, and liquiritin, which contribute to its skincare benefits.","Licorice root extract offers benefits such as:
- Provides anti-inflammatory benefits, helping to calm and reduce redness or irritation in the skin.
- Acts as a skin-brightening agent, helping to fade dark spots, hyperpigmentation, and even out the skin tone.
- Can help soothe and alleviate sensitive or reactive skin.
- Supports overall skin health, contributing to a more balanced and rejuvenated complexion.","[' ', 'Pigmentation', ' ', 'Post Blemish Marks', ' ', 'Redness', ' ', 'Radiance', ' ', 'Pregnancy']",Safe
Natural Moisturising Factors,,"Natural Moisturizing Factors (NMFs) are a group of naturally occurring substances found in the skin's outermost layer, the stratum corneum. They play a crucial role in maintaining the skin's hydration and barrier function.","NMFs offer benefits such as:
- Provide essential hydration to the skin, attracting and retaining moisture from the environment.
- Help maintain the skin's barrier function, preventing excessive water loss and protecting against external irritants.
- Contribute to the suppleness and smoothness of the skin's surface.
- Play a vital role in the overall health and appearance of the skin.","[' ', 'Dry and dehydrated skin', ' ', 'Impaired skin barrier', ' ', 'Redness', ' ', 'Radiance', ' ', 'Texture']",Safe
Licochalcone A,,"Derived from licorice, this ingredient has shown to protect skin against damage from high energy visible light (HEVIS), and is more effective at this than some of the most established antioxidant ingredients (including vitamin C!)","Licochalcone A offers benefits such as:
- Acts as an antioxidant, protecting the skin from oxidative stress caused by free radicals.
- Can help improve the appearance of uneven skin tone and reduce redness or discoloration.
- Supports overall skin health, contributing to a more balanced and radiant complexion.","[' ', 'Pregnancy']",Safe
Naringenin Chalcone,,"A plant polyphenol that occurs naturally in the skin of citrus fruits, this works to calm reactive skin as well as reduce associated redness.","Naringenin Chalcone offers benefits such as:
- Provides antioxidant benefits, helping to neutralize free radicals and protect the skin from environmental damage.
- Acts as an anti-inflammatory agent, helping to soothe and calm irritated or inflamed skin.
- Can help improve the appearance of uneven skin tone and promote a brighter complexion.","[' ', 'Impaired skin barrier', ' ', 'Redness', ' ', 'Pregnancy']",Safe
Myristoyl Nonapeptide,,"Many peptides function as anti-ageing ingredients in skincare, due to their ability to fit specific receptors in the body to trigger anti-ageing responses. This includes mechanisms like collagen production, cell regeneration or even blocking muscle contractions to smooth expression lines.","Used in skincare to treat fine lines, wrinkles and improve the skin's elasticity.","[' ', 'Elasticity', ' ', 'Fine Lines', ' ', 'Pregnancy', ' ', 'Wrinkles']",Safe
Myristol Pentapeptide,,"Many peptides function as anti-ageing ingredients in skincare, due to their ability to fit specific receptors in the body to trigger anti-ageing responses. This includes mechanisms like collagen production, cell regeneration or even blocking muscle contractions to smooth expression lines.","Used in skincare to treat fine lines, wrinkles and improve the skin's elasticity.","[' ', 'Elasticity', ' ', 'Fine Lines', ' ', 'Pregnancy', ' ', 'Wrinkles']",Safe
Milk Thistle Extract,,"Milk thistle extract is used in skincare for its soothing and skin-restoring abilities, as well as its antioxidant abilities. It can also be known silybum marianum (milk thistle) fruit extract, silybum marianum extract or silybum marianum fruit extract.","Milk thistle extract offers benefits such as:
- Provides antioxidant benefits, helping to neutralize free radicals and protect the skin from environmental damage.
- Acts as an anti-inflammatory agent, helping to soothe and calm irritated or inflamed skin.","[' ', 'Impaired skin barrier', ' ', 'Redness', ' ', 'Pregnancy']",Safe
Myristol Hexapeptide,,"Many peptides function as anti-ageing ingredients in skincare, due to their ability to fit specific receptors in the body to trigger anti-ageing responses. This includes mechanisms like collagen production, cell regeneration or even blocking muscle contractions to smooth expression lines.","Used in skincare to treat fine lines, wrinkles and improve the skin's elasticity.","[' ', 'Elasticity', ' ', 'Fine Lines', ' ', 'Pregnancy', ' ', 'Wrinkles']",Safe
Mushroom Extract,,Mushroom Extract is used in skincare to naturally brighten the skin and reduce hyperpigmentation.,"Mushroom extracts offer benefits such as:
- Provide anti-inflammatory benefits, helping to soothe and calm irritated or sensitive skin.
- Act as antioxidants, protecting the skin from oxidative stress and environmental damage caused by free radicals.
- Can help improve the appearance of uneven skin tone and reduce redness or discoloration.","[' ', 'Pigmentation', ' ', 'Pregnancy']",Safe
Moringa Seed Extract,,"Moringa seeds contain a wealth of over 30 antioxidants, helping to provide protection against free radical damage. It also contains Vitamins A, C, and E, and is thought to have skin soothing abilities.","Moringa seed extract offers benefits such as:
- Provides nourishment and hydration to the skin, helping to maintain its moisture balance.
- Acts as an antioxidant, protecting the skin from free radicals and environmental stressors.
- Can help improve the appearance of fine lines and wrinkles, contributing to a more youthful complexion.","[' ', 'Dry and dehydrated skin', ' ', 'Impaired skin barrier', ' ', 'Redness', ' ', 'Radiance', ' ', 'Pregnancy', ' ', 'Texture']",Safe
Marshmallow Root,,"Marshmallow root extract is derived from the root of the marshmallow plant (Althaea officinalis). In skincare, it is used for its potential soothing, hydrating, and skin-conditioning properties.","Marshmallow root offers benefits such as:
- Provides excellent hydration and moisture retention, helping to keep the skin soft and supple.
- Assists in soothing and calming irritated or inflamed skin, making it beneficial for sensitive or reactive skin types.
- Can help alleviate dryness and discomfort associated with skin conditions like eczema and psoriasis.","[' ', 'Redness', ' ', 'Pregnancy']",Safe
Mineral UV Filters,,"Mineral UV filters, also known as physical or inorganic UV filters, are naturally occurring mineral compounds used in sunscreens for their ability to provide broad-spectrum sun protection. The available mineral UV filters are Zinc Oxide and Titanium Dioxide.","Mineral UV filters offer benefits such as:
- Provide broad-spectrum protection against UVA and UVB rays, effectively shielding the skin from sunburn and premature aging.
- Form a protective layer on the skin's surface, preventing UV rays from penetrating into the deeper layers of the skin.","[' ', 'Anyone']",Safe
Meadowfoam Seed Oil,,"This is a lightweight plant oil which acts as an emollient in skincare. This means is supports the natural lipid-barrier, to help keep water from being lost through the skin. This make is an effective moisturising ingredient.","Meadowfoam seed oil offers benefits such as:
- Provides superior and long-lasting moisturization, helping to lock in moisture and prevent water loss from the skin.
- Nourishes and softens the skin, leaving it feeling smooth and velvety.
- Assists in forming a protective barrier on the skin's surface, shielding it from environmental stressors and pollutants.
- Supports overall skin health, promoting a more radiant and healthy complexion.","[' ', 'Dry and dehydrated skin', ' ', 'Radiance', ' ', 'Pregnancy', ' ', 'Texture']",Safe
Marine Extract,,"Marine extracts act as humectants in the skin, revealing a supple, smooth, and youthful surface.","Marine extract has anti-aging properties that will help achieve a radiant and smooth surface, and healthy appearance. ","[' ', 'Dry and dehydrated skin', ' ', 'Fine Lines', ' ', 'Pregnancy', ' ', 'Wrinkles']",Safe
Mango Seed Butter,,"Mango seed butter is an effective emollient in skincare. It has a rich, nourishing texture which helps to support the natural lipid barrier to prevent water loss and increase moisture in the skin.","Mango seed butter offers benefits such as:
- Provides deep and long-lasting moisturization, helping to restore and maintain the skin's natural barrier function.
- Nourishes and softens the skin, leaving it feeling smooth and supple.
- Assists in improving skin elasticity, making it beneficial for mature or dry skin.","[' ', 'Dry and dehydrated skin', ' ', 'Pregnancy']",Safe
Palmitoyl Oligopeptide,,"Many peptides function as anti-ageing ingredients in skincare, due to their ability to fit specific receptors in the body to trigger anti-ageing responses. This includes mechanisms like collagen production, cell regeneration or even blocking muscle contractions to smooth expression lines.","Used in skincare to treat fine lines, wrinkles and improve the skin's elasticity.","[' ', 'Elasticity', ' ', 'Fine Lines', ' ', 'Pregnancy', ' ', 'Wrinkles']",Safe
Mandelic Acid,,"Mandelic acid is an alpha hydroxy acid (AHA) derived from bitter almonds. In skincare, it is used for its exfoliating, skin-brightening, and anti-aging properties.","Mandelic acid offers benefits such as:
- Provides gentle exfoliation, helping to remove dead skin cells and promote a smoother and more even skin texture.
- Acts as a skin-brightening agent, helping to fade dark spots, hyperpigmentation, and improve skin tone.
- Can help improve the appearance of fine lines and wrinkles, contributing to a more youthful and plump complexion.","[' ', 'Acne', ' ', 'Blackheads', ' ', 'Enlarged Pores', ' ', 'Fine Lines', ' ', 'Pigmentation', ' ', 'Post Blemish Marks', ' ', 'Radiance', ' ', 'Texture']",Safe
Palmitoyl Nonapeptide,,"Many peptides function as anti-ageing ingredients in skincare, due to their ability to fit specific receptors in the body to trigger anti-ageing responses. This includes mechanisms like collagen production, cell regeneration or even blocking muscle contractions to smooth expression lines.","Used in skincare to treat fine lines, wrinkles and improve the skin's elasticity.","[' ', 'Elasticity', ' ', 'Fine Lines', ' ', 'Pregnancy', ' ', 'Wrinkles']",Safe
Palmitoyl Pentapeptide,,"Many peptides function as anti-ageing ingredients in skincare, due to their ability to fit specific receptors in the body to trigger anti-ageing responses. This includes mechanisms like collagen production, cell regeneration or even blocking muscle contractions to smooth expression lines.","Used in skincare to treat fine lines, wrinkles and improve the skin's elasticity.","[' ', 'Elasticity', ' ', 'Fine Lines', ' ', 'Pregnancy', ' ', 'Wrinkles']",Safe
Palmitoyl Glycine,,"Palmitoyl Glycine is a peptide-based skincare ingredient derived from a combination of the amino acid glycine and palmitic acid, a fatty acid. In skincare, it is used for its potential anti-aging and skin-soothing properties.","Palmitoyl glycine offers benefits such as:
- Promotes skin firmness and elasticity by stimulating the production of collagen and other skin-supporting proteins.
- Helps reduce the appearance of fine lines and wrinkles, contributing to a smoother and more youthful complexion.
- Soothes and calms irritated skin, helping to improve skin comfort and reduce redness.
- Supports the skin's natural renewal process, promoting a healthier and revitalized appearance.","[' ', 'Elasticity', ' ', 'Fine Lines', ' ', 'Pregnancy', ' ', 'Wrinkles']",Safe
Palmitoyl Heptapeptide,,"Many peptides function as anti-ageing ingredients in skincare, due to their ability to fit specific receptors in the body to trigger anti-ageing responses. This includes mechanisms like collagen production, cell regeneration or even blocking muscle contractions to smooth expression lines.","Used in skincare to treat fine lines, wrinkles and improve the skin's elasticity.","[' ', 'Elasticity', ' ', 'Fine Lines', ' ', 'Pregnancy', ' ', 'Wrinkles']",Safe
Octocrylene,,An oil-soluble synthetic sunscreen agent that protects skin in the UVB and somewhat in the UVA II range. It will be found in sun care products in combination with other UV filter ingredients in order to provide broad-spectrum protection to the skin.,"As with other synthetic UV filters, it works by absorbing UVB light in the outer layers of the epidermis, then converting it into heat (to neutralise the energy which can lead to cell damage), and scattering it away from the body.","[' ', 'UV Protection']",Safe
Palmitoyl Decapeptide,,"Many peptides function as anti-ageing ingredients in skincare, due to their ability to fit specific receptors in the body to trigger anti-ageing responses. This includes mechanisms like collagen production, cell regeneration or even blocking muscle contractions to smooth expression lines.","Used in skincare to treat fine lines, wrinkles and improve the skin's elasticity.","[' ', 'Elasticity', ' ', 'Fine Lines', ' ', 'Pregnancy', ' ', 'Wrinkles']",Safe
Oligopeptide,,"Many peptides function as anti-ageing ingredients in skincare, due to their ability to fit specific receptors in the body to trigger anti-ageing responses. This includes mechanisms like collagen production, cell regeneration or even blocking muscle contractions to smooth expression lines.","Used in skincare to treat fine lines, wrinkles and improve the skin's elasticity.","[' ', 'Elasticity', ' ', 'Fine Lines', ' ', 'Pregnancy', ' ', 'Wrinkles']",Safe
Padina Pavonica Thallus Extract,,"Is a brown algae native to the Mediterranean coast. It is rich in polysaccharides, which provide humectant properties, meaning they can draw water molecules to them to plump & hydrate the surrounding area.","Shown to have anti-pollution effects, protecting skin against free radicals.","[' ', 'Dry and dehydrated skin', ' ', 'Fine Lines', ' ', 'Pregnancy', ' ', 'Wrinkles']",Safe
Oat Extract,,"Oat extract is derived from the seeds of the oat plant (Avena sativa). In skincare, it is used for its potential soothing, moisturizing, and anti-inflammatory properties.","Oat extract offers benefits such as:
- Soothes and calms irritated or sensitive skin, providing relief from itching and redness.
- Provides excellent hydration to the skin, helping to retain moisture and improve skin barrier function.
- Acts as an anti-inflammatory agent, reducing skin inflammation and promoting a more balanced complexion.","[' ', 'Dry and dehydrated skin', ' ', 'Impaired skin barrier', ' ', 'Redness', ' ', 'Pregnancy', ' ', 'Texture']",Safe
Octisalate,,"A colorless to light yellowish oily liquid that works as a UVB filter in sun care products to provide SPF protection to the skin. As it only protects against UVB wavelengths, it must be used in combination with other UV filters to provide broad-spectrum protection.","As with other synthetic UV filters, it works by absorbing UVB light in the outer layers of the epidermis, then converting it into heat (to neutralise the energy which can lead to cell damage), and scattering it away from the body.","[' ', 'UV Protection']",Safe
Octinoxate,,"A clear, oil-soluble, liquid and one of the most commonly used synthetic sunscreen ingredients. It protects against UVB light therefore offering SPF protection to the skin.","As with other synthetic UV filters, it works by absorbing UVB light in the outer layers of the epidermis, then converting it into heat (to neutralise the energy which can lead to cell damage), and scattering it away from the body. It is only able to block against wavelengths of UVB light (290-320 nm), so needs to be used in conjunction with other UVA filters in order to offer broad-spectrum sun protection.","[' ', 'UV Protection']",Safe
Polyhydroxy Acids,,Polyhydroxy Acids (PHAs) are a group of gentle chemical exfoliants used in skincare. They are milder alternatives to traditional alpha hydroxy acids (AHAs) and beta hydroxy acids (BHAs).,"PHAs offer benefits such as:
- Exfoliate the skin's surface, helping to remove dead skin cells and improve skin texture.
- Promote skin renewal and cell turnover, leading to a brighter and more even complexion.
- Provide hydration to the skin by attracting moisture, making them suitable for dry and sensitive skin types.
- Help enhance the skin's natural barrier function, improving its resilience and protection against environmental stressors.","[' ', 'Acne', ' ', 'Blackheads', ' ', 'Dry and dehydrated skin', ' ', 'Enlarged Pores', ' ', 'Fine Lines', ' ', 'Pigmentation', ' ', 'Post Blemish Marks', ' ', 'Radiance', ' ', 'Texture']",Safe
Porphyridium Cruentum Extract,,"A type of red algae rich in polysaccharides, which helps to retain moisture and hydrate the skin.",Helps to moisturise the skin with some benefits including the treatment of wrinkles and fine lines.,"[' ', 'Dry and dehydrated skin', ' ', 'Fine Lines', ' ', 'Pregnancy', ' ', 'Wrinkles']",Safe
Polyporus Umbellatus (Mushroom) Extract,,"Polyporus umbellatus (mushroom) is a species of medicinal mushroom, typically found growing on roots of old beeches or oak. It has been used for centuries in Chinese medicine, and has more recently been adopted for use in cosmetics due to its skin brightening properties.","Polyporus umbellatus (mushroom) extract contains naturally occurring kojic acid, which is a known tyrosinase inhibitor. Tyrosinase in an enzyme involved in the production of melanin in our skin, so ingredients that can inhibit this enzyme, can in turn reduce the over-production of melanin and fade visible areas of hyperpigmentation. Polyporus umbellatus extract also has antioxidant properties to protect the skin from free radicals.",[],Safe
Phytic Acid,,"Phytic acid is a naturally occurring compound found in plant-based foods. In skincare, it is used for its potential exfoliating and antioxidant properties.","Phytic acid offers benefits such as:
- Acts as a gentle exfoliant, helping to remove dead skin cells and promote skin renewal.
- Has antioxidant properties, helping to neutralize free radicals and protect the skin from environmental damage.
- Can help improve the appearance of uneven skin tone and hyperpigmentation.
- Assists in enhancing the penetration of other skincare ingredients, making it a valuable addition to certain formulations.","[' ', 'Acne', ' ', 'Blackheads', ' ', 'Enlarged Pores']",Safe
Plankton Extract,,Plankton is an extract of marine plankton and comes as a colorless or light yellow liquid with a characteristic odor.,"It promotes elasticity in the skin, and cell regeneration. It hydrates the skin and is a great antioxidant to protect against free radicals and pollutants.","[' ', 'Dry and dehydrated skin', ' ', 'Fine Lines', ' ', 'Pregnancy', ' ', 'Wrinkles']",Safe
Perfluorodecalin,,Perfluorodecalin is a synthetic fluorinated liquid that is used in cosmetics for its unique properties related to oxygen and gas exchange.,"Perfluorodecalin offers benefits such as:
- Enhances oxygen delivery to the skin, promoting improved skin metabolism and overall skin health.
- Acts as an oxygen carrier, helping to increase oxygen levels in the skin and improve skin tissue oxygenation.
- Assists in the removal of carbon dioxide and other waste gases from the skin, promoting detoxification.
- Helps create a temporary plumping effect on the skin, reducing the appearance of fine lines and wrinkles.","[' ', 'Acne', ' ', 'Blackheads', ' ', 'Redness', ' ', 'Radiance']",Safe
Phytosphingosine,,"Essential lipids, also known as skin-identical lipids, are a group of natural fats (lipids) found in the outermost layer of the skin. They play a crucial role in maintaining the skin's barrier function and overall health.","Essential lipids offer benefits such as:
- Help strengthen the skin's natural barrier, improving its ability to retain moisture and nutrients.
- Support skin cell cohesion, promoting a smooth and even skin texture.
- Protect the skin from external irritants, pollutants, and allergens.
- Contribute to the skin's resilience and overall health, helping to prevent dryness and sensitivity.","[' ', 'Dry and dehydrated skin', ' ', 'Impaired skin barrier', ' ', 'Radiance', ' ', 'Pregnancy', ' ', 'Texture']",Safe
Phospholipids,,"Essential lipids, also known as skin-identical lipids, are a group of natural fats (lipids) found in the outermost layer of the skin. They play a crucial role in maintaining the skin's barrier function and overall health.","Essential lipids offer benefits such as:
- Help strengthen the skin's natural barrier, improving It's ability to retain moisture and nutrients.
- Support skin cell cohesion, promoting a smooth and even skin texture.
- Protect the skin from external irritants, pollutants, and allergens.
- Contribute to the skin's resilience and overall health, helping to prevent dryness and sensitivity.","[' ', 'Dry and dehydrated skin', ' ', 'Impaired skin barrier', ' ', 'Radiance', ' ', 'Pregnancy', ' ', 'Texture']",Safe
Palmitoyl  Tripeptide-1,,"Many peptides function as anti-ageing ingredients in skincare, due to their ability to fit specific receptors in the body to trigger anti-ageing responses. This includes mechanisms like collagen production, cell regeneration or even blocking muscle contractions to smooth expression lines.","Used in skincare to treat fine lines, wrinkles and improve the skin's elasticity.","[' ', 'Elasticity', ' ', 'Fine Lines', ' ', 'Pregnancy', ' ', 'Wrinkles']",Safe
Pentapeptide,,"A biomimetic (a synthetic ingredient that mimics the processes of a natural ingredient) peptide that contains the amino acids arginine, histidine, phenylalanine and valine.","On the skin, it has been shown to reduce signs of sensitisation, including visibly reducing redness.","[' ', 'Elasticity', ' ', 'Fine Lines', ' ', 'Pregnancy', ' ', 'Wrinkles']",Safe
Palmitoyl Tetrapeptide,,"A synthetic peptide composed of the amino acids glutamine, glycine, arginine, and proline.",It works as a skin-restoring ingredient and is noted for its soothing ability since it can interrupt factors within skin that lead to signs of irritation (including from exposure to UVB light) and loss of firmness.,"[' ', 'Elasticity', ' ', 'Fine Lines', ' ', 'Pregnancy', ' ', 'Wrinkles']",Safe
Parachlorella Beijerinckii Exopolysaccharides,,An ingredient used in skincare as an effective in anti-aging and a skin tone evening ingredient,"It promotes elasticity in the skin, and cell regeneration. It hydrates the skin and is a great antioxidant to protect against free radicals and pollutants.","[' ', 'Dry and dehydrated skin', ' ', 'Fine Lines', ' ', 'Pregnancy', ' ', 'Wrinkles']",Safe
Retinyl Retinoate,,"An ester of retinol and retinoic acid, designed to improve stability, potency, and skin tolerability. Compared to retinol, it is significantly more effective with faster results, but with comparable side effects.","This ingredient is an antioxidant that stimulates collagen production, treating fine lines, wrinkles and a reduction of elasticity in the skin which can naturally come with aging.  It exfoliates the skin, unclogging  pores, helping treat acne and blemishes and improving the overall appearance of the skin making it smooth and supple.","[' ', 'Acne', ' ', 'Blackheads', ' ', 'Elasticity', ' ', 'Enlarged Pores', ' ', 'Fine Lines', ' ', 'Pigmentation', ' ', 'Radiance', ' ', 'Texture', ' ', 'Wrinkles']",Safe
Palmitoyl Tripeptide,,A synthetic fatty acid-linked peptide that can help repair visible skin damage and strengthen skin’s underlying supportive elements.,Helps strengthen skin’s underlying supportive elements. Backed by research for minimizing the appearance of wrinkles.,"[' ', 'Elasticity', ' ', 'Fine Lines', ' ', 'Pregnancy', ' ', 'Wrinkles']",Safe
Neurophroline,,"Neurophroline is a patented cosmetic ingredient derived from the wild indigo plant (Tephrosia purpurea). It is known for its soothing and anti-stress properties, particularly for the skin.","Neurophroline offers benefits such as:
- Reduces the appearance of stress-induced skin aging, such as fine lines and wrinkles caused by daily stressors.
- Helps soothe and calm irritated or sensitive skin, improving skin comfort and reducing redness.
- Assists in restoring the skin's natural balance and resilience, enhancing its ability to cope with environmental stressors.
- Promotes a more radiant and rejuvenated complexion by combating the visible signs of stress.","[' ', 'Acne', ' ', 'Dry and dehydrated skin', ' ', 'Redness', ' ', 'Radiance', ' ', 'Texture']",Safe
Retinyl Propionate,,"An ester of retinol and propionic acid, designed to improve stability and skin tolerability compared to retinol. It is the most effective of the retinoid esters, except retinyl retinoate.","This ingredient is an antioxidant that stimulates collagen production, treating fine lines, wrinkles and a reduction of elasticity in the skin which can naturally come with aging.  It exfoliates the skin, unclogging  pores, and improving the overall appearance of the skin making it smooth and supple.","[' ', 'Elasticity', ' ', 'Enlarged Pores', ' ', 'Fine Lines', ' ', 'Pigmentation', ' ', 'Radiance', ' ', 'Texture', ' ', 'Wrinkles']",Safe
Retinyl Palmitate,,"An ester of retinol and palmitic acid, made to be more gentle and less irritating than retinol. It is, however, significantly less effective than retinol, and doesn't have as many therapeutic effects as other retinoid esters (like retinyl propionate)!","This ingredient is an antioxidant that stimulates collagen production, treating fine lines.","[' ', 'Fine Lines']",Safe
Retinol,,"One of the most well researched and versatile cosmetic ingredients available, retinol is a powerhouse ingredient that is effective at smoothing, firming, brightening and evening out the skin.","This ingredient is an antioxidant that stimulates collagen production, treating fine lines, wrinkles and a reduction of elasticity in the skin which can naturally come with aging.  It exfoliates the skin, unclogging  pores, helping treat acne and blemishes and improving the overall appearance of the skin making it smooth and supple.","[' ', 'Acne', ' ', 'Blackheads', ' ', 'Elasticity', ' ', 'Enlarged Pores', ' ', 'Fine Lines', ' ', 'Pigmentation', ' ', 'Radiance', ' ', 'Texture', ' ', 'Wrinkles']",Safe
Resveratrol,,"Resveratrol is a natural polyphenolic compound found in various plants, particularly in the skin of grapes, red wine, and certain berries. In skincare, resveratrol is known for its potent antioxidant and anti-aging properties.","Resveratrol offers benefits such as:
- Provides antioxidant protection, helping to neutralize free radicals and prevent premature aging of the skin.
- Assists in reducing the appearance of fine lines and wrinkles, contributing to a smoother and more youthful complexion.
- Can help improve skin firmness and elasticity, promoting a more resilient and lifted appearance.
- May soothe and calm irritated skin, contributing to a more comfortable and balanced complexion.","[' ', 'Elasticity', ' ', 'Fine Lines', ' ', 'Pregnancy', ' ', 'Wrinkles']",Safe
Red Algae,,"Red algae are marine plant organisms that are rich in nutrients and minerals. In skincare, red algae extracts are used for their potential hydrating, antioxidant, and soothing properties.","Red algae offers benefits such as:
- Provides excellent hydration to the skin, helping to improve moisture retention and skin barrier function.
- Contains antioxidants that protect the skin from free radical damage, contributing to overall skin health.
- Assists in soothing and calming irritated or sensitive skin, reducing redness and promoting a more comfortable complexion.
- Can enhance the appearance of skin firmness and elasticity, contributing to a more youthful look.","[' ', 'Dry and dehydrated skin', ' ', 'Impaired skin barrier', ' ', 'Pregnancy', ' ', 'Texture']",Safe
Quercetin,,"Quercetin is a flavonoid, a type of plant-derived compound, that is used in skincare products for its antioxidant and anti-inflammatory properties.","Quercetin offers benefits such as:
- Provides antioxidant protection, helping to prevent premature aging and maintain skin health.
- Reduces inflammation and calms irritated skin, making it beneficial for individuals with sensitive or reactive skin.
- Supports collagen production, contributing to improved skin elasticity and firmness.
- Helps brighten the skin and improve the appearance of uneven skin tone.","[' ', 'Dry and dehydrated skin', ' ', 'Impaired skin barrier', ' ', 'Pregnancy', ' ', 'Texture']",Safe
Pseudoalteromonas Exopolysaccharides,,"It is rich in the same monosaccharide, called glucuronic acid, as Hyaluronic Acid, and has a similar effect on the skin.",Helps to moisturise the skin with some benefits including the treatment of wrinkles and fine lines.,"[' ', 'Dry and dehydrated skin', ' ', 'Fine Lines', ' ', 'Pregnancy', ' ', 'Wrinkles']",Safe
Proline,,Proline is an amino-acid that our body can naturally produce and also one of the major building blocks of collagen.,"Helps to maintain firm, youthful skin through promoting collagen production and moisturising the skin.","[' ', 'Dry and dehydrated skin', ' ', 'Elasticity', ' ', 'Fine Lines', ' ', 'Pregnancy', ' ', 'Texture', ' ', 'Wrinkles']",Safe
Potassium Azeloyl Diglycinate,,"Potassium Azeloyl Diglycinate is a multifunctional skincare ingredient derived from azelaic acid and glycine. It is used in cosmetics for its potential brightening, sebum-regulating, and skin-soothing properties.","PAD offers benefits such as:
- Helps regulate sebum production, making it beneficial for oily and acne-prone skin.
- Brightens the skin and promotes a more even complexion by inhibiting the production of melanin.
- Assists in reducing the appearance of dark spots and hyperpigmentation, improving skin tone.
- Has skin-soothing properties, helping to calm and alleviate skin redness and irritation.","[' ', 'Acne', ' ', 'Blackheads', ' ', 'Enlarged Pores', ' ', 'Pigmentation', ' ', 'Post Blemish Marks', ' ', 'Redness', ' ', 'Radiance', ' ', 'Pregnancy']",Safe
Probiotics,,"Probiotics are live beneficial microorganisms that provide various health benefits when applied to the skin. In skincare products, probiotics are used to support the skin's microbiome and promote overall skin health.","Probiotics offer benefits such as:
- Help maintain a balanced and healthy skin microbiome by supporting the growth of beneficial bacteria.
- Strengthen the skin's natural defense against harmful bacteria, reducing the risk of skin issues like acne and inflammation.
- Enhance the skin's barrier function, improving its resilience and protection against environmental stressors.
- Have soothing properties, helping to calm and alleviate skin irritation and redness.","[' ', 'Acne', ' ', 'Blackheads', ' ', 'Redness', ' ', 'Pregnancy']",Safe
Prickly Pear Extract,,"Prickly Pear Extract is derived from the fruit of the prickly pear cactus (Opuntia ficus-indica). In skincare, it is used for its potential hydrating, antioxidant, and skin-soothing properties.","Prickly pear extract offers benefits such as:
- Provides deep hydration to the skin, helping to retain moisture and improve skin barrier function.
- Contains antioxidants that neutralize free radicals, protecting the skin from environmental damage and premature aging.
- Assists in soothing and calming irritated or sensitive skin, reducing redness and promoting skin comfort.","[' ', 'Redness', ' ', 'Pregnancy']",Safe
Snow Mushroom Extract,,"This botanical extract is very high in polysaccharides, giving it great humectant qualities. It also has anti-inflammatory properties and some research shows this to have collagen-boosting properties.","Snow mushroom extract offers benefits such as:
- Provides intense hydration to the skin, helping to improve moisture retention and promote a plumper and more supple complexion.
- Has film-forming properties, creating a protective barrier on the skin's surface to prevent moisture loss and maintain skin hydration.
- Can help soothe and calm irritated or sensitive skin, making it beneficial for individuals with dry or reactive skin.
- Supports overall skin health and radiance, contributing to a smoother and more luminous complexion.","[' ', 'Dry and dehydrated skin', ' ', 'Fine Lines', ' ', 'Redness', ' ', 'Pregnancy', ' ', 'Texture']",Safe
Prebiotics,,"Prebiotics are a type of non-digestible dietary fiber used in skincare products to support the skin's microbiome, which consists of beneficial bacteria that contribute to skin health.","Prebiotics offer benefits such as:
- Help maintain a balanced and healthy skin microbiome by promoting the growth of beneficial bacteria.
- Support the skin's natural defenses against harmful microorganisms, contributing to overall skin health.
- Enhance the skin's barrier function, reducing moisture loss and improving hydration.
- Can have a calming effect on the skin, helping to soothe and alleviate inflammation and irritation.","[' ', 'Acne', ' ', 'Blackheads', ' ', 'Redness', ' ', 'Pregnancy']",Safe
Shea Butter,,"Shea Butter is a natural fat extracted from the nuts of the shea tree (Vitellaria paradoxa). In skincare, it is used for its intensely moisturizing, emollient, and skin-nourishing properties.","Shea butter offers benefits such as:
- Provides deep and long-lasting moisture to the skin, helping to improve skin hydration and maintain a soft and supple complexion.
- Acts as an effective emollient, forming a protective barrier on the skin's surface to prevent moisture loss and promote a smooth and silky feel.
- Nourishes and soothes the skin, making it beneficial for individuals with dry, sensitive, or irritated skin.","[' ', 'Dry and dehydrated skin', ' ', 'Impaired skin barrier', ' ', 'Radiance', ' ', 'Pregnancy', ' ', 'Texture']",Safe
Sesame Seed Oil,,"Sesame oil is derived from the sesame seed, and is rich in omega 6 and vitamin E. It helps to support the skin's natural lipid barrier, keeping skin moisturised and preventing excess water loss.","Sesame oil offers benefits such as:
- Provides deep moisturization to the skin, helping to improve skin hydration and maintain a soft and supple complexion.
- Offers antioxidant protection, helping to neutralize free radicals and defend the skin from environmental stressors.
- Nourishes the skin with essential nutrients, promoting overall skin health and radiance.
- Can help soothe and calm irritated or inflamed skin, making it beneficial for individuals with sensitive or dry skin.","[' ', 'Dry and dehydrated skin', ' ', 'Pregnancy']",Safe
Silk Protein,,Silk protein is used in skincare to add hydration to the skin. It also contains antioxidants which offer protection against free radicals.,"Silk protein offers benefits such as:
- Provides moisture to the skin, helping to improve hydration and maintain a soft and smooth complexion.
- Acts as a film-forming agent, creating a protective barrier on the skin's surface to help lock in moisture and leave the skin feeling silky and smooth.
- Can help improve the appearance of skin texture, promoting a more refined and even complexion.","[' ', 'Dry and dehydrated skin', ' ', 'Pregnancy']",Safe
Sh-Oligopeptide,,A synthetic bio-active peptide composed of 15 amino acids.,"Additional research shows oligopeptide can have a positive impact on sensitive skin, helping target and improve factors that lead to visible redness.","[' ', 'Elasticity', ' ', 'Fine Lines', ' ', 'Pregnancy', ' ', 'Wrinkles']",Safe
Serine,,Serine is produced in the body making this amino-acid a nonessential amino acid.,Helps support the skin barrier and protect against external aggressors. It's great for Dehydrated skin and helping to skin feel smooth and supple.,"[' ', 'Dry and dehydrated skin', ' ', 'Pregnancy', ' ', 'Texture']",Safe
Sea Buckthorn Water,,"Sea Buckthorn Water is derived from the sea buckthorn plant (Hippophae rhamnoides). In skincare, it is used for its potential hydrating, antioxidant, and skin-nourishing properties.","Sea buckthorn water offers benefits such as:
- Provides lightweight hydration to the skin, helping to improve moisture retention and maintain skin suppleness.
- Offers antioxidant protection, helping to neutralize free radicals and defend the skin from environmental stressors.
- Nourishes the skin with essential vitamins, promoting a healthy and radiant complexion.","[' ', 'Radiance', ' ', 'Pregnancy']",Safe
Saskatoon Berry,,"Saskatoon berries are small, purple berries, rich in vitamins, minerals and antioxidants to protect from free radical damage.","Saskatoon berry offers benefits such as:
- Provides antioxidant protection, helping to neutralize free radicals and defend the skin from environmental stressors.
- Nourishes the skin with essential vitamins and nutrients, promoting a healthy and radiant complexion.
- Can help improve the appearance of skin tone and texture, contributing to a smoother and more even skin surface.","[' ', 'Pregnancy']",Safe
Salicylic Acid,,"Salicylic Acid is a beta hydroxy acid (BHA) derived from willow bark or synthesized in the laboratory. In skincare, it is used for its exfoliating, antibacterial, anti-inflammatory and acne-fighting properties.","Salicylic acid offers benefits such as:
- Exfoliates the skin's surface, promoting the removal of dead skin cells and debris, resulting in a smoother and more even complexion.
- Penetrates deep into pores, helping to unclog and dissolve sebum and debris, making it effective for addressing and preventing acne.
- Can help reduce the appearance of blackheads and whiteheads.
- May have anti-inflammatory properties, contributing to the reduction of redness and swelling associated with acne.","[' ', 'Acne', ' ', 'Blackheads', ' ', 'Enlarged Pores', ' ', 'Oily', ' ', 'Pigmentation', ' ', 'Post Blemish Marks', ' ', 'Redness', ' ', 'Radiance']",Safe
Rosemary Leaf Extract,,"A potent plant antioxidant, which is also thought to have anti-inflammatory and antibacterial properties.","Rosemary leaf extract offers benefits such as:
- Provides antioxidant protection, helping to neutralize free radicals and defend the skin against environmental stressors.
- Assists in reducing skin inflammation, making it beneficial for individuals with sensitive or irritated skin.
- Has soothing properties, helping to calm redness and promote skin comfort.","[' ', 'Redness', ' ', 'Pregnancy']",Safe
Safflower Seed Oil,,"Natural oil rich in linoleic acid, an essential fatty acid, which cannot be produced naturally by the body and which helps support the lipid barrier of the skin, minimising water loss to keep skin soft, smooth and moisturised.","Safflower seed oil offers benefits such as:
- Provides lightweight and non-greasy moisture to the skin, helping to improve hydration and maintain skin barrier function.
- Has soothing properties, making it beneficial for individuals with dry, sensitive, or irritated skin.
- Helps nourish and protect the skin, promoting a smoother and more supple complexion.","[' ', 'Dry and dehydrated skin', ' ', 'Impaired skin barrier', ' ', 'Pregnancy', ' ', 'Texture']",Safe
Saccharomyces Cerevisiae (Yeast) Extract,,"Prebiotics are a type of non-digestible dietary fiber used in skincare products to support the skin's microbiome, which consists of beneficial bacteria that contribute to skin health.","Prebiotics offer benefits such as:
- Help maintain a balanced and healthy skin microbiome by promoting the growth of beneficial bacteria.
- Support the skin's natural defenses against harmful microorganisms, contributing to overall skin health.
- Enhance the skin's barrier function, reducing moisture loss and improving hydration.
- Can have a calming effect on the skin, helping to soothe and alleviate inflammation and irritation.","[' ', 'Acne', ' ', 'Blackheads', ' ', 'Redness', ' ', 'Pregnancy']",Safe
Sacred Lotus Flower Extract,,"
Sacred lotus flower extract offers multi-functional benefits, addressing pigmentation and wrinkles. It inhibits tyrosinase, reducing dark spots, while also slowing elastin degradation, promoting skin firmness.","Sacred lotus flower extract offers benefits such as:
- Provides deep hydration to the skin, helping to improve moisture retention and maintain skin suppleness.
- Offers antioxidant protection, helping to neutralize free radicals and defend the skin from environmental stressors.
- Assists in reducing the appearance of fine lines and wrinkles, contributing to a plumper, smoother and more youthful complexion.
- Can help reduce the appearance of dark spots and promote a more even complexion.","[' ', 'Elasticity', ' ', 'Fine Lines', ' ', 'Pigmentation', ' ', 'Wrinkles']",Safe
Tasmanian Pepperberry Extract,,"Tasmanian Pepperberry Extract, also known as Tasmanian Pepper or Tasmannia lanceolata extract, is derived from the berries of the Tasmanian Pepper tree native to Australia. In skincare, it is used for its potential soothing, antioxidant, and anti-inflammatory properties.","Tasmanian pepperberry extract offers benefits such as:
- Provides soothing properties, making it beneficial for individuals with sensitive or irritated skin.
- Acts as a potent antioxidant, helping to neutralize free radicals and protect the skin from environmental stressors.
- Can help reduce skin redness and inflammation, contributing to a calmer and more balanced complexion.","[' ', 'Redness', ' ', 'Pregnancy']",Safe
Tartaric Acid,,"Tartaric Acid is a natural organic acid found in various fruits, particularly in grapes, tamarind, and bananas. In skincare, it is used for its potential exfoliating and brightening properties.","Tartaric acid offers benefits such as:
- Acts as an exfoliant, helping to remove dead skin cells and promote skin cell turnover, resulting in a smoother and more even complexion.
- Can help improve the appearance of dark spots, hyperpigmentation, and dull skin, contributing to a brighter and more radiant complexion.
- Assists in enhancing the absorption of other skincare ingredients, making it beneficial for improving the effectiveness of other products in your skincare routine.
- Supports overall skin health by promoting a refreshed and rejuvenated appearance.","[' ', 'Acne', ' ', 'Blackheads', ' ', 'Enlarged Pores', ' ', 'Radiance', ' ', 'Pregnancy']",Safe
Rhamnose,,"Prebiotics are a type of non-digestible dietary fiber used in skincare products to support the skin's microbiome, which consists of beneficial bacteria that contribute to skin health.","Prebiotics offer benefits such as:
- Help maintain a balanced and healthy skin microbiome by promoting the growth of beneficial bacteria.
- Support the skin's natural defenses against harmful microorganisms, contributing to overall skin health.
- Enhance the skin's barrier function, reducing moisture loss and improving hydration.
- Can have a calming effect on the skin, helping to soothe and alleviate inflammation and irritation.","[' ', 'Acne', ' ', 'Blackheads', ' ', 'Redness', ' ', 'Pregnancy']",Safe
Sweet Almond Oil,,"Sweet Almond Oil is a natural oil derived from the kernels of sweet almonds (Prunus dulcis). In skincare, it is used for its potential moisturizing, nourishing, and skin-soothing properties.","Sweet almond oil offers benefits such as:
- Provides lightweight and non-greasy moisture to the skin, helping to improve skin hydration and maintain a soft and supple complexion.
- Acts as an emollient, forming a protective barrier on the skin's surface to prevent moisture loss and promote a smooth and silky feel.
- Can help soothe and calm irritated or sensitive skin, making it beneficial for individuals with dry or reactive skin.
- Assists in improving skin texture and promoting a more even and radiant complexion.","[' ', 'Dry and dehydrated skin', ' ', 'Pregnancy', ' ', 'Texture']",Safe
Symsitive,,"Symsitive™ is a biomimetic peptide, meaning it mimics the natural peptides found in the skin. It is designed to calm the skin's nerve fibers and receptors, reducing the skin's sensitivity and discomfort.","Symsitive offers benefits such as:
- Provides instant relief to sensitive skin, helping to reduce skin reactions and discomfort caused by external factors.
- Calms the skin's sensory receptors, making it beneficial for individuals with reactive or easily irritated skin.
- Can help improve the skin's tolerance to environmental stressors, such as temperature changes and pollution.
- Supports overall skin health and well-being, contributing to a more comfortable and balanced complexion.","[' ', 'Redness', ' ', 'Pregnancy']",Safe
Sugar Cane Extract,,"Sugarcane Extract is derived from the sugarcane plant (Saccharum officinarum). In skincare, it is used for its potential exfoliating, moisturizing, and brightening properties.","Sugarcane extract offers benefits such as:
- Acts as an exfoliant, helping to remove dead skin cells and unclog pores, resulting in a smoother and more even complexion.
- Provides gentle and effective exfoliation, making it suitable for individuals with sensitive skin.
- Offers moisturizing properties, helping to improve skin hydration and maintain a soft and supple complexion.
- Can help improve the appearance of skin tone and texture, contributing to a brighter and more radiant complexion.","[' ', 'Acne', ' ', 'Blackheads', ' ', 'Enlarged Pores', ' ', 'Radiance', ' ', 'Texture']",Safe
Superoxide Dismutase,,"Superoxide Dismutase is an enzyme that helps protect the skin from damage caused by free radicals, which are unstable molecules that can lead to premature aging and other skin concerns. In skincare, it is used for its potential antioxidant and anti-aging properties.","Superoxide dismutase offers benefits such as:
- Provides antioxidant protection, helping to neutralize free radicals and defend the skin from environmental stressors, such as UV rays and pollution.
- Supports the skin's natural defense mechanisms, helping to prevent and reduce signs of aging, such as fine lines and wrinkles.
- Can help soothe and calm irritated skin, making it beneficial for individuals with sensitive or reactive skin.
- Assists in promoting a more youthful and radiant complexion by combating oxidative stress and promoting overall skin health.","[' ', 'Pregnancy']",Safe
Sunflower Oil,,"Sunflower Oil is a vegetable oil derived from sunflower seeds (Helianthus annuus). In skincare, it is used for its potential moisturizing, nourishing, and skin-soothing properties.","Sunflower oil offers benefits such as:
- Provides lightweight and non-greasy moisture to the skin, helping to improve skin hydration and maintain a soft and supple complexion.
- Offers emollient properties, creating a protective barrier on the skin's surface to prevent moisture loss and promote a smooth and silky feel.
- Can help soothe and calm irritated or sensitive skin, making it beneficial for individuals with dry or reactive skin.
- Assists in improving skin texture and promoting a more even and radiant complexion.","[' ', 'Dry and dehydrated skin', ' ', 'Impaired skin barrier', ' ', 'Pregnancy', ' ', 'Texture']",Safe
Spent Grain Wax,,Spent grain wax is a natural ingredient which can help to reduce signs of irritation in the skin.,"Spent grain wax offers benefits such as:
- Acts as an effective emollient, forming a protective barrier on the skin's surface to lock in moisture and promote a smooth and soft feel.
- Provides long-lasting hydration to the skin, helping to improve skin moisture retention and maintain a well-hydrated complexion.
- Can help condition the skin, making it beneficial for individuals with dry or rough skin.
- Assists in improving skin texture and promoting a more supple and comfortable feel.","[' ', 'Dry and dehydrated skin', ' ', 'Redness', ' ', 'Pregnancy']",Safe
Sulfur,,"Sulfur is a naturally occurring element found in the Earth's crust and is commonly used in skincare for its potential anti-inflammatory, and antimicrobial properties.","Sulfur offers benefits such as:
- Exhibits potential anti-inflammatory effects, helping to soothe and calm skin conditions such as acne and rosacea.
- Possesses antimicrobial properties, assisting in fighting bacteria and fungi on the skin's surface.
- May regulate excess oil production, making it beneficial for individuals with oily or acne-prone skin.","[' ', 'Acne', ' ', 'Blackheads', ' ', 'Pregnancy']",Safe
Squalane,,"Squalane is a stable and lightweight form of squalene, a natural compound found in the skin's sebum. In skincare, it is used for its potential moisturizing, emollient, and skin-balancing properties.","Squalane offers benefits such as:
- Acts as a highly effective emollient, providing immediate and long-lasting hydration to the skin, helping to improve moisture retention and maintain a soft and supple complexion.
- Forms a protective barrier on the skin's surface, preventing moisture loss and protecting the skin from environmental stressors.
- Can help balance oil production, making it beneficial for individuals with oily or acne-prone skin.","[' ', 'Dry and dehydrated skin', ' ', 'Impaired skin barrier', ' ', 'Radiance', ' ', 'Pregnancy', ' ', 'Texture']",Safe
Urea,,"Urea is a humectant, which means it has the ability to attract and retain moisture, helping to keep the skin hydrated. In skincare products, it is often used as a synthetic ingredient for its potential moisturizing and exfoliating properties.","Urea offers benefits such as:
- Acts as an effective moisturizer, helping to hydrate and soften the skin by attracting and retaining water.
- Assists in exfoliation, as it can help to loosen and slough off dead skin cells, promoting a smoother and more refined skin texture.
- Can improve the overall barrier function of the skin, supporting a stronger and healthier skin barrier.
- Helps to alleviate dry and rough skin conditions, making it beneficial for individuals with dry or dehydrated skin.","[' ', 'Dry and dehydrated skin', ' ', 'Radiance', ' ', 'Pregnancy', ' ', 'Texture']",Safe
Sodium Lactate,,"Natural Moisturizing Factors (NMFs) are a group of naturally occurring substances found in the skin's outermost layer, the stratum corneum. They play a crucial role in maintaining the skin's hydration and barrier function.","NMFs offer benefits such as:
- Provide essential hydration to the skin, attracting and retaining moisture from the environment.
- Help maintain the skin's barrier function, preventing excessive water loss and protecting against external irritants.
- Contribute to the suppleness and smoothness of the skin's surface.
- Play a vital role in the overall health and appearance of the skin.","[' ', 'Dry and dehydrated skin', ' ', 'Pregnancy', ' ', 'Texture']",Safe
Turmeric Root Extract,,"Turmeric Root Extract is a natural extract derived from the rhizomes of the turmeric plant (Curcuma longa). In skincare, it is used for its potential anti-inflammatory, antioxidant, and brightening properties.","Turmeric root extract offers benefits such as:
- Acts as a potent antioxidant, helping to neutralize free radicals and protect the skin from environmental stressors that can lead to premature aging.
- Can help soothe and calm irritated or inflamed skin, making it beneficial for individuals with sensitive or reactive skin.
- Assists in brightening the skin, promoting a more even and radiant complexion.
- Can improve the overall appearance of skin texture, making it beneficial for individuals with concerns about skin roughness or uneven tone.","[' ', 'Redness', ' ', 'Pregnancy']",Safe
Valine,,"An essential amino acid (a building block of skin proteins like collagen) that our body cannot produce itself but has to take from external sources, like diet. ",Helps support the skin barrier and protect against external aggressors. It's great for Dehydrated skin and helping to skin feel smooth and supple.,"[' ', 'Dry and dehydrated skin', ' ', 'Pregnancy', ' ', 'Texture']",Safe
Trehalose,,"Natural Moisturizing Factors (NMFs) are a group of naturally occurring substances found in the skin's outermost layer, the stratum corneum. They play a crucial role in maintaining the skin's hydration and barrier function.","NMFs offer benefits such as:
- Provide essential hydration to the skin, attracting and retaining moisture from the environment.
- Help maintain the skin's barrier function, preventing excessive water loss and protecting against external irritants.
- Contribute to the suppleness and smoothness of the skin's surface.
- Play a vital role in the overall health and appearance of the skin.","[' ', 'Dry and dehydrated skin', ' ', 'Pregnancy', ' ', 'Texture']",Safe
Tripleurospermum Maritimum Extract,,"It is used in skincare for its anti-inflammatory and soothing properties reducing irritation, itching, and redness of sensitive skin. It is suitable for the face and sensitive eye area.",Helps to moisturise the skin with some benefits including the treatment of wrinkles and fine lines.,"[' ', 'Dry and dehydrated skin', ' ', 'Fine Lines', ' ', 'Pregnancy', ' ', 'Wrinkles']",Safe
Triazine Diethyl Butamidotriazone,,"Triazine diethyl butamidotriazone is a synthetic sunscreen agent which supports SPF protection in sun care formulations due to its ability to absorb UVB and some UVA rays (with peak absorption seen at 310nm). It is oil soluble, highly photo stable and requires relatively low concentrations to achieve high SPF values. It's particularly suitable for water-repellent and water-resistant formulations.","As with other synthetic UV filters, it works by absorbing UV light in the outer layers of the epidermis, then converting it into heat (to neutralise the energy which can lead to cell damage), and scattering it away from the body.","[' ', 'UV Protection']",Safe
Thiamidol,,Thiamidol is a synthetic cosmetic ingredient known for its skin-brightening and pigment-reducing properties. It is used in skincare products to target and reduce the appearance of dark spots and hyperpigmentation.,"Thiamidol offers benefits such as:
- Targets and inhibits melanin production in the skin, helping to reduce the appearance of dark spots and hyperpigmentation.
- Assists in preventing the formation of new dark spots, making it beneficial for individuals with concerns about sun damage and uneven skin tone.
- Can improve the overall clarity and brightness of the skin, promoting a more even and radiant complexion.
- Supports a more uniform and balanced skin tone, contributing to a youthful and healthy-looking appearance.","[' ', 'Pigmentation', ' ', 'Post Blemish Marks', ' ', 'Pregnancy']",Safe
Tranexamic Acid,,"Tranexamic Acid is a synthetic derivative of the amino acid lysine. In skincare, it is used to address hyperpigmentation and skin discoloration.","Tranexamic acid offers benefits such as:
- Targets and inhibits excess melanin production in the skin, making it effective in reducing the appearance of dark spots and hyperpigmentation.
- Can help improve the overall evenness and clarity of the skin, promoting a more uniform complexion.
- Assists in preventing the formation of new dark spots, making it beneficial for individuals with concerns about sun-induced discolorations or post-inflammatory hyperpigmentation.
- Supports a more balanced and radiant skin tone, contributing to a youthful and healthy-looking appearance.","[' ', 'Pigmentation', ' ', 'Post Blemish Marks', ' ', 'Radiance', ' ', 'Pregnancy']",Safe
Tomato Stem Cells,,"Tomato Stem Cells are a specialized cosmetic ingredient derived from the stem cells of tomatoes (Solanum lycopersicum). In skincare, they are used for their potential antioxidant, anti-aging, and protective properties.","Tomato stem cells offer benefits such as:
- Provides antioxidant protection, helping to neutralize free radicals and defend the skin from environmental stressors that can lead to premature aging.
- Supports the skin's natural repair processes, contributing to a more resilient and rejuvenated complexion.
- Can help improve the overall firmness and elasticity of the skin, promoting a more youthful and toned appearance.
- Assists in protecting the skin from oxidative stress and damage caused by UV rays and pollution.","[' ', 'Elasticity', ' ', 'Fine Lines', ' ', 'Pregnancy', ' ', 'Wrinkles']",Safe
Teprenone,,"Teprenone, also known as geranylgeranylacetone, is a synthetic compound used in skincare for its potential anti-aging and skin-protective properties.","Teprenone offers benefits such as:
- Supports the skin's natural defense mechanisms against environmental stressors, such as UV rays and pollution.
- Can help improve the skin's moisture retention and barrier function, promoting a well-hydrated and healthier-looking complexion.
- May help improve the overall texture and firmness of the skin, supporting a smoother and more supple complexion.","[' ', 'Enlarged Pores', ' ', 'Impaired skin barrier', ' ', 'Pigmentation', ' ', 'Redness', ' ', 'Pregnancy', ' ', 'Texture']",Safe
Threonine,,An essential amino acid that's also a key building block of collagen and elastin,Helps support the skin barrier and protect against external aggressors. It's great for Dehydrated skin and helping to skin feel smooth and supple.,"[' ', 'Dry and dehydrated skin', ' ', 'Pregnancy', ' ', 'Texture']",Safe
Zinc Gluconate,,Zinc gluconate is a mild acid produced from zinc and the sugar glucose.,"Zinc salts such as zinc gluconate, zinc PCA and zinc sulphate are used for their anti-inflammatory and sebum regulating properties.","[' ', 'Acne', ' ', 'Blackheads', ' ', 'Enlarged Pores', ' ', 'Redness']",Safe
Tetrahexyldecyl Ascorbate,,Tetrahexyldecyl ascorbate is a derivative of L-ascorbate (also called L-ascorbic acid or ascorbic acid) and has many restorative effects on your skin.,Tetrahexyldecyl ascorbate not only reduces dark marks and skin discolorations but also brightens and evens your facial skin tone.,"[' ', 'Elasticity', ' ', 'Fine Lines', ' ', 'Pigmentation', ' ', 'Radiance', ' ', 'Wrinkles']",Safe
Zinc,,"Zinc is a mineral that plays a crucial role in various bodily functions, including supporting the immune system, promoting wound healing, and maintaining healthy skin. In skincare, zinc salts such as zinc gluconate, zinc PCA and zinc sulphate are used for their anti-inflammatory and sebum regulating properties.","Zinc offers benefits such as:
- Assists in soothing and calming irritated skin: Zinc has anti-inflammatory properties that can help alleviate redness and irritation.
- Supports wound healing: Zinc is involved in the production of collagen, which is essential for skin repair and wound healing.
- Helps regulate sebum production: Zinc gluconate can help control excess oil production, making it beneficial for individuals with oily or acne-prone skin.","[' ', 'Acne', ' ', 'Blackheads', ' ', 'Oily', ' ', 'Redness']",Safe
Yerba Mate Extract,,An antioxidant plant extract which helps to protect the skin from free radical damage.,"Yerba mate extract offers benefits such as:
- Acts as an antioxidant, helping to neutralize free radicals and protect the skin from environmental stressors that can lead to premature aging.
- Assists in soothing and calming the skin, making it beneficial for individuals with sensitive or irritated skin.
- Can help improve the appearance of tired or dull skin, promoting a more vibrant and energized complexion.","[' ', 'Impaired skin barrier']",Safe
Yeast Amino Acids,,"Yeast extract is used in skincare because it is a rich source of proteins, amino acids, B vitamins, sugar, flavonoids, peptides, and fatty acids needed for healthy skin.","Helps to maintain firm, youthful skin through promoting collagen production and moisturising the skin. ","[' ', 'Dry and dehydrated skin']",Safe
Willow Herb Extract,,"Willow Herb Extract is derived from various species of the willow herb plant, particularly Epilobium angustifolium. In skincare, it is used for its potential anti-inflammatory, antioxidant, and skin-soothing properties.","Willow herb extract offers benefits such as:
- Acts as an anti-inflammatory, helping to calm and soothe irritated or sensitive skin, making it beneficial for individuals with skin conditions like redness or rosacea.
- Provides antioxidant benefits, helping to neutralize free radicals and protect the skin from environmental stressors that can lead to premature aging.","[' ', 'Impaired skin barrier']",Safe
Willow Bark Extract,,"Willow Bark Extract is derived from the bark of various species of willow trees, particularly from the white willow tree (Salix alba). In skincare, it is used for its potential exfoliating, anti-inflammatory, and skin-soothing properties.","Willow bark extract offers benefits such as:
- Acts as a gentle exfoliant, helping to remove dead skin cells and unclog pores, making it beneficial for individuals with acne-prone or congested skin.
- Assists in soothing and calming the skin, making it beneficial for individuals with sensitive or irritated skin.
- Can help reduce the appearance of redness and inflammation associated with acne or other skin conditions.
- Supports the skin's natural renewal process, contributing to a smoother and more refined skin texture.","[' ', 'Acne', ' ', 'Blackheads', ' ', 'Enlarged Pores', ' ', 'Oily', ' ', 'Redness', ' ', 'Radiance']",Safe
Wild Cherry Extract,,"Wild Cherry Extract is derived from the fruit or bark of wild cherry trees, particularly from species like Prunus serotina (black cherry) or Prunus avium (sweet cherry). In skincare, it is used for its potential antioxidant and skin-soothing properties.","Wild cherry extract offers benefits such as:
- Acts as an antioxidant, helping to neutralize free radicals and protect the skin from environmental stressors that can lead to premature aging.
- Assists in soothing and calming the skin, making it beneficial for individuals with sensitive or irritated skin.","[' ', 'Impaired skin barrier']",Safe
White Tea,,"White tea extract is derived from the leaves of the Camellia sinensis plant, the same plant that produces green tea and black tea. White tea is harvested at an early stage when the leaves are young and minimally processed, preserving its natural compounds and antioxidant properties.","White tea offers benefits such as:
- Acts as a potent antioxidant, helping to neutralize free radicals and protect the skin from environmental stressors that can lead to premature aging.
- Assists in soothing and calming the skin, making it beneficial for individuals with sensitive or irritated skin.
- Can improve the overall appearance of the skin, promoting a more radiant and rejuvenated complexion.","[' ', 'Redness']",Safe
Vitamin K1,,"Vitamin K1 is a fat-soluble vitamin known for its potential skin benefits, particularly in supporting the skin's healing and reducing the appearance of dark circles.","Vitamin K1 offers benefits such as:
- Supports the skin's natural healing processes, making it beneficial for individuals with post-procedure redness or bruises.
- Can help reduce the appearance of dark circles under the eyes, particularly those caused by blood vessels close to the skin's surface.
- Provides antioxidant benefits, helping to protect the skin from oxidative stress and environmental damage.","[' ', 'Anyone']",Safe
Vitamin E,,"Vitamin E is a fat-soluble antioxidant vitamin that plays a crucial role in protecting the skin from oxidative damage caused by free radicals and environmental stressors. In skincare, it is used for its antioxidant, moisturizing, and skin-nourishing properties.","Vitamin E offers benefits such as:
- Acts as a powerful antioxidant, helping to neutralize free radicals and protect the skin from environmental damage, such as UV rays and pollution.
- Supports the skin's natural repair processes, promoting a healthier and more resilient complexion.
- Assists in maintaining the skin's moisture balance, helping to prevent water loss and keep the skin well-hydrated.
- Can improve skin texture and elasticity, contributing to a smoother and more youthful appearance.","[' ', 'Dry and dehydrated skin', ' ', 'Impaired skin barrier', ' ', 'Redness', ' ', 'Texture']",Safe
Vitamin C,,A potent and multifunctional superstar skincare ingredient with decades of research behind it.,"Vitamin C promotes Collagen synthesis, so can help make the skin firmer. It also helps with hyperpigmentation, dark spots, and uneven skin tone as well as preventing damage from the sun by neutralising free radicals.","[' ', 'Elasticity', ' ', 'Fine Lines', ' ', 'Pigmentation', ' ', 'Radiance', ' ', 'Pregnancy', ' ', 'Wrinkles']",Safe
Vitamin B5,,"Vitamin B5, also known as panthenol, is a water-soluble vitamin that belongs to the B-complex family. In skincare, it is used for its potential hydrating, soothing, and skin-repairing properties.","Vitamin B5 offers benefits such as:
- Acts as an effective humectant, attracting and retaining moisture in the skin, helping to keep it well-hydrated and plump.
- Can improve skin barrier function, supporting a healthier and stronger skin barrier that helps protect against external aggressors.
- Assists in soothing and calming irritated or inflamed skin, making it beneficial for individuals with sensitive or reactive skin.
- Promotes skin repair and regeneration, contributing to a more revitalized and rejuvenated complexion.","[' ', 'Dry and dehydrated skin', ' ', 'Impaired skin barrier', ' ', 'Redness', ' ', 'Radiance', ' ', 'Pregnancy', ' ', 'Texture']",Safe
Vitamin A,,"Vitamin A represents the ingredient class of retinoids, consisting of retinol, retinaldehyde, retinoic acid, and other retinoid esters. It is one of the most well researched and versatile active ingredients in skincare, with decades of research behind it. ","This ingredient is an antioxidant that stimulates collagen production, treating fine lines, wrinkles and a reduction of elasticity in the skin which can naturally come with aging.  It exfoliates the skin, unclogging  pores, helping treat acne and blemishes and improving the overall appearance of the skin making it smooth and supple. ","[' ', 'Acne', ' ', 'Blackheads', ' ', 'Elasticity', ' ', 'Enlarged Pores', ' ', 'Fine Lines', ' ', 'Pigmentation', ' ', 'Radiance', ' ', 'Texture', ' ', 'Wrinkles']",Safe
Vibrio Alginolyticus Ferment Filtrate,,"Vibrio alginolyticus ferment filtrate is a filtrate of the product obtained by the fermentation of a growth media by the microorganism, vibrio alginolyticus",Helps to moisturise the skin with some benefits including the treatment of wrinkles and fine lines.,"[' ', 'Dry and dehydrated skin', ' ', 'Fine Lines', ' ', 'Pregnancy', ' ', 'Wrinkles']",Safe
Tea Tree Oil,,"Tea Tree Oil, also known as melaleuca oil, is a natural essential oil derived from the leaves of the tea tree plant (Melaleuca alternifolia). In skincare, it is used for its potential antibacterial, antifungal, and anti-inflammatory properties.","Tea tree oil offers benefits such as:
- Acts as a natural antibacterial agent, helping to combat acne-causing bacteria and prevent breakouts.
- Can help soothe and calm irritated or inflamed skin, making it beneficial for individuals with acne-prone or sensitive skin.
- Provides antifungal properties, which can be useful in addressing certain fungal skin infections.
- Assists in reducing redness and swelling associated with skin conditions, such as acne and minor skin irritations.","[' ', 'Blackheads', ' ', 'Redness', ' ', 'Pregnancy']",Safe
Zinc Sulfate,,An antibacterial ingredient used in skincare.,"Zinc salts such as zinc gluconate, zinc PCA and zinc sulphate are used for their anti-inflammatory and sebum regulating properties.","[' ', 'Anyone']",Safe
Zinc PCA,,"Zinc PCA is known to regulate sebum production, as well as inhibit the growth of the C. Acnes bacteria to improve acne symptoms.","Zinc salts such as zinc gluconate, zinc PCA and zinc sulphate are used for their anti-inflammatory and sebum regulating properties.","[' ', 'Acne', ' ', 'Blackheads', ' ', 'Enlarged Pores', ' ', 'Fine Lines', ' ', 'Redness']",Safe
Neoglucosamine,,"Neoglucosamine is a patented skincare ingredient derived from glucose, a simple sugar. It is chemically similar to glucosamine, a compound naturally found in the body.","Neoglucosamine offers benefits such as:
- Supports the skin's natural production of hyaluronic acid, contributing to increased hydration and improved skin elasticity.
- Enhances the overall skin barrier function, promoting a healthier and smoother complexion.","[' ', 'Blackheads', ' ', 'Elasticity', ' ', 'Enlarged Pores', ' ', 'Fine Lines', ' ', 'Pigmentation', ' ', 'Post Blemish Marks', ' ', 'Radiance', ' ', 'Pregnancy', ' ', 'Wrinkles']",Safe
Taurine,,"Taurine is an amino acid that’s naturally produced by your body and found in your brain, eyes, heart and muscles.",Helps support the skin barrier and protect against external aggressors. It's great for Dehydrated skin and helping to skin feel smooth and supple.,"[' ', 'Dry and dehydrated skin', ' ', 'Radiance', ' ', 'Pregnancy', ' ', 'Texture']",Safe
Sodium Ascorbyl Phosphate,,"A gentle, water soluble form of Vitamin C. ","Sodium ascorbyl phosphate helps brighten the skin, even tone, increases collagen products, fights free radicals, and has antimicrobial benefits.","[' ', 'Acne', ' ', 'Blackheads', ' ', 'Fine Lines', ' ', 'Pigmentation', ' ', 'Radiance']",Safe
